[2025-11-29 21:04:00,905] INFO django.server /Users/NETPHIX_DEV/Desktop/crypto-trading-broker/.venv/lib/python3.13/site-packages/django/core/servers/basehttp.py:213 - "POST /api/v1/cron/execute-orders/?token=5Pm-SoiK_WTo2hU1sfsprv4qaUTqp_s0rdbdag45k9M= HTTP/1.1" 200 168
[2025-11-29 21:04:11,842] INFO django.server /Users/NETPHIX_DEV/Desktop/crypto-trading-broker/.venv/lib/python3.13/site-packages/django/core/servers/basehttp.py:213 - "POST /api/v1/cron/update-positions/?token=5Pm-SoiK_WTo2hU1sfsprv4qaUTqp_s0rdbdag45k9M= HTTP/1.1" 200 367
[2025-11-29 21:05:00,814] INFO django.server /Users/NETPHIX_DEV/Desktop/crypto-trading-broker/.venv/lib/python3.13/site-packages/django/core/servers/basehttp.py:213 - "POST /api/v1/cron/execute-orders/?token=5Pm-SoiK_WTo2hU1sfsprv4qaUTqp_s0rdbdag45k9M= HTTP/1.1" 200 168
[2025-11-29 21:05:01,531] INFO django.server /Users/NETPHIX_DEV/Desktop/crypto-trading-broker/.venv/lib/python3.13/site-packages/django/core/servers/basehttp.py:213 - "POST /api/v1/cron/process-investments/?token=5Pm-SoiK_WTo2hU1sfsprv4qaUTqp_s0rdbdag45k9M= HTTP/1.1" 200 154
[2025-11-29 21:05:01,535] INFO django.server /Users/NETPHIX_DEV/Desktop/crypto-trading-broker/.venv/lib/python3.13/site-packages/django/core/servers/basehttp.py:213 - "POST /api/v1/cron/expire-orders/?token=5Pm-SoiK_WTo2hU1sfsprv4qaUTqp_s0rdbdag45k9M= HTTP/1.1" 200 131
[2025-11-29 21:05:06,077] INFO django.server /Users/NETPHIX_DEV/Desktop/crypto-trading-broker/.venv/lib/python3.13/site-packages/django/core/servers/basehttp.py:213 - "POST /api/v1/cron/update-positions/?token=5Pm-SoiK_WTo2hU1sfsprv4qaUTqp_s0rdbdag45k9M= HTTP/1.1" 200 367
[2025-11-29 21:06:00,954] INFO django.server /Users/NETPHIX_DEV/Desktop/crypto-trading-broker/.venv/lib/python3.13/site-packages/django/core/servers/basehttp.py:213 - "POST /api/v1/cron/expire-orders/?token=5Pm-SoiK_WTo2hU1sfsprv4qaUTqp_s0rdbdag45k9M= HTTP/1.1" 200 131
[2025-11-29 21:06:00,957] INFO django.server /Users/NETPHIX_DEV/Desktop/crypto-trading-broker/.venv/lib/python3.13/site-packages/django/core/servers/basehttp.py:213 - "POST /api/v1/cron/execute-orders/?token=5Pm-SoiK_WTo2hU1sfsprv4qaUTqp_s0rdbdag45k9M= HTTP/1.1" 200 168
[2025-11-29 21:06:11,044] INFO django.server /Users/NETPHIX_DEV/Desktop/crypto-trading-broker/.venv/lib/python3.13/site-packages/django/core/servers/basehttp.py:213 - "POST /api/v1/cron/update-positions/?token=5Pm-SoiK_WTo2hU1sfsprv4qaUTqp_s0rdbdag45k9M= HTTP/1.1" 200 367
[2025-11-29 21:07:00,945] INFO django.server /Users/NETPHIX_DEV/Desktop/crypto-trading-broker/.venv/lib/python3.13/site-packages/django/core/servers/basehttp.py:213 - "POST /api/v1/cron/execute-orders/?token=5Pm-SoiK_WTo2hU1sfsprv4qaUTqp_s0rdbdag45k9M= HTTP/1.1" 200 168
[2025-11-29 21:07:01,056] INFO django.server /Users/NETPHIX_DEV/Desktop/crypto-trading-broker/.venv/lib/python3.13/site-packages/django/core/servers/basehttp.py:213 - "POST /api/v1/cron/expire-orders/?token=5Pm-SoiK_WTo2hU1sfsprv4qaUTqp_s0rdbdag45k9M= HTTP/1.1" 200 131
[2025-11-29 21:07:05,957] INFO django.server /Users/NETPHIX_DEV/Desktop/crypto-trading-broker/.venv/lib/python3.13/site-packages/django/core/servers/basehttp.py:213 - "POST /api/v1/cron/update-positions/?token=5Pm-SoiK_WTo2hU1sfsprv4qaUTqp_s0rdbdag45k9M= HTTP/1.1" 200 367
[2025-11-29 21:08:00,952] INFO django.server /Users/NETPHIX_DEV/Desktop/crypto-trading-broker/.venv/lib/python3.13/site-packages/django/core/servers/basehttp.py:213 - "POST /api/v1/cron/expire-orders/?token=5Pm-SoiK_WTo2hU1sfsprv4qaUTqp_s0rdbdag45k9M= HTTP/1.1" 200 131
[2025-11-29 21:08:01,394] INFO django.server /Users/NETPHIX_DEV/Desktop/crypto-trading-broker/.venv/lib/python3.13/site-packages/django/core/servers/basehttp.py:213 - "POST /api/v1/cron/execute-orders/?token=5Pm-SoiK_WTo2hU1sfsprv4qaUTqp_s0rdbdag45k9M= HTTP/1.1" 200 168
[2025-11-29 21:08:11,374] INFO django.server /Users/NETPHIX_DEV/Desktop/crypto-trading-broker/.venv/lib/python3.13/site-packages/django/core/servers/basehttp.py:213 - "POST /api/v1/cron/update-positions/?token=5Pm-SoiK_WTo2hU1sfsprv4qaUTqp_s0rdbdag45k9M= HTTP/1.1" 200 367
[2025-11-29 21:09:01,044] INFO django.server /Users/NETPHIX_DEV/Desktop/crypto-trading-broker/.venv/lib/python3.13/site-packages/django/core/servers/basehttp.py:213 - "POST /api/v1/cron/execute-orders/?token=5Pm-SoiK_WTo2hU1sfsprv4qaUTqp_s0rdbdag45k9M= HTTP/1.1" 200 168
[2025-11-29 21:09:01,045] INFO django.server /Users/NETPHIX_DEV/Desktop/crypto-trading-broker/.venv/lib/python3.13/site-packages/django/core/servers/basehttp.py:213 - "POST /api/v1/cron/expire-orders/?token=5Pm-SoiK_WTo2hU1sfsprv4qaUTqp_s0rdbdag45k9M= HTTP/1.1" 200 131
[2025-11-29 21:09:06,232] INFO django.server /Users/NETPHIX_DEV/Desktop/crypto-trading-broker/.venv/lib/python3.13/site-packages/django/core/servers/basehttp.py:213 - "POST /api/v1/cron/update-positions/?token=5Pm-SoiK_WTo2hU1sfsprv4qaUTqp_s0rdbdag45k9M= HTTP/1.1" 200 367
[2025-11-29 21:10:02,448] INFO django.server /Users/NETPHIX_DEV/Desktop/crypto-trading-broker/.venv/lib/python3.13/site-packages/django/core/servers/basehttp.py:213 - "POST /api/v1/cron/expire-orders/?token=5Pm-SoiK_WTo2hU1sfsprv4qaUTqp_s0rdbdag45k9M= HTTP/1.1" 200 131
[2025-11-29 21:10:02,450] INFO django.server /Users/NETPHIX_DEV/Desktop/crypto-trading-broker/.venv/lib/python3.13/site-packages/django/core/servers/basehttp.py:213 - "POST /api/v1/cron/execute-orders/?token=5Pm-SoiK_WTo2hU1sfsprv4qaUTqp_s0rdbdag45k9M= HTTP/1.1" 200 168
[2025-11-29 21:10:02,786] INFO django.server /Users/NETPHIX_DEV/Desktop/crypto-trading-broker/.venv/lib/python3.13/site-packages/django/core/servers/basehttp.py:213 - "POST /api/v1/cron/process-investments/?token=5Pm-SoiK_WTo2hU1sfsprv4qaUTqp_s0rdbdag45k9M= HTTP/1.1" 200 154
[2025-11-29 21:10:11,810] INFO django.server /Users/NETPHIX_DEV/Desktop/crypto-trading-broker/.venv/lib/python3.13/site-packages/django/core/servers/basehttp.py:213 - "POST /api/v1/cron/update-positions/?token=5Pm-SoiK_WTo2hU1sfsprv4qaUTqp_s0rdbdag45k9M= HTTP/1.1" 200 367
[2025-11-29 21:11:00,911] INFO django.server /Users/NETPHIX_DEV/Desktop/crypto-trading-broker/.venv/lib/python3.13/site-packages/django/core/servers/basehttp.py:213 - "POST /api/v1/cron/expire-orders/?token=5Pm-SoiK_WTo2hU1sfsprv4qaUTqp_s0rdbdag45k9M= HTTP/1.1" 200 131
[2025-11-29 21:11:00,958] INFO django.server /Users/NETPHIX_DEV/Desktop/crypto-trading-broker/.venv/lib/python3.13/site-packages/django/core/servers/basehttp.py:213 - "POST /api/v1/cron/execute-orders/?token=5Pm-SoiK_WTo2hU1sfsprv4qaUTqp_s0rdbdag45k9M= HTTP/1.1" 200 168
[2025-11-29 21:11:06,511] INFO django.server /Users/NETPHIX_DEV/Desktop/crypto-trading-broker/.venv/lib/python3.13/site-packages/django/core/servers/basehttp.py:213 - "POST /api/v1/cron/update-positions/?token=5Pm-SoiK_WTo2hU1sfsprv4qaUTqp_s0rdbdag45k9M= HTTP/1.1" 200 367
[2025-11-29 21:11:51,137] INFO django.utils.autoreload /Users/NETPHIX_DEV/Desktop/crypto-trading-broker/.venv/lib/python3.13/site-packages/django/utils/autoreload.py:265 - /Users/NETPHIX_DEV/Desktop/crypto-trading-broker/trading/admin.py changed, reloading.
[2025-11-29 21:11:53,107] INFO django.utils.autoreload /Users/NETPHIX_DEV/Desktop/crypto-trading-broker/.venv/lib/python3.13/site-packages/django/utils/autoreload.py:667 - Watching for file changes with StatReloader
[2025-11-29 21:11:53,107] INFO django.utils.autoreload /Users/NETPHIX_DEV/Desktop/crypto-trading-broker/.venv/lib/python3.13/site-packages/django/utils/autoreload.py:667 - Watching for file changes with StatReloader
[2025-11-29 21:12:00,253] INFO django.utils.autoreload /Users/NETPHIX_DEV/Desktop/crypto-trading-broker/.venv/lib/python3.13/site-packages/django/utils/autoreload.py:265 - /Users/NETPHIX_DEV/Desktop/crypto-trading-broker/trading/admin.py changed, reloading.
[2025-11-29 21:12:00,255] INFO django.utils.autoreload /Users/NETPHIX_DEV/Desktop/crypto-trading-broker/.venv/lib/python3.13/site-packages/django/utils/autoreload.py:265 - /Users/NETPHIX_DEV/Desktop/crypto-trading-broker/trading/admin.py changed, reloading.
[2025-11-29 21:12:01,742] INFO django.utils.autoreload /Users/NETPHIX_DEV/Desktop/crypto-trading-broker/.venv/lib/python3.13/site-packages/django/utils/autoreload.py:667 - Watching for file changes with StatReloader
[2025-11-29 21:12:01,742] INFO django.utils.autoreload /Users/NETPHIX_DEV/Desktop/crypto-trading-broker/.venv/lib/python3.13/site-packages/django/utils/autoreload.py:667 - Watching for file changes with StatReloader
[2025-11-29 21:12:09,556] INFO django.utils.autoreload /Users/NETPHIX_DEV/Desktop/crypto-trading-broker/.venv/lib/python3.13/site-packages/django/utils/autoreload.py:265 - /Users/NETPHIX_DEV/Desktop/crypto-trading-broker/trading/admin.py changed, reloading.
[2025-11-29 21:12:09,562] INFO django.utils.autoreload /Users/NETPHIX_DEV/Desktop/crypto-trading-broker/.venv/lib/python3.13/site-packages/django/utils/autoreload.py:265 - /Users/NETPHIX_DEV/Desktop/crypto-trading-broker/trading/admin.py changed, reloading.
[2025-11-29 21:12:10,908] INFO django.utils.autoreload /Users/NETPHIX_DEV/Desktop/crypto-trading-broker/.venv/lib/python3.13/site-packages/django/utils/autoreload.py:667 - Watching for file changes with StatReloader
[2025-11-29 21:12:10,909] INFO django.utils.autoreload /Users/NETPHIX_DEV/Desktop/crypto-trading-broker/.venv/lib/python3.13/site-packages/django/utils/autoreload.py:667 - Watching for file changes with StatReloader
[2025-11-29 21:12:27,094] INFO django.utils.autoreload /Users/NETPHIX_DEV/Desktop/crypto-trading-broker/.venv/lib/python3.13/site-packages/django/utils/autoreload.py:265 - /Users/NETPHIX_DEV/Desktop/crypto-trading-broker/trading/admin.py changed, reloading.
[2025-11-29 21:12:27,104] INFO django.utils.autoreload /Users/NETPHIX_DEV/Desktop/crypto-trading-broker/.venv/lib/python3.13/site-packages/django/utils/autoreload.py:265 - /Users/NETPHIX_DEV/Desktop/crypto-trading-broker/trading/admin.py changed, reloading.
[2025-11-29 21:12:28,900] INFO django.utils.autoreload /Users/NETPHIX_DEV/Desktop/crypto-trading-broker/.venv/lib/python3.13/site-packages/django/utils/autoreload.py:667 - Watching for file changes with StatReloader
[2025-11-29 21:12:28,900] INFO django.utils.autoreload /Users/NETPHIX_DEV/Desktop/crypto-trading-broker/.venv/lib/python3.13/site-packages/django/utils/autoreload.py:667 - Watching for file changes with StatReloader
[2025-11-29 21:12:32,613] INFO django.utils.autoreload /Users/NETPHIX_DEV/Desktop/crypto-trading-broker/.venv/lib/python3.13/site-packages/django/utils/autoreload.py:265 - /Users/NETPHIX_DEV/Desktop/crypto-trading-broker/trading/admin.py changed, reloading.
[2025-11-29 21:12:32,614] INFO django.utils.autoreload /Users/NETPHIX_DEV/Desktop/crypto-trading-broker/.venv/lib/python3.13/site-packages/django/utils/autoreload.py:265 - /Users/NETPHIX_DEV/Desktop/crypto-trading-broker/trading/admin.py changed, reloading.
[2025-11-29 21:12:34,000] INFO django.utils.autoreload /Users/NETPHIX_DEV/Desktop/crypto-trading-broker/.venv/lib/python3.13/site-packages/django/utils/autoreload.py:667 - Watching for file changes with StatReloader
[2025-11-29 21:12:34,001] INFO django.utils.autoreload /Users/NETPHIX_DEV/Desktop/crypto-trading-broker/.venv/lib/python3.13/site-packages/django/utils/autoreload.py:667 - Watching for file changes with StatReloader
[2025-11-29 21:12:37,833] INFO django.utils.autoreload /Users/NETPHIX_DEV/Desktop/crypto-trading-broker/.venv/lib/python3.13/site-packages/django/utils/autoreload.py:265 - /Users/NETPHIX_DEV/Desktop/crypto-trading-broker/trading/admin.py changed, reloading.
[2025-11-29 21:12:37,844] INFO django.utils.autoreload /Users/NETPHIX_DEV/Desktop/crypto-trading-broker/.venv/lib/python3.13/site-packages/django/utils/autoreload.py:265 - /Users/NETPHIX_DEV/Desktop/crypto-trading-broker/trading/admin.py changed, reloading.
[2025-11-29 21:12:39,251] INFO django.utils.autoreload /Users/NETPHIX_DEV/Desktop/crypto-trading-broker/.venv/lib/python3.13/site-packages/django/utils/autoreload.py:667 - Watching for file changes with StatReloader
[2025-11-29 21:12:39,253] INFO django.utils.autoreload /Users/NETPHIX_DEV/Desktop/crypto-trading-broker/.venv/lib/python3.13/site-packages/django/utils/autoreload.py:667 - Watching for file changes with StatReloader
[2025-11-29 21:13:01,044] INFO django.server /Users/NETPHIX_DEV/Desktop/crypto-trading-broker/.venv/lib/python3.13/site-packages/django/core/servers/basehttp.py:213 - "POST /api/v1/cron/execute-orders/?token=5Pm-SoiK_WTo2hU1sfsprv4qaUTqp_s0rdbdag45k9M= HTTP/1.1" 200 168
[2025-11-29 21:13:01,045] INFO django.server /Users/NETPHIX_DEV/Desktop/crypto-trading-broker/.venv/lib/python3.13/site-packages/django/core/servers/basehttp.py:213 - "POST /api/v1/cron/expire-orders/?token=5Pm-SoiK_WTo2hU1sfsprv4qaUTqp_s0rdbdag45k9M= HTTP/1.1" 200 131
[2025-11-29 21:13:11,474] INFO django.server /Users/NETPHIX_DEV/Desktop/crypto-trading-broker/.venv/lib/python3.13/site-packages/django/core/servers/basehttp.py:213 - "POST /api/v1/cron/update-positions/?token=5Pm-SoiK_WTo2hU1sfsprv4qaUTqp_s0rdbdag45k9M= HTTP/1.1" 200 367
[2025-11-29 21:13:28,937] INFO django.utils.autoreload /Users/NETPHIX_DEV/Desktop/crypto-trading-broker/.venv/lib/python3.13/site-packages/django/utils/autoreload.py:265 - /Users/NETPHIX_DEV/Desktop/crypto-trading-broker/trading/views.py changed, reloading.
[2025-11-29 21:13:29,270] INFO django.utils.autoreload /Users/NETPHIX_DEV/Desktop/crypto-trading-broker/.venv/lib/python3.13/site-packages/django/utils/autoreload.py:265 - /Users/NETPHIX_DEV/Desktop/crypto-trading-broker/trading/views.py changed, reloading.
[2025-11-29 21:13:30,701] INFO django.utils.autoreload /Users/NETPHIX_DEV/Desktop/crypto-trading-broker/.venv/lib/python3.13/site-packages/django/utils/autoreload.py:667 - Watching for file changes with StatReloader
[2025-11-29 21:13:30,863] INFO django.utils.autoreload /Users/NETPHIX_DEV/Desktop/crypto-trading-broker/.venv/lib/python3.13/site-packages/django/utils/autoreload.py:667 - Watching for file changes with StatReloader
[2025-11-29 21:13:42,964] INFO django.utils.autoreload /Users/NETPHIX_DEV/Desktop/crypto-trading-broker/.venv/lib/python3.13/site-packages/django/utils/autoreload.py:265 - /Users/NETPHIX_DEV/Desktop/crypto-trading-broker/trading/views.py changed, reloading.
[2025-11-29 21:13:43,030] INFO django.utils.autoreload /Users/NETPHIX_DEV/Desktop/crypto-trading-broker/.venv/lib/python3.13/site-packages/django/utils/autoreload.py:265 - /Users/NETPHIX_DEV/Desktop/crypto-trading-broker/trading/views.py changed, reloading.
[2025-11-29 21:13:44,726] INFO django.utils.autoreload /Users/NETPHIX_DEV/Desktop/crypto-trading-broker/.venv/lib/python3.13/site-packages/django/utils/autoreload.py:667 - Watching for file changes with StatReloader
[2025-11-29 21:13:44,852] INFO django.utils.autoreload /Users/NETPHIX_DEV/Desktop/crypto-trading-broker/.venv/lib/python3.13/site-packages/django/utils/autoreload.py:667 - Watching for file changes with StatReloader
[2025-11-29 21:13:54,418] INFO django.utils.autoreload /Users/NETPHIX_DEV/Desktop/crypto-trading-broker/.venv/lib/python3.13/site-packages/django/utils/autoreload.py:265 - /Users/NETPHIX_DEV/Desktop/crypto-trading-broker/trading/views.py changed, reloading.
[2025-11-29 21:13:54,503] INFO django.utils.autoreload /Users/NETPHIX_DEV/Desktop/crypto-trading-broker/.venv/lib/python3.13/site-packages/django/utils/autoreload.py:265 - /Users/NETPHIX_DEV/Desktop/crypto-trading-broker/trading/views.py changed, reloading.
[2025-11-29 21:13:55,748] INFO django.utils.autoreload /Users/NETPHIX_DEV/Desktop/crypto-trading-broker/.venv/lib/python3.13/site-packages/django/utils/autoreload.py:667 - Watching for file changes with StatReloader
[2025-11-29 21:13:55,898] INFO django.utils.autoreload /Users/NETPHIX_DEV/Desktop/crypto-trading-broker/.venv/lib/python3.13/site-packages/django/utils/autoreload.py:667 - Watching for file changes with StatReloader
[2025-11-29 21:14:16,322] INFO django.utils.autoreload /Users/NETPHIX_DEV/Desktop/crypto-trading-broker/.venv/lib/python3.13/site-packages/django/utils/autoreload.py:265 - /Users/NETPHIX_DEV/Desktop/crypto-trading-broker/trading/serializers.py changed, reloading.
[2025-11-29 21:14:16,340] INFO django.utils.autoreload /Users/NETPHIX_DEV/Desktop/crypto-trading-broker/.venv/lib/python3.13/site-packages/django/utils/autoreload.py:265 - /Users/NETPHIX_DEV/Desktop/crypto-trading-broker/trading/serializers.py changed, reloading.
[2025-11-29 21:14:17,955] INFO django.utils.autoreload /Users/NETPHIX_DEV/Desktop/crypto-trading-broker/.venv/lib/python3.13/site-packages/django/utils/autoreload.py:667 - Watching for file changes with StatReloader
[2025-11-29 21:14:17,955] INFO django.utils.autoreload /Users/NETPHIX_DEV/Desktop/crypto-trading-broker/.venv/lib/python3.13/site-packages/django/utils/autoreload.py:667 - Watching for file changes with StatReloader
[2025-11-29 21:14:27,612] INFO django.utils.autoreload /Users/NETPHIX_DEV/Desktop/crypto-trading-broker/.venv/lib/python3.13/site-packages/django/utils/autoreload.py:265 - /Users/NETPHIX_DEV/Desktop/crypto-trading-broker/trading/serializers.py changed, reloading.
[2025-11-29 21:14:27,614] INFO django.utils.autoreload /Users/NETPHIX_DEV/Desktop/crypto-trading-broker/.venv/lib/python3.13/site-packages/django/utils/autoreload.py:265 - /Users/NETPHIX_DEV/Desktop/crypto-trading-broker/trading/serializers.py changed, reloading.
[2025-11-29 21:14:28,763] INFO django.utils.autoreload /Users/NETPHIX_DEV/Desktop/crypto-trading-broker/.venv/lib/python3.13/site-packages/django/utils/autoreload.py:667 - Watching for file changes with StatReloader
[2025-11-29 21:14:28,764] INFO django.utils.autoreload /Users/NETPHIX_DEV/Desktop/crypto-trading-broker/.venv/lib/python3.13/site-packages/django/utils/autoreload.py:667 - Watching for file changes with StatReloader
[2025-11-29 21:15:10,468] INFO django.utils.autoreload /Users/NETPHIX_DEV/Desktop/crypto-trading-broker/.venv/lib/python3.13/site-packages/django/utils/autoreload.py:667 - Watching for file changes with StatReloader
[2025-11-29 21:15:27,923] INFO django.utils.autoreload /Users/NETPHIX_DEV/Desktop/crypto-trading-broker/.venv/lib/python3.13/site-packages/django/utils/autoreload.py:265 - /Users/NETPHIX_DEV/Desktop/crypto-trading-broker/trading/views.py changed, reloading.
[2025-11-29 21:15:29,492] INFO django.utils.autoreload /Users/NETPHIX_DEV/Desktop/crypto-trading-broker/.venv/lib/python3.13/site-packages/django/utils/autoreload.py:667 - Watching for file changes with StatReloader
[2025-11-29 21:16:18,521] INFO django.utils.autoreload /Users/NETPHIX_DEV/Desktop/crypto-trading-broker/.venv/lib/python3.13/site-packages/django/utils/autoreload.py:667 - Watching for file changes with StatReloader
[2025-11-29 21:24:12,845] INFO django.server /Users/NETPHIX_DEV/Desktop/crypto-trading-broker/.venv/lib/python3.13/site-packages/django/core/servers/basehttp.py:213 - "GET /dashboard/trading-view/3/ HTTP/1.1" 200 105724
[2025-11-29 21:24:12,997] WARNING django.server /Users/NETPHIX_DEV/Desktop/crypto-trading-broker/.venv/lib/python3.13/site-packages/django/core/servers/basehttp.py:213 - "GET /.well-known/appspecific/com.chrome.devtools.json HTTP/1.1" 404 20022
[2025-11-29 21:24:14,204] INFO django.server /Users/NETPHIX_DEV/Desktop/crypto-trading-broker/.venv/lib/python3.13/site-packages/django/core/servers/basehttp.py:213 - "GET /static/assets/scripts/api.js HTTP/1.1" 200 31508
[2025-11-29 21:24:14,209] INFO django.server /Users/NETPHIX_DEV/Desktop/crypto-trading-broker/.venv/lib/python3.13/site-packages/django/core/servers/basehttp.py:213 - "GET /static/assets/scripts/order-handler.js HTTP/1.1" 200 16489
[2025-11-29 21:24:14,213] INFO django.server /Users/NETPHIX_DEV/Desktop/crypto-trading-broker/.venv/lib/python3.13/site-packages/django/core/servers/basehttp.py:213 - "GET /static/assets/scripts/trading-single.js HTTP/1.1" 200 40696
[2025-11-29 21:24:15,750] INFO django.server /Users/NETPHIX_DEV/Desktop/crypto-trading-broker/.venv/lib/python3.13/site-packages/django/core/servers/basehttp.py:213 - "GET /api/v1/trading/config/ HTTP/1.1" 200 1299
[2025-11-29 21:24:15,791] INFO django.server /Users/NETPHIX_DEV/Desktop/crypto-trading-broker/.venv/lib/python3.13/site-packages/django/core/servers/basehttp.py:213 - "GET /api/v1/orders/trading_summary/ HTTP/1.1" 200 291
[2025-11-29 21:24:15,812] INFO django.server /Users/NETPHIX_DEV/Desktop/crypto-trading-broker/.venv/lib/python3.13/site-packages/django/core/servers/basehttp.py:213 - "GET /api/v1/positions/ HTTP/1.1" 200 3959
[2025-11-29 21:24:15,843] INFO django.server /Users/NETPHIX_DEV/Desktop/crypto-trading-broker/.venv/lib/python3.13/site-packages/django/core/servers/basehttp.py:213 - "GET /api/v1/orders/ HTTP/1.1" 200 14596
[2025-11-29 21:24:15,861] INFO django.server /Users/NETPHIX_DEV/Desktop/crypto-trading-broker/.venv/lib/python3.13/site-packages/django/core/servers/basehttp.py:213 - "GET /api/v1/trading-pairs/3/ HTTP/1.1" 200 569
[2025-11-29 21:24:17,764] INFO django.server /Users/NETPHIX_DEV/Desktop/crypto-trading-broker/.venv/lib/python3.13/site-packages/django/core/servers/basehttp.py:213 - "GET /static/assets/img/XoR8MfdPTzQDfF4JVKuMIQhGj8HmCdPoBxveN4vK.png HTTP/1.1" 200 8868
[2025-11-29 21:24:18,064] INFO django.server /Users/NETPHIX_DEV/Desktop/crypto-trading-broker/.venv/lib/python3.13/site-packages/django/core/servers/basehttp.py:213 - "GET /api/v1/trading-pairs/3/market_data/ HTTP/1.1" 200 330
[2025-11-29 21:24:18,081] INFO django.server /Users/NETPHIX_DEV/Desktop/crypto-trading-broker/.venv/lib/python3.13/site-packages/django/core/servers/basehttp.py:213 - "GET /api/v1/accounts/balance/ HTTP/1.1" 200 353
[2025-11-29 21:24:18,131] INFO django.server /Users/NETPHIX_DEV/Desktop/crypto-trading-broker/.venv/lib/python3.13/site-packages/django/core/servers/basehttp.py:213 - "GET /api/v1/positions/ HTTP/1.1" 200 3959
[2025-11-29 21:24:18,184] INFO django.server /Users/NETPHIX_DEV/Desktop/crypto-trading-broker/.venv/lib/python3.13/site-packages/django/core/servers/basehttp.py:213 - "GET /api/v1/orders/ HTTP/1.1" 200 14596
[2025-11-29 21:24:18,288] ERROR django.server /Users/NETPHIX_DEV/Desktop/crypto-trading-broker/.venv/lib/python3.13/site-packages/django/core/servers/basehttp.py:213 - "GET /api/v1/transactions/ HTTP/1.1" 500 78555
[2025-11-29 21:24:26,540] INFO django.server /Users/NETPHIX_DEV/Desktop/crypto-trading-broker/.venv/lib/python3.13/site-packages/django/core/servers/basehttp.py:213 - "GET /admin/trading/tradingpair/?q=10 HTTP/1.1" 200 47621
[2025-11-29 21:24:26,599] INFO django.server /Users/NETPHIX_DEV/Desktop/crypto-trading-broker/.venv/lib/python3.13/site-packages/django/core/servers/basehttp.py:213 - "GET /admin/jsi18n/ HTTP/1.1" 200 3342
[2025-11-29 21:24:30,103] ERROR django.server /Users/NETPHIX_DEV/Desktop/crypto-trading-broker/.venv/lib/python3.13/site-packages/django/core/servers/basehttp.py:213 - "GET /admin/trading/transaction/ HTTP/1.1" 500 446248
[2025-11-29 21:26:33,174] INFO django.utils.autoreload /Users/NETPHIX_DEV/Desktop/crypto-trading-broker/.venv/lib/python3.13/site-packages/django/utils/autoreload.py:265 - /Users/NETPHIX_DEV/Desktop/crypto-trading-broker/trading/admin.py changed, reloading.
[2025-11-29 21:26:33,316] INFO django.utils.autoreload /Users/NETPHIX_DEV/Desktop/crypto-trading-broker/.venv/lib/python3.13/site-packages/django/utils/autoreload.py:265 - /Users/NETPHIX_DEV/Desktop/crypto-trading-broker/trading/admin.py changed, reloading.
[2025-11-29 21:26:34,639] INFO django.utils.autoreload /Users/NETPHIX_DEV/Desktop/crypto-trading-broker/.venv/lib/python3.13/site-packages/django/utils/autoreload.py:667 - Watching for file changes with StatReloader
[2025-11-29 21:26:34,824] INFO django.utils.autoreload /Users/NETPHIX_DEV/Desktop/crypto-trading-broker/.venv/lib/python3.13/site-packages/django/utils/autoreload.py:667 - Watching for file changes with StatReloader
[2025-11-29 21:26:36,952] INFO django.utils.autoreload /Users/NETPHIX_DEV/Desktop/crypto-trading-broker/.venv/lib/python3.13/site-packages/django/utils/autoreload.py:265 - /Users/NETPHIX_DEV/Desktop/crypto-trading-broker/trading/admin.py changed, reloading.
[2025-11-29 21:26:37,123] INFO django.utils.autoreload /Users/NETPHIX_DEV/Desktop/crypto-trading-broker/.venv/lib/python3.13/site-packages/django/utils/autoreload.py:265 - /Users/NETPHIX_DEV/Desktop/crypto-trading-broker/trading/admin.py changed, reloading.
[2025-11-29 21:26:38,118] INFO django.utils.autoreload /Users/NETPHIX_DEV/Desktop/crypto-trading-broker/.venv/lib/python3.13/site-packages/django/utils/autoreload.py:667 - Watching for file changes with StatReloader
[2025-11-29 21:26:38,195] INFO django.utils.autoreload /Users/NETPHIX_DEV/Desktop/crypto-trading-broker/.venv/lib/python3.13/site-packages/django/utils/autoreload.py:667 - Watching for file changes with StatReloader
[2025-11-29 21:26:46,550] INFO django.utils.autoreload /Users/NETPHIX_DEV/Desktop/crypto-trading-broker/.venv/lib/python3.13/site-packages/django/utils/autoreload.py:265 - /Users/NETPHIX_DEV/Desktop/crypto-trading-broker/trading/admin.py changed, reloading.
[2025-11-29 21:26:46,630] INFO django.utils.autoreload /Users/NETPHIX_DEV/Desktop/crypto-trading-broker/.venv/lib/python3.13/site-packages/django/utils/autoreload.py:265 - /Users/NETPHIX_DEV/Desktop/crypto-trading-broker/trading/admin.py changed, reloading.
[2025-11-29 21:26:47,687] INFO django.utils.autoreload /Users/NETPHIX_DEV/Desktop/crypto-trading-broker/.venv/lib/python3.13/site-packages/django/utils/autoreload.py:667 - Watching for file changes with StatReloader
[2025-11-29 21:26:47,736] INFO django.utils.autoreload /Users/NETPHIX_DEV/Desktop/crypto-trading-broker/.venv/lib/python3.13/site-packages/django/utils/autoreload.py:667 - Watching for file changes with StatReloader
[2025-11-29 21:27:06,812] INFO django.utils.autoreload /Users/NETPHIX_DEV/Desktop/crypto-trading-broker/.venv/lib/python3.13/site-packages/django/utils/autoreload.py:265 - /Users/NETPHIX_DEV/Desktop/crypto-trading-broker/trading/admin.py changed, reloading.
[2025-11-29 21:27:06,820] INFO django.utils.autoreload /Users/NETPHIX_DEV/Desktop/crypto-trading-broker/.venv/lib/python3.13/site-packages/django/utils/autoreload.py:265 - /Users/NETPHIX_DEV/Desktop/crypto-trading-broker/trading/admin.py changed, reloading.
[2025-11-29 21:27:08,449] INFO django.utils.autoreload /Users/NETPHIX_DEV/Desktop/crypto-trading-broker/.venv/lib/python3.13/site-packages/django/utils/autoreload.py:667 - Watching for file changes with StatReloader
[2025-11-29 21:27:08,449] INFO django.utils.autoreload /Users/NETPHIX_DEV/Desktop/crypto-trading-broker/.venv/lib/python3.13/site-packages/django/utils/autoreload.py:667 - Watching for file changes with StatReloader
[2025-11-29 21:27:16,366] INFO django.utils.autoreload /Users/NETPHIX_DEV/Desktop/crypto-trading-broker/.venv/lib/python3.13/site-packages/django/utils/autoreload.py:265 - /Users/NETPHIX_DEV/Desktop/crypto-trading-broker/trading/admin.py changed, reloading.
[2025-11-29 21:27:16,379] INFO django.utils.autoreload /Users/NETPHIX_DEV/Desktop/crypto-trading-broker/.venv/lib/python3.13/site-packages/django/utils/autoreload.py:265 - /Users/NETPHIX_DEV/Desktop/crypto-trading-broker/trading/admin.py changed, reloading.
[2025-11-29 21:27:17,746] INFO django.utils.autoreload /Users/NETPHIX_DEV/Desktop/crypto-trading-broker/.venv/lib/python3.13/site-packages/django/utils/autoreload.py:667 - Watching for file changes with StatReloader
[2025-11-29 21:27:17,746] INFO django.utils.autoreload /Users/NETPHIX_DEV/Desktop/crypto-trading-broker/.venv/lib/python3.13/site-packages/django/utils/autoreload.py:667 - Watching for file changes with StatReloader
[2025-11-29 21:27:21,444] INFO django.utils.autoreload /Users/NETPHIX_DEV/Desktop/crypto-trading-broker/.venv/lib/python3.13/site-packages/django/utils/autoreload.py:265 - /Users/NETPHIX_DEV/Desktop/crypto-trading-broker/trading/admin.py changed, reloading.
[2025-11-29 21:27:21,466] INFO django.utils.autoreload /Users/NETPHIX_DEV/Desktop/crypto-trading-broker/.venv/lib/python3.13/site-packages/django/utils/autoreload.py:265 - /Users/NETPHIX_DEV/Desktop/crypto-trading-broker/trading/admin.py changed, reloading.
[2025-11-29 21:27:22,820] INFO django.utils.autoreload /Users/NETPHIX_DEV/Desktop/crypto-trading-broker/.venv/lib/python3.13/site-packages/django/utils/autoreload.py:667 - Watching for file changes with StatReloader
[2025-11-29 21:27:22,823] INFO django.utils.autoreload /Users/NETPHIX_DEV/Desktop/crypto-trading-broker/.venv/lib/python3.13/site-packages/django/utils/autoreload.py:667 - Watching for file changes with StatReloader
[2025-11-29 21:27:54,699] INFO django.utils.autoreload /Users/NETPHIX_DEV/Desktop/crypto-trading-broker/.venv/lib/python3.13/site-packages/django/utils/autoreload.py:265 - /Users/NETPHIX_DEV/Desktop/crypto-trading-broker/trading/admin.py changed, reloading.
[2025-11-29 21:27:54,709] INFO django.utils.autoreload /Users/NETPHIX_DEV/Desktop/crypto-trading-broker/.venv/lib/python3.13/site-packages/django/utils/autoreload.py:265 - /Users/NETPHIX_DEV/Desktop/crypto-trading-broker/trading/admin.py changed, reloading.
[2025-11-29 21:27:56,048] INFO django.utils.autoreload /Users/NETPHIX_DEV/Desktop/crypto-trading-broker/.venv/lib/python3.13/site-packages/django/utils/autoreload.py:667 - Watching for file changes with StatReloader
[2025-11-29 21:27:56,048] INFO django.utils.autoreload /Users/NETPHIX_DEV/Desktop/crypto-trading-broker/.venv/lib/python3.13/site-packages/django/utils/autoreload.py:667 - Watching for file changes with StatReloader
[2025-11-29 21:28:00,853] INFO django.server /Users/NETPHIX_DEV/Desktop/crypto-trading-broker/.venv/lib/python3.13/site-packages/django/core/servers/basehttp.py:213 - "POST /api/v1/cron/expire-orders/?token=5Pm-SoiK_WTo2hU1sfsprv4qaUTqp_s0rdbdag45k9M= HTTP/1.1" 200 131
[2025-11-29 21:28:00,858] INFO django.server /Users/NETPHIX_DEV/Desktop/crypto-trading-broker/.venv/lib/python3.13/site-packages/django/core/servers/basehttp.py:213 - "POST /api/v1/cron/execute-orders/?token=5Pm-SoiK_WTo2hU1sfsprv4qaUTqp_s0rdbdag45k9M= HTTP/1.1" 200 168
[2025-11-29 21:28:07,119] INFO django.server /Users/NETPHIX_DEV/Desktop/crypto-trading-broker/.venv/lib/python3.13/site-packages/django/core/servers/basehttp.py:213 - "GET /admin/trading/transaction/ HTTP/1.1" 200 52681
[2025-11-29 21:28:07,139] INFO django.server /Users/NETPHIX_DEV/Desktop/crypto-trading-broker/.venv/lib/python3.13/site-packages/django/core/servers/basehttp.py:213 - "GET /admin/jsi18n/ HTTP/1.1" 200 3342
[2025-11-29 21:28:10,874] INFO django.server /Users/NETPHIX_DEV/Desktop/crypto-trading-broker/.venv/lib/python3.13/site-packages/django/core/servers/basehttp.py:213 - "POST /api/v1/cron/update-positions/?token=5Pm-SoiK_WTo2hU1sfsprv4qaUTqp_s0rdbdag45k9M= HTTP/1.1" 200 367
[2025-11-29 21:28:26,901] INFO django.server /Users/NETPHIX_DEV/Desktop/crypto-trading-broker/.venv/lib/python3.13/site-packages/django/core/servers/basehttp.py:213 - "GET /dashboard/trading-view/3/ HTTP/1.1" 200 105724
[2025-11-29 21:28:26,974] INFO django.server /Users/NETPHIX_DEV/Desktop/crypto-trading-broker/.venv/lib/python3.13/site-packages/django/core/servers/basehttp.py:213 - "GET /static/assets/scripts/api.js HTTP/1.1" 304 0
[2025-11-29 21:28:26,975] INFO django.server /Users/NETPHIX_DEV/Desktop/crypto-trading-broker/.venv/lib/python3.13/site-packages/django/core/servers/basehttp.py:213 - "GET /static/assets/scripts/trading-single.js HTTP/1.1" 304 0
[2025-11-29 21:28:27,023] WARNING django.server /Users/NETPHIX_DEV/Desktop/crypto-trading-broker/.venv/lib/python3.13/site-packages/django/core/servers/basehttp.py:213 - "GET /.well-known/appspecific/com.chrome.devtools.json HTTP/1.1" 404 20022
[2025-11-29 21:28:27,901] INFO django.server /Users/NETPHIX_DEV/Desktop/crypto-trading-broker/.venv/lib/python3.13/site-packages/django/core/servers/basehttp.py:213 - "GET /api/v1/trading/config/ HTTP/1.1" 200 1299
[2025-11-29 21:28:28,004] INFO django.server /Users/NETPHIX_DEV/Desktop/crypto-trading-broker/.venv/lib/python3.13/site-packages/django/core/servers/basehttp.py:213 - "GET /api/v1/orders/trading_summary/ HTTP/1.1" 200 291
[2025-11-29 21:28:28,027] INFO django.server /Users/NETPHIX_DEV/Desktop/crypto-trading-broker/.venv/lib/python3.13/site-packages/django/core/servers/basehttp.py:213 - "GET /api/v1/positions/ HTTP/1.1" 200 3960
[2025-11-29 21:28:28,052] INFO django.server /Users/NETPHIX_DEV/Desktop/crypto-trading-broker/.venv/lib/python3.13/site-packages/django/core/servers/basehttp.py:213 - "GET /api/v1/orders/ HTTP/1.1" 200 14596
[2025-11-29 21:28:28,066] INFO django.server /Users/NETPHIX_DEV/Desktop/crypto-trading-broker/.venv/lib/python3.13/site-packages/django/core/servers/basehttp.py:213 - "GET /api/v1/trading-pairs/3/ HTTP/1.1" 200 569
[2025-11-29 21:28:30,919] INFO django.server /Users/NETPHIX_DEV/Desktop/crypto-trading-broker/.venv/lib/python3.13/site-packages/django/core/servers/basehttp.py:213 - "GET /api/v1/trading-pairs/3/market_data/ HTTP/1.1" 200 330
[2025-11-29 21:28:30,933] INFO django.server /Users/NETPHIX_DEV/Desktop/crypto-trading-broker/.venv/lib/python3.13/site-packages/django/core/servers/basehttp.py:213 - "GET /api/v1/accounts/balance/ HTTP/1.1" 200 353
[2025-11-29 21:28:30,991] INFO django.server /Users/NETPHIX_DEV/Desktop/crypto-trading-broker/.venv/lib/python3.13/site-packages/django/core/servers/basehttp.py:213 - "GET /api/v1/positions/ HTTP/1.1" 200 3960
[2025-11-29 21:28:31,055] INFO django.server /Users/NETPHIX_DEV/Desktop/crypto-trading-broker/.venv/lib/python3.13/site-packages/django/core/servers/basehttp.py:213 - "GET /api/v1/orders/ HTTP/1.1" 200 14596
[2025-11-29 21:28:31,155] ERROR django.server /Users/NETPHIX_DEV/Desktop/crypto-trading-broker/.venv/lib/python3.13/site-packages/django/core/servers/basehttp.py:213 - "GET /api/v1/transactions/ HTTP/1.1" 500 78555
[2025-11-29 21:29:00,840] INFO django.server /Users/NETPHIX_DEV/Desktop/crypto-trading-broker/.venv/lib/python3.13/site-packages/django/core/servers/basehttp.py:213 - "POST /api/v1/cron/execute-orders/?token=5Pm-SoiK_WTo2hU1sfsprv4qaUTqp_s0rdbdag45k9M= HTTP/1.1" 200 168
[2025-11-29 21:29:00,883] INFO django.server /Users/NETPHIX_DEV/Desktop/crypto-trading-broker/.venv/lib/python3.13/site-packages/django/core/servers/basehttp.py:213 - "POST /api/v1/cron/expire-orders/?token=5Pm-SoiK_WTo2hU1sfsprv4qaUTqp_s0rdbdag45k9M= HTTP/1.1" 200 131
[2025-11-29 21:29:06,416] INFO django.server /Users/NETPHIX_DEV/Desktop/crypto-trading-broker/.venv/lib/python3.13/site-packages/django/core/servers/basehttp.py:213 - "POST /api/v1/cron/update-positions/?token=5Pm-SoiK_WTo2hU1sfsprv4qaUTqp_s0rdbdag45k9M= HTTP/1.1" 200 367
[2025-11-29 21:29:55,156] INFO django.utils.autoreload /Users/NETPHIX_DEV/Desktop/crypto-trading-broker/.venv/lib/python3.13/site-packages/django/utils/autoreload.py:265 - /Users/NETPHIX_DEV/Desktop/crypto-trading-broker/investment/views.py changed, reloading.
[2025-11-29 21:29:55,595] INFO django.utils.autoreload /Users/NETPHIX_DEV/Desktop/crypto-trading-broker/.venv/lib/python3.13/site-packages/django/utils/autoreload.py:265 - /Users/NETPHIX_DEV/Desktop/crypto-trading-broker/investment/views.py changed, reloading.
[2025-11-29 21:29:56,778] INFO django.utils.autoreload /Users/NETPHIX_DEV/Desktop/crypto-trading-broker/.venv/lib/python3.13/site-packages/django/utils/autoreload.py:667 - Watching for file changes with StatReloader
[2025-11-29 21:29:57,207] INFO django.utils.autoreload /Users/NETPHIX_DEV/Desktop/crypto-trading-broker/.venv/lib/python3.13/site-packages/django/utils/autoreload.py:667 - Watching for file changes with StatReloader
[2025-11-29 21:30:00,144] INFO django.utils.autoreload /Users/NETPHIX_DEV/Desktop/crypto-trading-broker/.venv/lib/python3.13/site-packages/django/utils/autoreload.py:265 - /Users/NETPHIX_DEV/Desktop/crypto-trading-broker/investment/views.py changed, reloading.
[2025-11-29 21:30:00,188] INFO django.utils.autoreload /Users/NETPHIX_DEV/Desktop/crypto-trading-broker/.venv/lib/python3.13/site-packages/django/utils/autoreload.py:265 - /Users/NETPHIX_DEV/Desktop/crypto-trading-broker/investment/views.py changed, reloading.
[2025-11-29 21:30:01,516] INFO django.utils.autoreload /Users/NETPHIX_DEV/Desktop/crypto-trading-broker/.venv/lib/python3.13/site-packages/django/utils/autoreload.py:667 - Watching for file changes with StatReloader
[2025-11-29 21:30:01,551] INFO django.utils.autoreload /Users/NETPHIX_DEV/Desktop/crypto-trading-broker/.venv/lib/python3.13/site-packages/django/utils/autoreload.py:667 - Watching for file changes with StatReloader
[2025-11-29 21:30:03,100] INFO django.server /Users/NETPHIX_DEV/Desktop/crypto-trading-broker/.venv/lib/python3.13/site-packages/django/core/servers/basehttp.py:213 - "POST /api/v1/cron/expire-orders/?token=5Pm-SoiK_WTo2hU1sfsprv4qaUTqp_s0rdbdag45k9M= HTTP/1.1" 200 131
[2025-11-29 21:30:03,454] INFO django.server /Users/NETPHIX_DEV/Desktop/crypto-trading-broker/.venv/lib/python3.13/site-packages/django/core/servers/basehttp.py:213 - "POST /api/v1/cron/execute-orders/?token=5Pm-SoiK_WTo2hU1sfsprv4qaUTqp_s0rdbdag45k9M= HTTP/1.1" 200 168
[2025-11-29 21:30:03,632] INFO django.server /Users/NETPHIX_DEV/Desktop/crypto-trading-broker/.venv/lib/python3.13/site-packages/django/core/servers/basehttp.py:213 - "POST /api/v1/cron/process-investments/?token=5Pm-SoiK_WTo2hU1sfsprv4qaUTqp_s0rdbdag45k9M= HTTP/1.1" 200 154
[2025-11-29 21:30:10,512] INFO django.server /Users/NETPHIX_DEV/Desktop/crypto-trading-broker/.venv/lib/python3.13/site-packages/django/core/servers/basehttp.py:213 - "GET /dashboard/trading-view/3/ HTTP/1.1" 200 105724
[2025-11-29 21:30:10,691] WARNING django.server /Users/NETPHIX_DEV/Desktop/crypto-trading-broker/.venv/lib/python3.13/site-packages/django/core/servers/basehttp.py:213 - "GET /.well-known/appspecific/com.chrome.devtools.json HTTP/1.1" 404 20022
[2025-11-29 21:30:11,182] INFO django.server /Users/NETPHIX_DEV/Desktop/crypto-trading-broker/.venv/lib/python3.13/site-packages/django/core/servers/basehttp.py:213 - "GET /static/assets/scripts/api.js HTTP/1.1" 200 31508
[2025-11-29 21:30:11,186] INFO django.server /Users/NETPHIX_DEV/Desktop/crypto-trading-broker/.venv/lib/python3.13/site-packages/django/core/servers/basehttp.py:213 - "GET /static/assets/scripts/order-handler.js HTTP/1.1" 200 16489
[2025-11-29 21:30:11,190] INFO django.server /Users/NETPHIX_DEV/Desktop/crypto-trading-broker/.venv/lib/python3.13/site-packages/django/core/servers/basehttp.py:213 - "GET /static/assets/scripts/trading-single.js HTTP/1.1" 200 40696
[2025-11-29 21:30:12,231] INFO django.server /Users/NETPHIX_DEV/Desktop/crypto-trading-broker/.venv/lib/python3.13/site-packages/django/core/servers/basehttp.py:213 - "GET /api/v1/trading/config/ HTTP/1.1" 200 1299
[2025-11-29 21:30:12,346] INFO django.server /Users/NETPHIX_DEV/Desktop/crypto-trading-broker/.venv/lib/python3.13/site-packages/django/core/servers/basehttp.py:213 - "GET /api/v1/orders/trading_summary/ HTTP/1.1" 200 291
[2025-11-29 21:30:12,378] INFO django.server /Users/NETPHIX_DEV/Desktop/crypto-trading-broker/.venv/lib/python3.13/site-packages/django/core/servers/basehttp.py:213 - "GET /api/v1/positions/ HTTP/1.1" 200 3961
[2025-11-29 21:30:12,423] INFO django.server /Users/NETPHIX_DEV/Desktop/crypto-trading-broker/.venv/lib/python3.13/site-packages/django/core/servers/basehttp.py:213 - "GET /api/v1/orders/ HTTP/1.1" 200 14596
[2025-11-29 21:30:12,438] INFO django.server /Users/NETPHIX_DEV/Desktop/crypto-trading-broker/.venv/lib/python3.13/site-packages/django/core/servers/basehttp.py:213 - "GET /api/v1/trading-pairs/3/ HTTP/1.1" 200 569
[2025-11-29 21:30:13,585] INFO django.server /Users/NETPHIX_DEV/Desktop/crypto-trading-broker/.venv/lib/python3.13/site-packages/django/core/servers/basehttp.py:213 - "GET /static/assets/img/XoR8MfdPTzQDfF4JVKuMIQhGj8HmCdPoBxveN4vK.png HTTP/1.1" 200 8868
[2025-11-29 21:30:14,372] INFO django.server /Users/NETPHIX_DEV/Desktop/crypto-trading-broker/.venv/lib/python3.13/site-packages/django/core/servers/basehttp.py:213 - "GET /api/v1/trading-pairs/3/market_data/ HTTP/1.1" 200 330
[2025-11-29 21:30:14,387] INFO django.server /Users/NETPHIX_DEV/Desktop/crypto-trading-broker/.venv/lib/python3.13/site-packages/django/core/servers/basehttp.py:213 - "GET /api/v1/accounts/balance/ HTTP/1.1" 200 353
[2025-11-29 21:30:14,427] INFO django.server /Users/NETPHIX_DEV/Desktop/crypto-trading-broker/.venv/lib/python3.13/site-packages/django/core/servers/basehttp.py:213 - "GET /api/v1/positions/ HTTP/1.1" 200 3961
[2025-11-29 21:30:14,488] INFO django.server /Users/NETPHIX_DEV/Desktop/crypto-trading-broker/.venv/lib/python3.13/site-packages/django/core/servers/basehttp.py:213 - "GET /api/v1/orders/ HTTP/1.1" 200 14596
[2025-11-29 21:30:14,593] ERROR django.server /Users/NETPHIX_DEV/Desktop/crypto-trading-broker/.venv/lib/python3.13/site-packages/django/core/servers/basehttp.py:213 - "GET /api/v1/transactions/ HTTP/1.1" 500 97378
[2025-11-29 21:30:15,123] INFO django.server /Users/NETPHIX_DEV/Desktop/crypto-trading-broker/.venv/lib/python3.13/site-packages/django/core/servers/basehttp.py:213 - "POST /api/v1/cron/update-positions/?token=5Pm-SoiK_WTo2hU1sfsprv4qaUTqp_s0rdbdag45k9M= HTTP/1.1" 200 367
[2025-11-29 21:31:00,779] INFO django.server /Users/NETPHIX_DEV/Desktop/crypto-trading-broker/.venv/lib/python3.13/site-packages/django/core/servers/basehttp.py:213 - "POST /api/v1/cron/execute-orders/?token=5Pm-SoiK_WTo2hU1sfsprv4qaUTqp_s0rdbdag45k9M= HTTP/1.1" 200 168
[2025-11-29 21:31:00,836] INFO django.server /Users/NETPHIX_DEV/Desktop/crypto-trading-broker/.venv/lib/python3.13/site-packages/django/core/servers/basehttp.py:213 - "POST /api/v1/cron/expire-orders/?token=5Pm-SoiK_WTo2hU1sfsprv4qaUTqp_s0rdbdag45k9M= HTTP/1.1" 200 131
[2025-11-29 21:31:01,024] INFO django.utils.autoreload /Users/NETPHIX_DEV/Desktop/crypto-trading-broker/.venv/lib/python3.13/site-packages/django/utils/autoreload.py:265 - /Users/NETPHIX_DEV/Desktop/crypto-trading-broker/investment/views.py changed, reloading.
[2025-11-29 21:31:01,104] INFO django.utils.autoreload /Users/NETPHIX_DEV/Desktop/crypto-trading-broker/.venv/lib/python3.13/site-packages/django/utils/autoreload.py:265 - /Users/NETPHIX_DEV/Desktop/crypto-trading-broker/investment/views.py changed, reloading.
[2025-11-29 21:31:03,270] INFO django.utils.autoreload /Users/NETPHIX_DEV/Desktop/crypto-trading-broker/.venv/lib/python3.13/site-packages/django/utils/autoreload.py:667 - Watching for file changes with StatReloader
[2025-11-29 21:31:03,270] INFO django.utils.autoreload /Users/NETPHIX_DEV/Desktop/crypto-trading-broker/.venv/lib/python3.13/site-packages/django/utils/autoreload.py:667 - Watching for file changes with StatReloader
[2025-11-29 21:31:18,275] INFO django.utils.autoreload /Users/NETPHIX_DEV/Desktop/crypto-trading-broker/.venv/lib/python3.13/site-packages/django/utils/autoreload.py:265 - /Users/NETPHIX_DEV/Desktop/crypto-trading-broker/investment/views.py changed, reloading.
[2025-11-29 21:31:18,284] INFO django.utils.autoreload /Users/NETPHIX_DEV/Desktop/crypto-trading-broker/.venv/lib/python3.13/site-packages/django/utils/autoreload.py:265 - /Users/NETPHIX_DEV/Desktop/crypto-trading-broker/investment/views.py changed, reloading.
[2025-11-29 21:31:19,926] INFO django.utils.autoreload /Users/NETPHIX_DEV/Desktop/crypto-trading-broker/.venv/lib/python3.13/site-packages/django/utils/autoreload.py:667 - Watching for file changes with StatReloader
[2025-11-29 21:31:19,927] INFO django.utils.autoreload /Users/NETPHIX_DEV/Desktop/crypto-trading-broker/.venv/lib/python3.13/site-packages/django/utils/autoreload.py:667 - Watching for file changes with StatReloader
[2025-11-29 21:31:22,369] INFO django.utils.autoreload /Users/NETPHIX_DEV/Desktop/crypto-trading-broker/.venv/lib/python3.13/site-packages/django/utils/autoreload.py:265 - /Users/NETPHIX_DEV/Desktop/crypto-trading-broker/investment/views.py changed, reloading.
[2025-11-29 21:31:22,372] INFO django.utils.autoreload /Users/NETPHIX_DEV/Desktop/crypto-trading-broker/.venv/lib/python3.13/site-packages/django/utils/autoreload.py:265 - /Users/NETPHIX_DEV/Desktop/crypto-trading-broker/investment/views.py changed, reloading.
[2025-11-29 21:31:23,744] INFO django.utils.autoreload /Users/NETPHIX_DEV/Desktop/crypto-trading-broker/.venv/lib/python3.13/site-packages/django/utils/autoreload.py:667 - Watching for file changes with StatReloader
[2025-11-29 21:31:23,744] INFO django.utils.autoreload /Users/NETPHIX_DEV/Desktop/crypto-trading-broker/.venv/lib/python3.13/site-packages/django/utils/autoreload.py:667 - Watching for file changes with StatReloader
[2025-11-29 21:31:41,914] INFO django.utils.autoreload /Users/NETPHIX_DEV/Desktop/crypto-trading-broker/.venv/lib/python3.13/site-packages/django/utils/autoreload.py:265 - /Users/NETPHIX_DEV/Desktop/crypto-trading-broker/investment/urls.py changed, reloading.
[2025-11-29 21:31:41,917] INFO django.utils.autoreload /Users/NETPHIX_DEV/Desktop/crypto-trading-broker/.venv/lib/python3.13/site-packages/django/utils/autoreload.py:265 - /Users/NETPHIX_DEV/Desktop/crypto-trading-broker/investment/urls.py changed, reloading.
[2025-11-29 21:31:43,628] INFO django.utils.autoreload /Users/NETPHIX_DEV/Desktop/crypto-trading-broker/.venv/lib/python3.13/site-packages/django/utils/autoreload.py:667 - Watching for file changes with StatReloader
[2025-11-29 21:31:43,628] INFO django.utils.autoreload /Users/NETPHIX_DEV/Desktop/crypto-trading-broker/.venv/lib/python3.13/site-packages/django/utils/autoreload.py:667 - Watching for file changes with StatReloader
[2025-11-29 21:31:47,203] INFO django.utils.autoreload /Users/NETPHIX_DEV/Desktop/crypto-trading-broker/.venv/lib/python3.13/site-packages/django/utils/autoreload.py:265 - /Users/NETPHIX_DEV/Desktop/crypto-trading-broker/investment/urls.py changed, reloading.
[2025-11-29 21:31:47,212] INFO django.utils.autoreload /Users/NETPHIX_DEV/Desktop/crypto-trading-broker/.venv/lib/python3.13/site-packages/django/utils/autoreload.py:265 - /Users/NETPHIX_DEV/Desktop/crypto-trading-broker/investment/urls.py changed, reloading.
[2025-11-29 21:31:48,531] INFO django.utils.autoreload /Users/NETPHIX_DEV/Desktop/crypto-trading-broker/.venv/lib/python3.13/site-packages/django/utils/autoreload.py:667 - Watching for file changes with StatReloader
[2025-11-29 21:31:48,531] INFO django.utils.autoreload /Users/NETPHIX_DEV/Desktop/crypto-trading-broker/.venv/lib/python3.13/site-packages/django/utils/autoreload.py:667 - Watching for file changes with StatReloader
[2025-11-29 21:32:00,714] INFO django.server /Users/NETPHIX_DEV/Desktop/crypto-trading-broker/.venv/lib/python3.13/site-packages/django/core/servers/basehttp.py:213 - "POST /api/v1/cron/execute-orders/?token=5Pm-SoiK_WTo2hU1sfsprv4qaUTqp_s0rdbdag45k9M= HTTP/1.1" 200 168
[2025-11-29 21:32:00,765] INFO django.server /Users/NETPHIX_DEV/Desktop/crypto-trading-broker/.venv/lib/python3.13/site-packages/django/core/servers/basehttp.py:213 - "POST /api/v1/cron/expire-orders/?token=5Pm-SoiK_WTo2hU1sfsprv4qaUTqp_s0rdbdag45k9M= HTTP/1.1" 200 131
[2025-11-29 21:32:03,695] INFO django.server /Users/NETPHIX_DEV/Desktop/crypto-trading-broker/.venv/lib/python3.13/site-packages/django/core/servers/basehttp.py:213 - "GET /dashboard/trading-view/3/ HTTP/1.1" 200 105718
[2025-11-29 21:32:03,831] WARNING django.server /Users/NETPHIX_DEV/Desktop/crypto-trading-broker/.venv/lib/python3.13/site-packages/django/core/servers/basehttp.py:213 - "GET /.well-known/appspecific/com.chrome.devtools.json HTTP/1.1" 404 20022
[2025-11-29 21:32:04,184] INFO django.server /Users/NETPHIX_DEV/Desktop/crypto-trading-broker/.venv/lib/python3.13/site-packages/django/core/servers/basehttp.py:213 - "GET /static/assets/scripts/api.js HTTP/1.1" 200 31508
[2025-11-29 21:32:04,189] INFO django.server /Users/NETPHIX_DEV/Desktop/crypto-trading-broker/.venv/lib/python3.13/site-packages/django/core/servers/basehttp.py:213 - "GET /static/assets/scripts/order-handler.js HTTP/1.1" 200 16489
[2025-11-29 21:32:04,195] INFO django.server /Users/NETPHIX_DEV/Desktop/crypto-trading-broker/.venv/lib/python3.13/site-packages/django/core/servers/basehttp.py:213 - "GET /static/assets/scripts/trading-single.js HTTP/1.1" 200 40696
[2025-11-29 21:32:05,382] INFO django.server /Users/NETPHIX_DEV/Desktop/crypto-trading-broker/.venv/lib/python3.13/site-packages/django/core/servers/basehttp.py:213 - "GET /api/v1/trading/config/ HTTP/1.1" 200 1299
[2025-11-29 21:32:05,523] INFO django.server /Users/NETPHIX_DEV/Desktop/crypto-trading-broker/.venv/lib/python3.13/site-packages/django/core/servers/basehttp.py:213 - "GET /api/v1/orders/trading_summary/ HTTP/1.1" 200 291
[2025-11-29 21:32:05,546] INFO django.server /Users/NETPHIX_DEV/Desktop/crypto-trading-broker/.venv/lib/python3.13/site-packages/django/core/servers/basehttp.py:213 - "GET /api/v1/positions/ HTTP/1.1" 200 3959
[2025-11-29 21:32:05,577] INFO django.server /Users/NETPHIX_DEV/Desktop/crypto-trading-broker/.venv/lib/python3.13/site-packages/django/core/servers/basehttp.py:213 - "GET /api/v1/orders/ HTTP/1.1" 200 14596
[2025-11-29 21:32:05,599] INFO django.server /Users/NETPHIX_DEV/Desktop/crypto-trading-broker/.venv/lib/python3.13/site-packages/django/core/servers/basehttp.py:213 - "GET /api/v1/trading-pairs/3/ HTTP/1.1" 200 569
[2025-11-29 21:32:06,781] INFO django.server /Users/NETPHIX_DEV/Desktop/crypto-trading-broker/.venv/lib/python3.13/site-packages/django/core/servers/basehttp.py:213 - "GET /static/assets/img/XoR8MfdPTzQDfF4JVKuMIQhGj8HmCdPoBxveN4vK.png HTTP/1.1" 200 8868
[2025-11-29 21:32:07,375] INFO django.server /Users/NETPHIX_DEV/Desktop/crypto-trading-broker/.venv/lib/python3.13/site-packages/django/core/servers/basehttp.py:213 - "GET /api/v1/trading-pairs/3/market_data/ HTTP/1.1" 200 330
[2025-11-29 21:32:07,421] INFO django.server /Users/NETPHIX_DEV/Desktop/crypto-trading-broker/.venv/lib/python3.13/site-packages/django/core/servers/basehttp.py:213 - "GET /api/v1/accounts/balance/ HTTP/1.1" 200 353
[2025-11-29 21:32:07,472] INFO django.server /Users/NETPHIX_DEV/Desktop/crypto-trading-broker/.venv/lib/python3.13/site-packages/django/core/servers/basehttp.py:213 - "GET /api/v1/positions/ HTTP/1.1" 200 3959
[2025-11-29 21:32:07,502] INFO django.server /Users/NETPHIX_DEV/Desktop/crypto-trading-broker/.venv/lib/python3.13/site-packages/django/core/servers/basehttp.py:213 - "GET /api/v1/orders/ HTTP/1.1" 200 14596
[2025-11-29 21:32:07,587] ERROR django.server /Users/NETPHIX_DEV/Desktop/crypto-trading-broker/.venv/lib/python3.13/site-packages/django/core/servers/basehttp.py:213 - "GET /api/v1/transactions/ HTTP/1.1" 500 109966
[2025-11-29 21:32:10,157] INFO django.server /Users/NETPHIX_DEV/Desktop/crypto-trading-broker/.venv/lib/python3.13/site-packages/django/core/servers/basehttp.py:213 - "POST /api/v1/cron/update-positions/?token=5Pm-SoiK_WTo2hU1sfsprv4qaUTqp_s0rdbdag45k9M= HTTP/1.1" 200 366
[2025-11-29 21:32:24,449] INFO django.utils.autoreload /Users/NETPHIX_DEV/Desktop/crypto-trading-broker/.venv/lib/python3.13/site-packages/django/utils/autoreload.py:265 - /Users/NETPHIX_DEV/Desktop/crypto-trading-broker/trading/views.py changed, reloading.
[2025-11-29 21:32:24,471] INFO django.utils.autoreload /Users/NETPHIX_DEV/Desktop/crypto-trading-broker/.venv/lib/python3.13/site-packages/django/utils/autoreload.py:265 - /Users/NETPHIX_DEV/Desktop/crypto-trading-broker/trading/views.py changed, reloading.
[2025-11-29 21:32:26,521] INFO django.utils.autoreload /Users/NETPHIX_DEV/Desktop/crypto-trading-broker/.venv/lib/python3.13/site-packages/django/utils/autoreload.py:667 - Watching for file changes with StatReloader
[2025-11-29 21:32:26,521] INFO django.utils.autoreload /Users/NETPHIX_DEV/Desktop/crypto-trading-broker/.venv/lib/python3.13/site-packages/django/utils/autoreload.py:667 - Watching for file changes with StatReloader
[2025-11-29 21:32:35,383] INFO django.server /Users/NETPHIX_DEV/Desktop/crypto-trading-broker/.venv/lib/python3.13/site-packages/django/core/servers/basehttp.py:213 - "GET /dashboard/trading-view/3/ HTTP/1.1" 200 105718
[2025-11-29 21:32:35,507] WARNING django.server /Users/NETPHIX_DEV/Desktop/crypto-trading-broker/.venv/lib/python3.13/site-packages/django/core/servers/basehttp.py:213 - "GET /.well-known/appspecific/com.chrome.devtools.json HTTP/1.1" 404 20022
[2025-11-29 21:32:35,797] INFO django.server /Users/NETPHIX_DEV/Desktop/crypto-trading-broker/.venv/lib/python3.13/site-packages/django/core/servers/basehttp.py:213 - "GET /static/assets/scripts/api.js HTTP/1.1" 200 31508
[2025-11-29 21:32:35,801] INFO django.server /Users/NETPHIX_DEV/Desktop/crypto-trading-broker/.venv/lib/python3.13/site-packages/django/core/servers/basehttp.py:213 - "GET /static/assets/scripts/order-handler.js HTTP/1.1" 200 16489
[2025-11-29 21:32:35,805] INFO django.server /Users/NETPHIX_DEV/Desktop/crypto-trading-broker/.venv/lib/python3.13/site-packages/django/core/servers/basehttp.py:213 - "GET /static/assets/scripts/trading-single.js HTTP/1.1" 200 40696
[2025-11-29 21:32:36,973] INFO django.server /Users/NETPHIX_DEV/Desktop/crypto-trading-broker/.venv/lib/python3.13/site-packages/django/core/servers/basehttp.py:213 - "GET /api/v1/trading/config/ HTTP/1.1" 200 1299
[2025-11-29 21:32:37,095] INFO django.server /Users/NETPHIX_DEV/Desktop/crypto-trading-broker/.venv/lib/python3.13/site-packages/django/core/servers/basehttp.py:213 - "GET /api/v1/orders/trading_summary/ HTTP/1.1" 200 291
[2025-11-29 21:32:37,114] INFO django.server /Users/NETPHIX_DEV/Desktop/crypto-trading-broker/.venv/lib/python3.13/site-packages/django/core/servers/basehttp.py:213 - "GET /api/v1/positions/ HTTP/1.1" 200 3959
[2025-11-29 21:32:37,251] INFO django.server /Users/NETPHIX_DEV/Desktop/crypto-trading-broker/.venv/lib/python3.13/site-packages/django/core/servers/basehttp.py:213 - "GET /api/v1/orders/ HTTP/1.1" 200 14596
[2025-11-29 21:32:37,267] INFO django.server /Users/NETPHIX_DEV/Desktop/crypto-trading-broker/.venv/lib/python3.13/site-packages/django/core/servers/basehttp.py:213 - "GET /api/v1/trading-pairs/3/ HTTP/1.1" 200 569
[2025-11-29 21:32:38,022] INFO django.server /Users/NETPHIX_DEV/Desktop/crypto-trading-broker/.venv/lib/python3.13/site-packages/django/core/servers/basehttp.py:213 - "GET /static/assets/img/XoR8MfdPTzQDfF4JVKuMIQhGj8HmCdPoBxveN4vK.png HTTP/1.1" 200 8868
[2025-11-29 21:32:38,976] INFO django.server /Users/NETPHIX_DEV/Desktop/crypto-trading-broker/.venv/lib/python3.13/site-packages/django/core/servers/basehttp.py:213 - "GET /api/v1/trading-pairs/3/market_data/ HTTP/1.1" 200 330
[2025-11-29 21:32:39,018] INFO django.server /Users/NETPHIX_DEV/Desktop/crypto-trading-broker/.venv/lib/python3.13/site-packages/django/core/servers/basehttp.py:213 - "GET /api/v1/accounts/balance/ HTTP/1.1" 200 353
[2025-11-29 21:32:39,070] INFO django.server /Users/NETPHIX_DEV/Desktop/crypto-trading-broker/.venv/lib/python3.13/site-packages/django/core/servers/basehttp.py:213 - "GET /api/v1/positions/ HTTP/1.1" 200 3959
[2025-11-29 21:32:39,135] INFO django.server /Users/NETPHIX_DEV/Desktop/crypto-trading-broker/.venv/lib/python3.13/site-packages/django/core/servers/basehttp.py:213 - "GET /api/v1/orders/ HTTP/1.1" 200 14596
[2025-11-29 21:32:39,326] INFO django.server /Users/NETPHIX_DEV/Desktop/crypto-trading-broker/.venv/lib/python3.13/site-packages/django/core/servers/basehttp.py:213 - "GET /api/v1/transactions/ HTTP/1.1" 200 2398
[2025-11-29 21:33:00,915] INFO django.server /Users/NETPHIX_DEV/Desktop/crypto-trading-broker/.venv/lib/python3.13/site-packages/django/core/servers/basehttp.py:213 - "POST /api/v1/cron/expire-orders/?token=5Pm-SoiK_WTo2hU1sfsprv4qaUTqp_s0rdbdag45k9M= HTTP/1.1" 200 131
[2025-11-29 21:33:00,916] INFO django.server /Users/NETPHIX_DEV/Desktop/crypto-trading-broker/.venv/lib/python3.13/site-packages/django/core/servers/basehttp.py:213 - "POST /api/v1/cron/execute-orders/?token=5Pm-SoiK_WTo2hU1sfsprv4qaUTqp_s0rdbdag45k9M= HTTP/1.1" 200 168
[2025-11-29 21:33:11,653] INFO django.server /Users/NETPHIX_DEV/Desktop/crypto-trading-broker/.venv/lib/python3.13/site-packages/django/core/servers/basehttp.py:213 - "POST /api/v1/cron/update-positions/?token=5Pm-SoiK_WTo2hU1sfsprv4qaUTqp_s0rdbdag45k9M= HTTP/1.1" 200 367
[2025-11-29 21:33:38,967] INFO django.server /Users/NETPHIX_DEV/Desktop/crypto-trading-broker/.venv/lib/python3.13/site-packages/django/core/servers/basehttp.py:213 - "GET /admin/trading/trade/ HTTP/1.1" 200 45704
[2025-11-29 21:33:39,011] INFO django.server /Users/NETPHIX_DEV/Desktop/crypto-trading-broker/.venv/lib/python3.13/site-packages/django/core/servers/basehttp.py:213 - "GET /admin/jsi18n/ HTTP/1.1" 200 3342
[2025-11-29 21:33:48,483] INFO django.server /Users/NETPHIX_DEV/Desktop/crypto-trading-broker/.venv/lib/python3.13/site-packages/django/core/servers/basehttp.py:213 - "GET /admin/trading/order/ HTTP/1.1" 200 53602
[2025-11-29 21:33:48,508] INFO django.server /Users/NETPHIX_DEV/Desktop/crypto-trading-broker/.venv/lib/python3.13/site-packages/django/core/servers/basehttp.py:213 - "GET /admin/jsi18n/ HTTP/1.1" 200 3342
[2025-11-29 21:33:53,710] INFO django.server /Users/NETPHIX_DEV/Desktop/crypto-trading-broker/.venv/lib/python3.13/site-packages/django/core/servers/basehttp.py:213 - "GET /admin/trading/order/13/change/ HTTP/1.1" 200 67199
[2025-11-29 21:33:53,729] INFO django.server /Users/NETPHIX_DEV/Desktop/crypto-trading-broker/.venv/lib/python3.13/site-packages/django/core/servers/basehttp.py:213 - "GET /admin/jsi18n/ HTTP/1.1" 200 3342
[2025-11-29 21:34:00,667] INFO django.server /Users/NETPHIX_DEV/Desktop/crypto-trading-broker/.venv/lib/python3.13/site-packages/django/core/servers/basehttp.py:213 - "POST /api/v1/cron/expire-orders/?token=5Pm-SoiK_WTo2hU1sfsprv4qaUTqp_s0rdbdag45k9M= HTTP/1.1" 200 131
[2025-11-29 21:34:01,417] INFO django.server /Users/NETPHIX_DEV/Desktop/crypto-trading-broker/.venv/lib/python3.13/site-packages/django/core/servers/basehttp.py:213 - "POST /api/v1/cron/execute-orders/?token=5Pm-SoiK_WTo2hU1sfsprv4qaUTqp_s0rdbdag45k9M= HTTP/1.1" 200 168
[2025-11-29 21:34:08,233] INFO django.server /Users/NETPHIX_DEV/Desktop/crypto-trading-broker/.venv/lib/python3.13/site-packages/django/core/servers/basehttp.py:213 - "POST /api/v1/cron/update-positions/?token=5Pm-SoiK_WTo2hU1sfsprv4qaUTqp_s0rdbdag45k9M= HTTP/1.1" 200 366
[2025-11-29 21:34:17,086] INFO django.server /Users/NETPHIX_DEV/Desktop/crypto-trading-broker/.venv/lib/python3.13/site-packages/django/core/servers/basehttp.py:213 - "GET /admin/trading/tradingpair/3/change/?_to_field=id&_popup=1 HTTP/1.1" 200 38046
[2025-11-29 21:34:17,109] INFO django.server /Users/NETPHIX_DEV/Desktop/crypto-trading-broker/.venv/lib/python3.13/site-packages/django/core/servers/basehttp.py:213 - "GET /admin/jsi18n/ HTTP/1.1" 200 3342
[2025-11-29 21:34:23,283] INFO django.server /Users/NETPHIX_DEV/Desktop/crypto-trading-broker/.venv/lib/python3.13/site-packages/django/core/servers/basehttp.py:213 - "GET /admin/trading/tradingpair/3/change/?_to_field=id HTTP/1.1" 200 68829
[2025-11-29 21:34:23,306] INFO django.server /Users/NETPHIX_DEV/Desktop/crypto-trading-broker/.venv/lib/python3.13/site-packages/django/core/servers/basehttp.py:213 - "GET /admin/jsi18n/ HTTP/1.1" 200 3342
[2025-11-29 21:34:53,272] INFO django.server /Users/NETPHIX_DEV/Desktop/crypto-trading-broker/.venv/lib/python3.13/site-packages/django/core/servers/basehttp.py:213 - "GET /admin/trading/transaction/ HTTP/1.1" 200 52681
[2025-11-29 21:34:53,289] INFO django.server /Users/NETPHIX_DEV/Desktop/crypto-trading-broker/.venv/lib/python3.13/site-packages/django/core/servers/basehttp.py:213 - "GET /admin/jsi18n/ HTTP/1.1" 200 3342
[2025-11-29 21:35:00,951] INFO django.server /Users/NETPHIX_DEV/Desktop/crypto-trading-broker/.venv/lib/python3.13/site-packages/django/core/servers/basehttp.py:213 - "POST /api/v1/cron/expire-orders/?token=5Pm-SoiK_WTo2hU1sfsprv4qaUTqp_s0rdbdag45k9M= HTTP/1.1" 200 131
[2025-11-29 21:35:01,925] INFO django.server /Users/NETPHIX_DEV/Desktop/crypto-trading-broker/.venv/lib/python3.13/site-packages/django/core/servers/basehttp.py:213 - "POST /api/v1/cron/process-investments/?token=5Pm-SoiK_WTo2hU1sfsprv4qaUTqp_s0rdbdag45k9M= HTTP/1.1" 200 154
[2025-11-29 21:35:01,926] INFO django.server /Users/NETPHIX_DEV/Desktop/crypto-trading-broker/.venv/lib/python3.13/site-packages/django/core/servers/basehttp.py:213 - "POST /api/v1/cron/execute-orders/?token=5Pm-SoiK_WTo2hU1sfsprv4qaUTqp_s0rdbdag45k9M= HTTP/1.1" 200 168
[2025-11-29 21:35:14,758] INFO django.server /Users/NETPHIX_DEV/Desktop/crypto-trading-broker/.venv/lib/python3.13/site-packages/django/core/servers/basehttp.py:213 - "POST /api/v1/cron/update-positions/?token=5Pm-SoiK_WTo2hU1sfsprv4qaUTqp_s0rdbdag45k9M= HTTP/1.1" 200 366
[2025-11-29 21:35:15,347] INFO django.server /Users/NETPHIX_DEV/Desktop/crypto-trading-broker/.venv/lib/python3.13/site-packages/django/core/servers/basehttp.py:213 - "GET /admin/trading/transaction/4/change/ HTTP/1.1" 200 60969
[2025-11-29 21:35:15,365] INFO django.server /Users/NETPHIX_DEV/Desktop/crypto-trading-broker/.venv/lib/python3.13/site-packages/django/core/servers/basehttp.py:213 - "GET /admin/jsi18n/ HTTP/1.1" 200 3342
[2025-11-29 21:35:15,421] INFO django.server /Users/NETPHIX_DEV/Desktop/crypto-trading-broker/.venv/lib/python3.13/site-packages/django/core/servers/basehttp.py:213 - "GET /static/admin/img/icon-deletelink.svg HTTP/1.1" 304 0
[2025-11-29 21:36:00,774] INFO django.server /Users/NETPHIX_DEV/Desktop/crypto-trading-broker/.venv/lib/python3.13/site-packages/django/core/servers/basehttp.py:213 - "POST /api/v1/cron/execute-orders/?token=5Pm-SoiK_WTo2hU1sfsprv4qaUTqp_s0rdbdag45k9M= HTTP/1.1" 200 168
[2025-11-29 21:36:00,774] INFO django.server /Users/NETPHIX_DEV/Desktop/crypto-trading-broker/.venv/lib/python3.13/site-packages/django/core/servers/basehttp.py:213 - "POST /api/v1/cron/expire-orders/?token=5Pm-SoiK_WTo2hU1sfsprv4qaUTqp_s0rdbdag45k9M= HTTP/1.1" 200 131
[2025-11-29 21:36:08,789] INFO django.server /Users/NETPHIX_DEV/Desktop/crypto-trading-broker/.venv/lib/python3.13/site-packages/django/core/servers/basehttp.py:213 - "POST /api/v1/cron/update-positions/?token=5Pm-SoiK_WTo2hU1sfsprv4qaUTqp_s0rdbdag45k9M= HTTP/1.1" 200 366
[2025-11-29 21:37:00,895] INFO django.server /Users/NETPHIX_DEV/Desktop/crypto-trading-broker/.venv/lib/python3.13/site-packages/django/core/servers/basehttp.py:213 - "POST /api/v1/cron/execute-orders/?token=5Pm-SoiK_WTo2hU1sfsprv4qaUTqp_s0rdbdag45k9M= HTTP/1.1" 200 168
[2025-11-29 21:37:00,897] INFO django.server /Users/NETPHIX_DEV/Desktop/crypto-trading-broker/.venv/lib/python3.13/site-packages/django/core/servers/basehttp.py:213 - "POST /api/v1/cron/expire-orders/?token=5Pm-SoiK_WTo2hU1sfsprv4qaUTqp_s0rdbdag45k9M= HTTP/1.1" 200 131
[2025-11-29 21:37:10,926] INFO django.server /Users/NETPHIX_DEV/Desktop/crypto-trading-broker/.venv/lib/python3.13/site-packages/django/core/servers/basehttp.py:213 - "POST /api/v1/cron/update-positions/?token=5Pm-SoiK_WTo2hU1sfsprv4qaUTqp_s0rdbdag45k9M= HTTP/1.1" 200 366
[2025-11-29 21:38:00,789] INFO django.server /Users/NETPHIX_DEV/Desktop/crypto-trading-broker/.venv/lib/python3.13/site-packages/django/core/servers/basehttp.py:213 - "POST /api/v1/cron/execute-orders/?token=5Pm-SoiK_WTo2hU1sfsprv4qaUTqp_s0rdbdag45k9M= HTTP/1.1" 200 168
[2025-11-29 21:38:00,790] INFO django.server /Users/NETPHIX_DEV/Desktop/crypto-trading-broker/.venv/lib/python3.13/site-packages/django/core/servers/basehttp.py:213 - "POST /api/v1/cron/expire-orders/?token=5Pm-SoiK_WTo2hU1sfsprv4qaUTqp_s0rdbdag45k9M= HTTP/1.1" 200 131
[2025-11-29 21:38:05,701] INFO django.server /Users/NETPHIX_DEV/Desktop/crypto-trading-broker/.venv/lib/python3.13/site-packages/django/core/servers/basehttp.py:213 - "POST /api/v1/cron/update-positions/?token=5Pm-SoiK_WTo2hU1sfsprv4qaUTqp_s0rdbdag45k9M= HTTP/1.1" 200 366
[2025-11-29 21:39:00,896] INFO django.server /Users/NETPHIX_DEV/Desktop/crypto-trading-broker/.venv/lib/python3.13/site-packages/django/core/servers/basehttp.py:213 - "POST /api/v1/cron/expire-orders/?token=5Pm-SoiK_WTo2hU1sfsprv4qaUTqp_s0rdbdag45k9M= HTTP/1.1" 200 131
[2025-11-29 21:39:00,901] INFO django.server /Users/NETPHIX_DEV/Desktop/crypto-trading-broker/.venv/lib/python3.13/site-packages/django/core/servers/basehttp.py:213 - "POST /api/v1/cron/execute-orders/?token=5Pm-SoiK_WTo2hU1sfsprv4qaUTqp_s0rdbdag45k9M= HTTP/1.1" 200 168
[2025-11-29 21:39:10,647] INFO django.server /Users/NETPHIX_DEV/Desktop/crypto-trading-broker/.venv/lib/python3.13/site-packages/django/core/servers/basehttp.py:213 - "POST /api/v1/cron/update-positions/?token=5Pm-SoiK_WTo2hU1sfsprv4qaUTqp_s0rdbdag45k9M= HTTP/1.1" 200 366
[2025-11-29 21:40:02,289] INFO django.server /Users/NETPHIX_DEV/Desktop/crypto-trading-broker/.venv/lib/python3.13/site-packages/django/core/servers/basehttp.py:213 - "POST /api/v1/cron/process-investments/?token=5Pm-SoiK_WTo2hU1sfsprv4qaUTqp_s0rdbdag45k9M= HTTP/1.1" 200 154
[2025-11-29 21:40:02,291] INFO django.server /Users/NETPHIX_DEV/Desktop/crypto-trading-broker/.venv/lib/python3.13/site-packages/django/core/servers/basehttp.py:213 - "POST /api/v1/cron/execute-orders/?token=5Pm-SoiK_WTo2hU1sfsprv4qaUTqp_s0rdbdag45k9M= HTTP/1.1" 200 168
[2025-11-29 21:40:02,659] INFO django.server /Users/NETPHIX_DEV/Desktop/crypto-trading-broker/.venv/lib/python3.13/site-packages/django/core/servers/basehttp.py:213 - "POST /api/v1/cron/expire-orders/?token=5Pm-SoiK_WTo2hU1sfsprv4qaUTqp_s0rdbdag45k9M= HTTP/1.1" 200 131
[2025-11-29 21:40:07,336] INFO django.server /Users/NETPHIX_DEV/Desktop/crypto-trading-broker/.venv/lib/python3.13/site-packages/django/core/servers/basehttp.py:213 - "POST /api/v1/cron/update-positions/?token=5Pm-SoiK_WTo2hU1sfsprv4qaUTqp_s0rdbdag45k9M= HTTP/1.1" 200 366
[2025-11-29 21:41:00,817] INFO django.server /Users/NETPHIX_DEV/Desktop/crypto-trading-broker/.venv/lib/python3.13/site-packages/django/core/servers/basehttp.py:213 - "POST /api/v1/cron/execute-orders/?token=5Pm-SoiK_WTo2hU1sfsprv4qaUTqp_s0rdbdag45k9M= HTTP/1.1" 200 168
[2025-11-29 21:41:00,818] INFO django.server /Users/NETPHIX_DEV/Desktop/crypto-trading-broker/.venv/lib/python3.13/site-packages/django/core/servers/basehttp.py:213 - "POST /api/v1/cron/expire-orders/?token=5Pm-SoiK_WTo2hU1sfsprv4qaUTqp_s0rdbdag45k9M= HTTP/1.1" 200 131
[2025-11-29 21:41:12,877] INFO django.server /Users/NETPHIX_DEV/Desktop/crypto-trading-broker/.venv/lib/python3.13/site-packages/django/core/servers/basehttp.py:213 - "POST /api/v1/cron/update-positions/?token=5Pm-SoiK_WTo2hU1sfsprv4qaUTqp_s0rdbdag45k9M= HTTP/1.1" 200 366
[2025-11-29 21:42:00,766] INFO django.server /Users/NETPHIX_DEV/Desktop/crypto-trading-broker/.venv/lib/python3.13/site-packages/django/core/servers/basehttp.py:213 - "POST /api/v1/cron/expire-orders/?token=5Pm-SoiK_WTo2hU1sfsprv4qaUTqp_s0rdbdag45k9M= HTTP/1.1" 200 131
[2025-11-29 21:42:00,856] INFO django.server /Users/NETPHIX_DEV/Desktop/crypto-trading-broker/.venv/lib/python3.13/site-packages/django/core/servers/basehttp.py:213 - "POST /api/v1/cron/execute-orders/?token=5Pm-SoiK_WTo2hU1sfsprv4qaUTqp_s0rdbdag45k9M= HTTP/1.1" 200 168
[2025-11-29 21:42:06,214] INFO django.server /Users/NETPHIX_DEV/Desktop/crypto-trading-broker/.venv/lib/python3.13/site-packages/django/core/servers/basehttp.py:213 - "POST /api/v1/cron/update-positions/?token=5Pm-SoiK_WTo2hU1sfsprv4qaUTqp_s0rdbdag45k9M= HTTP/1.1" 200 366
[2025-11-29 21:43:00,927] INFO django.server /Users/NETPHIX_DEV/Desktop/crypto-trading-broker/.venv/lib/python3.13/site-packages/django/core/servers/basehttp.py:213 - "POST /api/v1/cron/execute-orders/?token=5Pm-SoiK_WTo2hU1sfsprv4qaUTqp_s0rdbdag45k9M= HTTP/1.1" 200 168
[2025-11-29 21:43:00,929] INFO django.server /Users/NETPHIX_DEV/Desktop/crypto-trading-broker/.venv/lib/python3.13/site-packages/django/core/servers/basehttp.py:213 - "POST /api/v1/cron/expire-orders/?token=5Pm-SoiK_WTo2hU1sfsprv4qaUTqp_s0rdbdag45k9M= HTTP/1.1" 200 131
[2025-11-29 21:43:10,322] INFO django.server /Users/NETPHIX_DEV/Desktop/crypto-trading-broker/.venv/lib/python3.13/site-packages/django/core/servers/basehttp.py:213 - "POST /api/v1/cron/update-positions/?token=5Pm-SoiK_WTo2hU1sfsprv4qaUTqp_s0rdbdag45k9M= HTTP/1.1" 200 366
[2025-11-29 21:44:00,745] INFO django.server /Users/NETPHIX_DEV/Desktop/crypto-trading-broker/.venv/lib/python3.13/site-packages/django/core/servers/basehttp.py:213 - "POST /api/v1/cron/execute-orders/?token=5Pm-SoiK_WTo2hU1sfsprv4qaUTqp_s0rdbdag45k9M= HTTP/1.1" 200 168
[2025-11-29 21:44:00,901] INFO django.server /Users/NETPHIX_DEV/Desktop/crypto-trading-broker/.venv/lib/python3.13/site-packages/django/core/servers/basehttp.py:213 - "POST /api/v1/cron/expire-orders/?token=5Pm-SoiK_WTo2hU1sfsprv4qaUTqp_s0rdbdag45k9M= HTTP/1.1" 200 131
[2025-11-29 21:44:04,665] INFO django.server /Users/NETPHIX_DEV/Desktop/crypto-trading-broker/.venv/lib/python3.13/site-packages/django/core/servers/basehttp.py:213 - "POST /api/v1/cron/update-positions/?token=5Pm-SoiK_WTo2hU1sfsprv4qaUTqp_s0rdbdag45k9M= HTTP/1.1" 200 366
[2025-11-29 21:44:49,151] INFO django.server /Users/NETPHIX_DEV/Desktop/crypto-trading-broker/.venv/lib/python3.13/site-packages/django/core/servers/basehttp.py:213 - "GET /dashboard/trading HTTP/1.1" 200 87018
[2025-11-29 21:44:49,233] INFO django.server /Users/NETPHIX_DEV/Desktop/crypto-trading-broker/.venv/lib/python3.13/site-packages/django/core/servers/basehttp.py:213 - "GET /static/assets/scripts/api.js HTTP/1.1" 304 0
[2025-11-29 21:44:49,240] INFO django.server /Users/NETPHIX_DEV/Desktop/crypto-trading-broker/.venv/lib/python3.13/site-packages/django/core/servers/basehttp.py:213 - "GET /static/assets/scripts/trading-handler.js HTTP/1.1" 200 19610
[2025-11-29 21:44:49,280] WARNING django.server /Users/NETPHIX_DEV/Desktop/crypto-trading-broker/.venv/lib/python3.13/site-packages/django/core/servers/basehttp.py:213 - "GET /.well-known/appspecific/com.chrome.devtools.json HTTP/1.1" 404 20022
[2025-11-29 21:44:51,356] INFO django.server /Users/NETPHIX_DEV/Desktop/crypto-trading-broker/.venv/lib/python3.13/site-packages/django/core/servers/basehttp.py:213 - "GET /api/v1/trading-pairs/ HTTP/1.1" 200 92400
[2025-11-29 21:44:52,092] INFO django.server /Users/NETPHIX_DEV/Desktop/crypto-trading-broker/.venv/lib/python3.13/site-packages/django/core/servers/basehttp.py:213 - "GET /api/v1/trading-pairs/market_status/ HTTP/1.1" 200 594
[2025-11-29 21:44:54,332] INFO django.server /Users/NETPHIX_DEV/Desktop/crypto-trading-broker/.venv/lib/python3.13/site-packages/django/core/servers/basehttp.py:213 - "GET /dashboard/trading-view/15/ HTTP/1.1" 200 105718
[2025-11-29 21:44:54,414] INFO django.server /Users/NETPHIX_DEV/Desktop/crypto-trading-broker/.venv/lib/python3.13/site-packages/django/core/servers/basehttp.py:213 - "GET /static/assets/scripts/trading-single.js HTTP/1.1" 304 0
[2025-11-29 21:44:54,818] WARNING django.server /Users/NETPHIX_DEV/Desktop/crypto-trading-broker/.venv/lib/python3.13/site-packages/django/core/servers/basehttp.py:213 - "GET /.well-known/appspecific/com.chrome.devtools.json HTTP/1.1" 404 20022
[2025-11-29 21:44:55,183] INFO django.server /Users/NETPHIX_DEV/Desktop/crypto-trading-broker/.venv/lib/python3.13/site-packages/django/core/servers/basehttp.py:213 - "GET /api/v1/trading/config/ HTTP/1.1" 200 1299
[2025-11-29 21:44:55,328] INFO django.server /Users/NETPHIX_DEV/Desktop/crypto-trading-broker/.venv/lib/python3.13/site-packages/django/core/servers/basehttp.py:213 - "GET /api/v1/orders/trading_summary/ HTTP/1.1" 200 291
[2025-11-29 21:44:55,350] INFO django.server /Users/NETPHIX_DEV/Desktop/crypto-trading-broker/.venv/lib/python3.13/site-packages/django/core/servers/basehttp.py:213 - "GET /api/v1/positions/ HTTP/1.1" 200 3958
[2025-11-29 21:44:55,374] INFO django.server /Users/NETPHIX_DEV/Desktop/crypto-trading-broker/.venv/lib/python3.13/site-packages/django/core/servers/basehttp.py:213 - "GET /api/v1/orders/ HTTP/1.1" 200 14596
[2025-11-29 21:44:55,407] INFO django.server /Users/NETPHIX_DEV/Desktop/crypto-trading-broker/.venv/lib/python3.13/site-packages/django/core/servers/basehttp.py:213 - "GET /api/v1/trading-pairs/15/ HTTP/1.1" 200 556
[2025-11-29 21:45:00,163] INFO django.server /Users/NETPHIX_DEV/Desktop/crypto-trading-broker/.venv/lib/python3.13/site-packages/django/core/servers/basehttp.py:213 - "GET /api/v1/trading-pairs/15/market_data/ HTTP/1.1" 200 292
[2025-11-29 21:45:00,187] INFO django.server /Users/NETPHIX_DEV/Desktop/crypto-trading-broker/.venv/lib/python3.13/site-packages/django/core/servers/basehttp.py:213 - "GET /api/v1/accounts/balance/ HTTP/1.1" 200 353
[2025-11-29 21:45:00,217] INFO django.server /Users/NETPHIX_DEV/Desktop/crypto-trading-broker/.venv/lib/python3.13/site-packages/django/core/servers/basehttp.py:213 - "GET /api/v1/positions/ HTTP/1.1" 200 3958
[2025-11-29 21:45:00,278] INFO django.server /Users/NETPHIX_DEV/Desktop/crypto-trading-broker/.venv/lib/python3.13/site-packages/django/core/servers/basehttp.py:213 - "GET /api/v1/orders/ HTTP/1.1" 200 14596
[2025-11-29 21:45:00,314] INFO django.server /Users/NETPHIX_DEV/Desktop/crypto-trading-broker/.venv/lib/python3.13/site-packages/django/core/servers/basehttp.py:213 - "GET /api/v1/transactions/ HTTP/1.1" 200 2398
[2025-11-29 21:45:02,266] INFO django.server /Users/NETPHIX_DEV/Desktop/crypto-trading-broker/.venv/lib/python3.13/site-packages/django/core/servers/basehttp.py:213 - "POST /api/v1/cron/expire-orders/?token=5Pm-SoiK_WTo2hU1sfsprv4qaUTqp_s0rdbdag45k9M= HTTP/1.1" 200 131
[2025-11-29 21:45:02,267] INFO django.server /Users/NETPHIX_DEV/Desktop/crypto-trading-broker/.venv/lib/python3.13/site-packages/django/core/servers/basehttp.py:213 - "POST /api/v1/cron/execute-orders/?token=5Pm-SoiK_WTo2hU1sfsprv4qaUTqp_s0rdbdag45k9M= HTTP/1.1" 200 168
[2025-11-29 21:45:02,518] INFO django.server /Users/NETPHIX_DEV/Desktop/crypto-trading-broker/.venv/lib/python3.13/site-packages/django/core/servers/basehttp.py:213 - "POST /api/v1/cron/process-investments/?token=5Pm-SoiK_WTo2hU1sfsprv4qaUTqp_s0rdbdag45k9M= HTTP/1.1" 200 154
[2025-11-29 21:45:12,396] INFO django.server /Users/NETPHIX_DEV/Desktop/crypto-trading-broker/.venv/lib/python3.13/site-packages/django/core/servers/basehttp.py:213 - "POST /api/v1/cron/update-positions/?token=5Pm-SoiK_WTo2hU1sfsprv4qaUTqp_s0rdbdag45k9M= HTTP/1.1" 200 366
[2025-11-29 21:45:39,059] INFO django.server /Users/NETPHIX_DEV/Desktop/crypto-trading-broker/.venv/lib/python3.13/site-packages/django/core/servers/basehttp.py:213 - "GET /dashboard/trading-view/15/ HTTP/1.1" 200 103670
[2025-11-29 21:45:39,158] WARNING django.server /Users/NETPHIX_DEV/Desktop/crypto-trading-broker/.venv/lib/python3.13/site-packages/django/core/servers/basehttp.py:213 - "GET /.well-known/appspecific/com.chrome.devtools.json HTTP/1.1" 404 20022
[2025-11-29 21:45:39,596] INFO django.server /Users/NETPHIX_DEV/Desktop/crypto-trading-broker/.venv/lib/python3.13/site-packages/django/core/servers/basehttp.py:213 - "GET /api/v1/trading/config/ HTTP/1.1" 200 1299
[2025-11-29 21:45:39,742] INFO django.server /Users/NETPHIX_DEV/Desktop/crypto-trading-broker/.venv/lib/python3.13/site-packages/django/core/servers/basehttp.py:213 - "GET /api/v1/orders/trading_summary/ HTTP/1.1" 200 291
[2025-11-29 21:45:39,773] INFO django.server /Users/NETPHIX_DEV/Desktop/crypto-trading-broker/.venv/lib/python3.13/site-packages/django/core/servers/basehttp.py:213 - "GET /api/v1/positions/ HTTP/1.1" 200 3957
[2025-11-29 21:45:39,802] INFO django.server /Users/NETPHIX_DEV/Desktop/crypto-trading-broker/.venv/lib/python3.13/site-packages/django/core/servers/basehttp.py:213 - "GET /api/v1/orders/ HTTP/1.1" 200 14596
[2025-11-29 21:45:39,827] INFO django.server /Users/NETPHIX_DEV/Desktop/crypto-trading-broker/.venv/lib/python3.13/site-packages/django/core/servers/basehttp.py:213 - "GET /api/v1/trading-pairs/15/ HTTP/1.1" 200 556
[2025-11-29 21:45:39,895] INFO django.server /Users/NETPHIX_DEV/Desktop/crypto-trading-broker/.venv/lib/python3.13/site-packages/django/core/servers/basehttp.py:213 - "GET /api/v1/trading-pairs/15/market_data/ HTTP/1.1" 200 292
[2025-11-29 21:45:39,919] INFO django.server /Users/NETPHIX_DEV/Desktop/crypto-trading-broker/.venv/lib/python3.13/site-packages/django/core/servers/basehttp.py:213 - "GET /api/v1/accounts/balance/ HTTP/1.1" 200 353
[2025-11-29 21:45:39,961] INFO django.server /Users/NETPHIX_DEV/Desktop/crypto-trading-broker/.venv/lib/python3.13/site-packages/django/core/servers/basehttp.py:213 - "GET /api/v1/positions/ HTTP/1.1" 200 3957
[2025-11-29 21:45:40,002] INFO django.server /Users/NETPHIX_DEV/Desktop/crypto-trading-broker/.venv/lib/python3.13/site-packages/django/core/servers/basehttp.py:213 - "GET /api/v1/orders/ HTTP/1.1" 200 14596
[2025-11-29 21:45:40,027] INFO django.server /Users/NETPHIX_DEV/Desktop/crypto-trading-broker/.venv/lib/python3.13/site-packages/django/core/servers/basehttp.py:213 - "GET /api/v1/transactions/ HTTP/1.1" 200 2398
[2025-11-29 21:46:00,671] INFO django.server /Users/NETPHIX_DEV/Desktop/crypto-trading-broker/.venv/lib/python3.13/site-packages/django/core/servers/basehttp.py:81 - - Broken pipe from ('127.0.0.1', 62425)
[2025-11-29 21:46:00,898] INFO django.server /Users/NETPHIX_DEV/Desktop/crypto-trading-broker/.venv/lib/python3.13/site-packages/django/core/servers/basehttp.py:213 - "POST /api/v1/cron/execute-orders/?token=5Pm-SoiK_WTo2hU1sfsprv4qaUTqp_s0rdbdag45k9M= HTTP/1.1" 200 168
[2025-11-29 21:46:00,906] INFO django.server /Users/NETPHIX_DEV/Desktop/crypto-trading-broker/.venv/lib/python3.13/site-packages/django/core/servers/basehttp.py:213 - "POST /api/v1/cron/expire-orders/?token=5Pm-SoiK_WTo2hU1sfsprv4qaUTqp_s0rdbdag45k9M= HTTP/1.1" 200 131
[2025-11-29 21:46:05,743] INFO django.server /Users/NETPHIX_DEV/Desktop/crypto-trading-broker/.venv/lib/python3.13/site-packages/django/core/servers/basehttp.py:213 - "POST /api/v1/cron/update-positions/?token=5Pm-SoiK_WTo2hU1sfsprv4qaUTqp_s0rdbdag45k9M= HTTP/1.1" 200 366
[2025-11-29 21:46:53,549] INFO django.server /Users/NETPHIX_DEV/Desktop/crypto-trading-broker/.venv/lib/python3.13/site-packages/django/core/servers/basehttp.py:213 - "GET /dashboard/trading-view/15/ HTTP/1.1" 200 118821
[2025-11-29 21:46:53,662] WARNING django.server /Users/NETPHIX_DEV/Desktop/crypto-trading-broker/.venv/lib/python3.13/site-packages/django/core/servers/basehttp.py:213 - "GET /.well-known/appspecific/com.chrome.devtools.json HTTP/1.1" 404 20022
[2025-11-29 21:46:54,404] INFO django.server /Users/NETPHIX_DEV/Desktop/crypto-trading-broker/.venv/lib/python3.13/site-packages/django/core/servers/basehttp.py:213 - "GET /api/v1/trading/config/ HTTP/1.1" 200 1299
[2025-11-29 21:46:54,619] INFO django.server /Users/NETPHIX_DEV/Desktop/crypto-trading-broker/.venv/lib/python3.13/site-packages/django/core/servers/basehttp.py:213 - "GET /api/v1/orders/trading_summary/ HTTP/1.1" 200 291
[2025-11-29 21:46:54,648] INFO django.server /Users/NETPHIX_DEV/Desktop/crypto-trading-broker/.venv/lib/python3.13/site-packages/django/core/servers/basehttp.py:213 - "GET /api/v1/positions/ HTTP/1.1" 200 3958
[2025-11-29 21:46:54,687] INFO django.server /Users/NETPHIX_DEV/Desktop/crypto-trading-broker/.venv/lib/python3.13/site-packages/django/core/servers/basehttp.py:213 - "GET /api/v1/orders/ HTTP/1.1" 200 14596
[2025-11-29 21:46:54,710] INFO django.server /Users/NETPHIX_DEV/Desktop/crypto-trading-broker/.venv/lib/python3.13/site-packages/django/core/servers/basehttp.py:213 - "GET /api/v1/trading-pairs/15/ HTTP/1.1" 200 556
[2025-11-29 21:46:59,350] INFO django.server /Users/NETPHIX_DEV/Desktop/crypto-trading-broker/.venv/lib/python3.13/site-packages/django/core/servers/basehttp.py:213 - "GET /api/v1/trading-pairs/15/market_data/ HTTP/1.1" 200 292
[2025-11-29 21:46:59,367] INFO django.server /Users/NETPHIX_DEV/Desktop/crypto-trading-broker/.venv/lib/python3.13/site-packages/django/core/servers/basehttp.py:213 - "GET /api/v1/accounts/balance/ HTTP/1.1" 200 353
[2025-11-29 21:46:59,407] INFO django.server /Users/NETPHIX_DEV/Desktop/crypto-trading-broker/.venv/lib/python3.13/site-packages/django/core/servers/basehttp.py:213 - "GET /api/v1/positions/ HTTP/1.1" 200 3958
[2025-11-29 21:46:59,445] INFO django.server /Users/NETPHIX_DEV/Desktop/crypto-trading-broker/.venv/lib/python3.13/site-packages/django/core/servers/basehttp.py:213 - "GET /api/v1/orders/ HTTP/1.1" 200 14596
[2025-11-29 21:46:59,521] INFO django.server /Users/NETPHIX_DEV/Desktop/crypto-trading-broker/.venv/lib/python3.13/site-packages/django/core/servers/basehttp.py:213 - "GET /api/v1/transactions/ HTTP/1.1" 200 2398
[2025-11-29 21:47:00,924] INFO django.server /Users/NETPHIX_DEV/Desktop/crypto-trading-broker/.venv/lib/python3.13/site-packages/django/core/servers/basehttp.py:213 - "POST /api/v1/cron/execute-orders/?token=5Pm-SoiK_WTo2hU1sfsprv4qaUTqp_s0rdbdag45k9M= HTTP/1.1" 200 168
[2025-11-29 21:47:00,933] INFO django.server /Users/NETPHIX_DEV/Desktop/crypto-trading-broker/.venv/lib/python3.13/site-packages/django/core/servers/basehttp.py:213 - "POST /api/v1/cron/expire-orders/?token=5Pm-SoiK_WTo2hU1sfsprv4qaUTqp_s0rdbdag45k9M= HTTP/1.1" 200 131
[2025-11-29 21:47:09,946] INFO django.server /Users/NETPHIX_DEV/Desktop/crypto-trading-broker/.venv/lib/python3.13/site-packages/django/core/servers/basehttp.py:213 - "POST /api/v1/cron/update-positions/?token=5Pm-SoiK_WTo2hU1sfsprv4qaUTqp_s0rdbdag45k9M= HTTP/1.1" 200 366
[2025-11-29 21:48:00,772] INFO django.server /Users/NETPHIX_DEV/Desktop/crypto-trading-broker/.venv/lib/python3.13/site-packages/django/core/servers/basehttp.py:213 - "POST /api/v1/cron/expire-orders/?token=5Pm-SoiK_WTo2hU1sfsprv4qaUTqp_s0rdbdag45k9M= HTTP/1.1" 200 131
[2025-11-29 21:48:00,815] INFO django.server /Users/NETPHIX_DEV/Desktop/crypto-trading-broker/.venv/lib/python3.13/site-packages/django/core/servers/basehttp.py:213 - "POST /api/v1/cron/execute-orders/?token=5Pm-SoiK_WTo2hU1sfsprv4qaUTqp_s0rdbdag45k9M= HTTP/1.1" 200 168
[2025-11-29 21:48:05,567] INFO django.server /Users/NETPHIX_DEV/Desktop/crypto-trading-broker/.venv/lib/python3.13/site-packages/django/core/servers/basehttp.py:213 - "POST /api/v1/cron/update-positions/?token=5Pm-SoiK_WTo2hU1sfsprv4qaUTqp_s0rdbdag45k9M= HTTP/1.1" 200 366
[2025-11-29 21:48:34,700] INFO django.server /Users/NETPHIX_DEV/Desktop/crypto-trading-broker/.venv/lib/python3.13/site-packages/django/core/servers/basehttp.py:213 - "GET /dashboard/trading-view/15/ HTTP/1.1" 200 118842
[2025-11-29 21:48:34,797] INFO django.server /Users/NETPHIX_DEV/Desktop/crypto-trading-broker/.venv/lib/python3.13/site-packages/django/core/servers/basehttp.py:213 - "GET /static/assets/scripts/api.js HTTP/1.1" 304 0
[2025-11-29 21:48:34,799] INFO django.server /Users/NETPHIX_DEV/Desktop/crypto-trading-broker/.venv/lib/python3.13/site-packages/django/core/servers/basehttp.py:213 - "GET /static/assets/scripts/trading-single.js HTTP/1.1" 304 0
[2025-11-29 21:48:34,929] WARNING django.server /Users/NETPHIX_DEV/Desktop/crypto-trading-broker/.venv/lib/python3.13/site-packages/django/core/servers/basehttp.py:213 - "GET /.well-known/appspecific/com.chrome.devtools.json HTTP/1.1" 404 20022
[2025-11-29 21:48:35,660] INFO django.server /Users/NETPHIX_DEV/Desktop/crypto-trading-broker/.venv/lib/python3.13/site-packages/django/core/servers/basehttp.py:213 - "GET /api/v1/trading/config/ HTTP/1.1" 200 1299
[2025-11-29 21:48:35,829] INFO django.server /Users/NETPHIX_DEV/Desktop/crypto-trading-broker/.venv/lib/python3.13/site-packages/django/core/servers/basehttp.py:213 - "GET /api/v1/orders/trading_summary/ HTTP/1.1" 200 291
[2025-11-29 21:48:35,847] INFO django.server /Users/NETPHIX_DEV/Desktop/crypto-trading-broker/.venv/lib/python3.13/site-packages/django/core/servers/basehttp.py:213 - "GET /api/v1/positions/ HTTP/1.1" 200 3956
[2025-11-29 21:48:35,873] INFO django.server /Users/NETPHIX_DEV/Desktop/crypto-trading-broker/.venv/lib/python3.13/site-packages/django/core/servers/basehttp.py:213 - "GET /api/v1/orders/ HTTP/1.1" 200 14596
[2025-11-29 21:48:35,894] INFO django.server /Users/NETPHIX_DEV/Desktop/crypto-trading-broker/.venv/lib/python3.13/site-packages/django/core/servers/basehttp.py:213 - "GET /api/v1/trading-pairs/15/ HTTP/1.1" 200 556
[2025-11-29 21:48:40,583] INFO django.server /Users/NETPHIX_DEV/Desktop/crypto-trading-broker/.venv/lib/python3.13/site-packages/django/core/servers/basehttp.py:213 - "GET /api/v1/trading-pairs/15/market_data/ HTTP/1.1" 200 292
[2025-11-29 21:48:40,599] INFO django.server /Users/NETPHIX_DEV/Desktop/crypto-trading-broker/.venv/lib/python3.13/site-packages/django/core/servers/basehttp.py:213 - "GET /api/v1/accounts/balance/ HTTP/1.1" 200 353
[2025-11-29 21:48:40,629] INFO django.server /Users/NETPHIX_DEV/Desktop/crypto-trading-broker/.venv/lib/python3.13/site-packages/django/core/servers/basehttp.py:213 - "GET /api/v1/positions/ HTTP/1.1" 200 3956
[2025-11-29 21:48:40,664] INFO django.server /Users/NETPHIX_DEV/Desktop/crypto-trading-broker/.venv/lib/python3.13/site-packages/django/core/servers/basehttp.py:213 - "GET /api/v1/orders/ HTTP/1.1" 200 14596
[2025-11-29 21:48:40,733] INFO django.server /Users/NETPHIX_DEV/Desktop/crypto-trading-broker/.venv/lib/python3.13/site-packages/django/core/servers/basehttp.py:213 - "GET /api/v1/transactions/ HTTP/1.1" 200 2398
[2025-11-29 21:48:53,048] WARNING django.server /Users/NETPHIX_DEV/Desktop/crypto-trading-broker/.venv/lib/python3.13/site-packages/django/core/servers/basehttp.py:213 - "GET /.well-known/appspecific/com.chrome.devtools.json HTTP/1.1" 404 20022
[2025-11-29 21:49:00,792] INFO django.server /Users/NETPHIX_DEV/Desktop/crypto-trading-broker/.venv/lib/python3.13/site-packages/django/core/servers/basehttp.py:213 - "POST /api/v1/cron/execute-orders/?token=5Pm-SoiK_WTo2hU1sfsprv4qaUTqp_s0rdbdag45k9M= HTTP/1.1" 200 168
[2025-11-29 21:49:00,868] INFO django.server /Users/NETPHIX_DEV/Desktop/crypto-trading-broker/.venv/lib/python3.13/site-packages/django/core/servers/basehttp.py:213 - "POST /api/v1/cron/expire-orders/?token=5Pm-SoiK_WTo2hU1sfsprv4qaUTqp_s0rdbdag45k9M= HTTP/1.1" 200 131
[2025-11-29 21:49:01,165] INFO django.server /Users/NETPHIX_DEV/Desktop/crypto-trading-broker/.venv/lib/python3.13/site-packages/django/core/servers/basehttp.py:213 - "GET /dashboard/trading-view/2/ HTTP/1.1" 200 118842
[2025-11-29 21:49:01,266] WARNING django.server /Users/NETPHIX_DEV/Desktop/crypto-trading-broker/.venv/lib/python3.13/site-packages/django/core/servers/basehttp.py:213 - "GET /.well-known/appspecific/com.chrome.devtools.json HTTP/1.1" 404 20022
[2025-11-29 21:49:01,663] INFO django.server /Users/NETPHIX_DEV/Desktop/crypto-trading-broker/.venv/lib/python3.13/site-packages/django/core/servers/basehttp.py:213 - "GET /api/v1/trading/config/ HTTP/1.1" 200 1299
[2025-11-29 21:49:01,811] INFO django.server /Users/NETPHIX_DEV/Desktop/crypto-trading-broker/.venv/lib/python3.13/site-packages/django/core/servers/basehttp.py:213 - "GET /api/v1/orders/trading_summary/ HTTP/1.1" 200 291
[2025-11-29 21:49:01,883] INFO django.server /Users/NETPHIX_DEV/Desktop/crypto-trading-broker/.venv/lib/python3.13/site-packages/django/core/servers/basehttp.py:213 - "GET /api/v1/positions/ HTTP/1.1" 200 3956
[2025-11-29 21:49:01,916] INFO django.server /Users/NETPHIX_DEV/Desktop/crypto-trading-broker/.venv/lib/python3.13/site-packages/django/core/servers/basehttp.py:213 - "GET /api/v1/orders/ HTTP/1.1" 200 14596
[2025-11-29 21:49:01,937] INFO django.server /Users/NETPHIX_DEV/Desktop/crypto-trading-broker/.venv/lib/python3.13/site-packages/django/core/servers/basehttp.py:213 - "GET /api/v1/trading-pairs/2/ HTTP/1.1" 200 586
[2025-11-29 21:49:03,831] INFO django.server /Users/NETPHIX_DEV/Desktop/crypto-trading-broker/.venv/lib/python3.13/site-packages/django/core/servers/basehttp.py:213 - "GET /api/v1/trading-pairs/2/market_data/ HTTP/1.1" 200 337
[2025-11-29 21:49:03,847] INFO django.server /Users/NETPHIX_DEV/Desktop/crypto-trading-broker/.venv/lib/python3.13/site-packages/django/core/servers/basehttp.py:213 - "GET /api/v1/accounts/balance/ HTTP/1.1" 200 353
[2025-11-29 21:49:03,867] INFO django.server /Users/NETPHIX_DEV/Desktop/crypto-trading-broker/.venv/lib/python3.13/site-packages/django/core/servers/basehttp.py:213 - "GET /api/v1/positions/ HTTP/1.1" 200 3956
[2025-11-29 21:49:03,934] INFO django.server /Users/NETPHIX_DEV/Desktop/crypto-trading-broker/.venv/lib/python3.13/site-packages/django/core/servers/basehttp.py:213 - "GET /api/v1/orders/ HTTP/1.1" 200 14596
[2025-11-29 21:49:04,046] INFO django.server /Users/NETPHIX_DEV/Desktop/crypto-trading-broker/.venv/lib/python3.13/site-packages/django/core/servers/basehttp.py:213 - "GET /api/v1/transactions/ HTTP/1.1" 200 2398
[2025-11-29 21:49:10,454] INFO django.server /Users/NETPHIX_DEV/Desktop/crypto-trading-broker/.venv/lib/python3.13/site-packages/django/core/servers/basehttp.py:213 - "POST /api/v1/cron/update-positions/?token=5Pm-SoiK_WTo2hU1sfsprv4qaUTqp_s0rdbdag45k9M= HTTP/1.1" 200 366
[2025-11-29 21:50:01,909] INFO django.server /Users/NETPHIX_DEV/Desktop/crypto-trading-broker/.venv/lib/python3.13/site-packages/django/core/servers/basehttp.py:213 - "POST /api/v1/cron/execute-orders/?token=5Pm-SoiK_WTo2hU1sfsprv4qaUTqp_s0rdbdag45k9M= HTTP/1.1" 200 168
[2025-11-29 21:50:02,800] INFO django.server /Users/NETPHIX_DEV/Desktop/crypto-trading-broker/.venv/lib/python3.13/site-packages/django/core/servers/basehttp.py:213 - "POST /api/v1/cron/expire-orders/?token=5Pm-SoiK_WTo2hU1sfsprv4qaUTqp_s0rdbdag45k9M= HTTP/1.1" 200 131
[2025-11-29 21:50:03,096] INFO django.server /Users/NETPHIX_DEV/Desktop/crypto-trading-broker/.venv/lib/python3.13/site-packages/django/core/servers/basehttp.py:213 - "POST /api/v1/cron/process-investments/?token=5Pm-SoiK_WTo2hU1sfsprv4qaUTqp_s0rdbdag45k9M= HTTP/1.1" 200 154
[2025-11-29 21:50:07,807] INFO django.server /Users/NETPHIX_DEV/Desktop/crypto-trading-broker/.venv/lib/python3.13/site-packages/django/core/servers/basehttp.py:213 - "POST /api/v1/cron/update-positions/?token=5Pm-SoiK_WTo2hU1sfsprv4qaUTqp_s0rdbdag45k9M= HTTP/1.1" 200 366
[2025-11-29 21:51:00,803] INFO django.server /Users/NETPHIX_DEV/Desktop/crypto-trading-broker/.venv/lib/python3.13/site-packages/django/core/servers/basehttp.py:213 - "POST /api/v1/cron/execute-orders/?token=5Pm-SoiK_WTo2hU1sfsprv4qaUTqp_s0rdbdag45k9M= HTTP/1.1" 200 168
[2025-11-29 21:51:00,805] INFO django.server /Users/NETPHIX_DEV/Desktop/crypto-trading-broker/.venv/lib/python3.13/site-packages/django/core/servers/basehttp.py:213 - "POST /api/v1/cron/expire-orders/?token=5Pm-SoiK_WTo2hU1sfsprv4qaUTqp_s0rdbdag45k9M= HTTP/1.1" 200 131
[2025-11-29 21:51:13,247] INFO django.server /Users/NETPHIX_DEV/Desktop/crypto-trading-broker/.venv/lib/python3.13/site-packages/django/core/servers/basehttp.py:213 - "POST /api/v1/cron/update-positions/?token=5Pm-SoiK_WTo2hU1sfsprv4qaUTqp_s0rdbdag45k9M= HTTP/1.1" 200 366
[2025-11-29 21:52:00,765] INFO django.server /Users/NETPHIX_DEV/Desktop/crypto-trading-broker/.venv/lib/python3.13/site-packages/django/core/servers/basehttp.py:213 - "POST /api/v1/cron/execute-orders/?token=5Pm-SoiK_WTo2hU1sfsprv4qaUTqp_s0rdbdag45k9M= HTTP/1.1" 200 168
[2025-11-29 21:52:00,804] INFO django.server /Users/NETPHIX_DEV/Desktop/crypto-trading-broker/.venv/lib/python3.13/site-packages/django/core/servers/basehttp.py:213 - "POST /api/v1/cron/expire-orders/?token=5Pm-SoiK_WTo2hU1sfsprv4qaUTqp_s0rdbdag45k9M= HTTP/1.1" 200 131
[2025-11-29 21:52:05,867] INFO django.server /Users/NETPHIX_DEV/Desktop/crypto-trading-broker/.venv/lib/python3.13/site-packages/django/core/servers/basehttp.py:213 - "POST /api/v1/cron/update-positions/?token=5Pm-SoiK_WTo2hU1sfsprv4qaUTqp_s0rdbdag45k9M= HTTP/1.1" 200 366
[2025-11-29 21:53:00,774] INFO django.server /Users/NETPHIX_DEV/Desktop/crypto-trading-broker/.venv/lib/python3.13/site-packages/django/core/servers/basehttp.py:213 - "POST /api/v1/cron/execute-orders/?token=5Pm-SoiK_WTo2hU1sfsprv4qaUTqp_s0rdbdag45k9M= HTTP/1.1" 200 168
[2025-11-29 21:53:00,823] INFO django.server /Users/NETPHIX_DEV/Desktop/crypto-trading-broker/.venv/lib/python3.13/site-packages/django/core/servers/basehttp.py:213 - "POST /api/v1/cron/expire-orders/?token=5Pm-SoiK_WTo2hU1sfsprv4qaUTqp_s0rdbdag45k9M= HTTP/1.1" 200 131
[2025-11-29 21:53:11,097] INFO django.server /Users/NETPHIX_DEV/Desktop/crypto-trading-broker/.venv/lib/python3.13/site-packages/django/core/servers/basehttp.py:213 - "POST /api/v1/cron/update-positions/?token=5Pm-SoiK_WTo2hU1sfsprv4qaUTqp_s0rdbdag45k9M= HTTP/1.1" 200 366
[2025-11-29 21:54:00,777] INFO django.server /Users/NETPHIX_DEV/Desktop/crypto-trading-broker/.venv/lib/python3.13/site-packages/django/core/servers/basehttp.py:213 - "POST /api/v1/cron/execute-orders/?token=5Pm-SoiK_WTo2hU1sfsprv4qaUTqp_s0rdbdag45k9M= HTTP/1.1" 200 168
[2025-11-29 21:54:00,881] INFO django.server /Users/NETPHIX_DEV/Desktop/crypto-trading-broker/.venv/lib/python3.13/site-packages/django/core/servers/basehttp.py:213 - "POST /api/v1/cron/expire-orders/?token=5Pm-SoiK_WTo2hU1sfsprv4qaUTqp_s0rdbdag45k9M= HTTP/1.1" 200 131
[2025-11-29 21:54:05,849] INFO django.server /Users/NETPHIX_DEV/Desktop/crypto-trading-broker/.venv/lib/python3.13/site-packages/django/core/servers/basehttp.py:213 - "POST /api/v1/cron/update-positions/?token=5Pm-SoiK_WTo2hU1sfsprv4qaUTqp_s0rdbdag45k9M= HTTP/1.1" 200 366
[2025-11-29 21:55:00,706] INFO django.server /Users/NETPHIX_DEV/Desktop/crypto-trading-broker/.venv/lib/python3.13/site-packages/django/core/servers/basehttp.py:213 - "POST /api/v1/cron/execute-orders/?token=5Pm-SoiK_WTo2hU1sfsprv4qaUTqp_s0rdbdag45k9M= HTTP/1.1" 200 168
[2025-11-29 21:55:00,750] INFO django.server /Users/NETPHIX_DEV/Desktop/crypto-trading-broker/.venv/lib/python3.13/site-packages/django/core/servers/basehttp.py:213 - "POST /api/v1/cron/expire-orders/?token=5Pm-SoiK_WTo2hU1sfsprv4qaUTqp_s0rdbdag45k9M= HTTP/1.1" 200 131
[2025-11-29 21:55:01,350] INFO django.server /Users/NETPHIX_DEV/Desktop/crypto-trading-broker/.venv/lib/python3.13/site-packages/django/core/servers/basehttp.py:213 - "POST /api/v1/cron/process-investments/?token=5Pm-SoiK_WTo2hU1sfsprv4qaUTqp_s0rdbdag45k9M= HTTP/1.1" 200 154
[2025-11-29 21:55:09,490] INFO django.server /Users/NETPHIX_DEV/Desktop/crypto-trading-broker/.venv/lib/python3.13/site-packages/django/core/servers/basehttp.py:213 - "POST /api/v1/cron/update-positions/?token=5Pm-SoiK_WTo2hU1sfsprv4qaUTqp_s0rdbdag45k9M= HTTP/1.1" 200 366
[2025-11-29 21:55:40,494] INFO django.server /Users/NETPHIX_DEV/Desktop/crypto-trading-broker/.venv/lib/python3.13/site-packages/django/core/servers/basehttp.py:81 - - Broken pipe from ('127.0.0.1', 65257)
[2025-11-29 21:56:00,880] INFO django.server /Users/NETPHIX_DEV/Desktop/crypto-trading-broker/.venv/lib/python3.13/site-packages/django/core/servers/basehttp.py:213 - "POST /api/v1/cron/expire-orders/?token=5Pm-SoiK_WTo2hU1sfsprv4qaUTqp_s0rdbdag45k9M= HTTP/1.1" 200 131
[2025-11-29 21:56:00,898] INFO django.server /Users/NETPHIX_DEV/Desktop/crypto-trading-broker/.venv/lib/python3.13/site-packages/django/core/servers/basehttp.py:213 - "POST /api/v1/cron/execute-orders/?token=5Pm-SoiK_WTo2hU1sfsprv4qaUTqp_s0rdbdag45k9M= HTTP/1.1" 200 168
[2025-11-29 21:56:06,405] INFO django.server /Users/NETPHIX_DEV/Desktop/crypto-trading-broker/.venv/lib/python3.13/site-packages/django/core/servers/basehttp.py:213 - "POST /api/v1/cron/update-positions/?token=5Pm-SoiK_WTo2hU1sfsprv4qaUTqp_s0rdbdag45k9M= HTTP/1.1" 200 366
[2025-11-29 21:57:01,064] INFO django.server /Users/NETPHIX_DEV/Desktop/crypto-trading-broker/.venv/lib/python3.13/site-packages/django/core/servers/basehttp.py:213 - "POST /api/v1/cron/expire-orders/?token=5Pm-SoiK_WTo2hU1sfsprv4qaUTqp_s0rdbdag45k9M= HTTP/1.1" 200 131
[2025-11-29 21:57:01,065] INFO django.server /Users/NETPHIX_DEV/Desktop/crypto-trading-broker/.venv/lib/python3.13/site-packages/django/core/servers/basehttp.py:213 - "POST /api/v1/cron/execute-orders/?token=5Pm-SoiK_WTo2hU1sfsprv4qaUTqp_s0rdbdag45k9M= HTTP/1.1" 200 168
[2025-11-29 21:57:11,215] INFO django.server /Users/NETPHIX_DEV/Desktop/crypto-trading-broker/.venv/lib/python3.13/site-packages/django/core/servers/basehttp.py:213 - "POST /api/v1/cron/update-positions/?token=5Pm-SoiK_WTo2hU1sfsprv4qaUTqp_s0rdbdag45k9M= HTTP/1.1" 200 366
[2025-11-29 21:58:00,856] INFO django.server /Users/NETPHIX_DEV/Desktop/crypto-trading-broker/.venv/lib/python3.13/site-packages/django/core/servers/basehttp.py:213 - "POST /api/v1/cron/expire-orders/?token=5Pm-SoiK_WTo2hU1sfsprv4qaUTqp_s0rdbdag45k9M= HTTP/1.1" 200 131
[2025-11-29 21:58:00,898] INFO django.server /Users/NETPHIX_DEV/Desktop/crypto-trading-broker/.venv/lib/python3.13/site-packages/django/core/servers/basehttp.py:213 - "POST /api/v1/cron/execute-orders/?token=5Pm-SoiK_WTo2hU1sfsprv4qaUTqp_s0rdbdag45k9M= HTTP/1.1" 200 168
[2025-11-29 21:58:05,742] INFO django.server /Users/NETPHIX_DEV/Desktop/crypto-trading-broker/.venv/lib/python3.13/site-packages/django/core/servers/basehttp.py:213 - "POST /api/v1/cron/update-positions/?token=5Pm-SoiK_WTo2hU1sfsprv4qaUTqp_s0rdbdag45k9M= HTTP/1.1" 200 366
[2025-11-29 21:59:01,252] INFO django.server /Users/NETPHIX_DEV/Desktop/crypto-trading-broker/.venv/lib/python3.13/site-packages/django/core/servers/basehttp.py:213 - "POST /api/v1/cron/execute-orders/?token=5Pm-SoiK_WTo2hU1sfsprv4qaUTqp_s0rdbdag45k9M= HTTP/1.1" 200 168
[2025-11-29 21:59:01,255] INFO django.server /Users/NETPHIX_DEV/Desktop/crypto-trading-broker/.venv/lib/python3.13/site-packages/django/core/servers/basehttp.py:213 - "POST /api/v1/cron/expire-orders/?token=5Pm-SoiK_WTo2hU1sfsprv4qaUTqp_s0rdbdag45k9M= HTTP/1.1" 200 131
[2025-11-29 21:59:12,492] INFO django.server /Users/NETPHIX_DEV/Desktop/crypto-trading-broker/.venv/lib/python3.13/site-packages/django/core/servers/basehttp.py:213 - "POST /api/v1/cron/update-positions/?token=5Pm-SoiK_WTo2hU1sfsprv4qaUTqp_s0rdbdag45k9M= HTTP/1.1" 200 366
[2025-11-29 22:00:04,022] INFO django.server /Users/NETPHIX_DEV/Desktop/crypto-trading-broker/.venv/lib/python3.13/site-packages/django/core/servers/basehttp.py:213 - "POST /api/v1/cron/execute-orders/?token=5Pm-SoiK_WTo2hU1sfsprv4qaUTqp_s0rdbdag45k9M= HTTP/1.1" 200 168
[2025-11-29 22:00:04,394] INFO django.server /Users/NETPHIX_DEV/Desktop/crypto-trading-broker/.venv/lib/python3.13/site-packages/django/core/servers/basehttp.py:213 - "POST /api/v1/cron/expire-orders/?token=5Pm-SoiK_WTo2hU1sfsprv4qaUTqp_s0rdbdag45k9M= HTTP/1.1" 200 131
[2025-11-29 22:00:05,471] INFO django.server /Users/NETPHIX_DEV/Desktop/crypto-trading-broker/.venv/lib/python3.13/site-packages/django/core/servers/basehttp.py:213 - "POST /api/v1/cron/process-investments/?token=5Pm-SoiK_WTo2hU1sfsprv4qaUTqp_s0rdbdag45k9M= HTTP/1.1" 200 154
[2025-11-29 22:00:10,774] INFO django.server /Users/NETPHIX_DEV/Desktop/crypto-trading-broker/.venv/lib/python3.13/site-packages/django/core/servers/basehttp.py:213 - "POST /api/v1/cron/update-positions/?token=5Pm-SoiK_WTo2hU1sfsprv4qaUTqp_s0rdbdag45k9M= HTTP/1.1" 200 366
[2025-11-29 22:32:21,070] INFO django.server /Users/NETPHIX_DEV/Desktop/crypto-trading-broker/.venv/lib/python3.13/site-packages/django/core/servers/basehttp.py:81 - - Broken pipe from ('127.0.0.1', 51588)
[2025-11-29 23:30:02,987] INFO django.server /Users/NETPHIX_DEV/Desktop/crypto-trading-broker/.venv/lib/python3.13/site-packages/django/core/servers/basehttp.py:213 - "POST /api/v1/cron/process-investments/?token=5Pm-SoiK_WTo2hU1sfsprv4qaUTqp_s0rdbdag45k9M= HTTP/1.1" 200 154
[2025-11-29 23:34:08,405] INFO django.server /Users/NETPHIX_DEV/Desktop/crypto-trading-broker/.venv/lib/python3.13/site-packages/django/core/servers/basehttp.py:81 - - Broken pipe from ('127.0.0.1', 56582)
[2025-11-29 23:35:00,963] INFO django.server /Users/NETPHIX_DEV/Desktop/crypto-trading-broker/.venv/lib/python3.13/site-packages/django/core/servers/basehttp.py:213 - "POST /api/v1/cron/process-investments/?token=5Pm-SoiK_WTo2hU1sfsprv4qaUTqp_s0rdbdag45k9M= HTTP/1.1" 200 154
[2025-11-29 23:40:02,304] INFO django.server /Users/NETPHIX_DEV/Desktop/crypto-trading-broker/.venv/lib/python3.13/site-packages/django/core/servers/basehttp.py:213 - "POST /api/v1/cron/process-investments/?token=5Pm-SoiK_WTo2hU1sfsprv4qaUTqp_s0rdbdag45k9M= HTTP/1.1" 200 154
[2025-11-29 23:43:56,097] INFO django.server /Users/NETPHIX_DEV/Desktop/crypto-trading-broker/.venv/lib/python3.13/site-packages/django/core/servers/basehttp.py:81 - - Broken pipe from ('127.0.0.1', 59151)
[2025-11-29 23:45:02,767] INFO django.server /Users/NETPHIX_DEV/Desktop/crypto-trading-broker/.venv/lib/python3.13/site-packages/django/core/servers/basehttp.py:213 - "POST /api/v1/cron/process-investments/?token=5Pm-SoiK_WTo2hU1sfsprv4qaUTqp_s0rdbdag45k9M= HTTP/1.1" 200 154
[2025-11-29 23:50:02,576] INFO django.server /Users/NETPHIX_DEV/Desktop/crypto-trading-broker/.venv/lib/python3.13/site-packages/django/core/servers/basehttp.py:213 - "POST /api/v1/cron/process-investments/?token=5Pm-SoiK_WTo2hU1sfsprv4qaUTqp_s0rdbdag45k9M= HTTP/1.1" 200 154
[2025-11-29 23:53:59,236] INFO django.server /Users/NETPHIX_DEV/Desktop/crypto-trading-broker/.venv/lib/python3.13/site-packages/django/core/servers/basehttp.py:81 - - Broken pipe from ('127.0.0.1', 61723)
[2025-11-29 23:55:01,866] INFO django.server /Users/NETPHIX_DEV/Desktop/crypto-trading-broker/.venv/lib/python3.13/site-packages/django/core/servers/basehttp.py:213 - "POST /api/v1/cron/process-investments/?token=5Pm-SoiK_WTo2hU1sfsprv4qaUTqp_s0rdbdag45k9M= HTTP/1.1" 200 154
[2025-11-30 00:00:06,751] INFO django.server /Users/NETPHIX_DEV/Desktop/crypto-trading-broker/.venv/lib/python3.13/site-packages/django/core/servers/basehttp.py:213 - "POST /api/v1/cron/process-investments/?token=5Pm-SoiK_WTo2hU1sfsprv4qaUTqp_s0rdbdag45k9M= HTTP/1.1" 200 154
[2025-11-30 00:04:10,473] INFO django.server /Users/NETPHIX_DEV/Desktop/crypto-trading-broker/.venv/lib/python3.13/site-packages/django/core/servers/basehttp.py:81 - - Broken pipe from ('127.0.0.1', 64332)
[2025-11-30 00:05:01,625] INFO django.server /Users/NETPHIX_DEV/Desktop/crypto-trading-broker/.venv/lib/python3.13/site-packages/django/core/servers/basehttp.py:213 - "POST /api/v1/cron/process-investments/?token=5Pm-SoiK_WTo2hU1sfsprv4qaUTqp_s0rdbdag45k9M= HTTP/1.1" 200 154
[2025-11-30 00:22:10,448] INFO django.server /Users/NETPHIX_DEV/Desktop/crypto-trading-broker/.venv/lib/python3.13/site-packages/django/core/servers/basehttp.py:213 - "POST /api/v1/cron/update-positions/?token=5Pm-SoiK_WTo2hU1sfsprv4qaUTqp_s0rdbdag45k9M= HTTP/1.1" 200 367
[2025-11-30 00:23:05,267] INFO django.server /Users/NETPHIX_DEV/Desktop/crypto-trading-broker/.venv/lib/python3.13/site-packages/django/core/servers/basehttp.py:213 - "POST /api/v1/cron/update-positions/?token=5Pm-SoiK_WTo2hU1sfsprv4qaUTqp_s0rdbdag45k9M= HTTP/1.1" 200 367
[2025-11-30 00:24:09,861] INFO django.server /Users/NETPHIX_DEV/Desktop/crypto-trading-broker/.venv/lib/python3.13/site-packages/django/core/servers/basehttp.py:213 - "POST /api/v1/cron/update-positions/?token=5Pm-SoiK_WTo2hU1sfsprv4qaUTqp_s0rdbdag45k9M= HTTP/1.1" 200 367
[2025-11-30 00:25:01,440] INFO django.server /Users/NETPHIX_DEV/Desktop/crypto-trading-broker/.venv/lib/python3.13/site-packages/django/core/servers/basehttp.py:213 - "POST /api/v1/cron/process-investments/?token=5Pm-SoiK_WTo2hU1sfsprv4qaUTqp_s0rdbdag45k9M= HTTP/1.1" 200 154
[2025-11-30 00:25:05,947] INFO django.server /Users/NETPHIX_DEV/Desktop/crypto-trading-broker/.venv/lib/python3.13/site-packages/django/core/servers/basehttp.py:213 - "POST /api/v1/cron/update-positions/?token=5Pm-SoiK_WTo2hU1sfsprv4qaUTqp_s0rdbdag45k9M= HTTP/1.1" 200 366
[2025-11-30 00:26:11,294] INFO django.server /Users/NETPHIX_DEV/Desktop/crypto-trading-broker/.venv/lib/python3.13/site-packages/django/core/servers/basehttp.py:213 - "POST /api/v1/cron/update-positions/?token=5Pm-SoiK_WTo2hU1sfsprv4qaUTqp_s0rdbdag45k9M= HTTP/1.1" 200 366
[2025-11-30 00:31:08,988] INFO django.server /Users/NETPHIX_DEV/Desktop/crypto-trading-broker/.venv/lib/python3.13/site-packages/django/core/servers/basehttp.py:213 - "POST /api/v1/cron/update-positions/?token=5Pm-SoiK_WTo2hU1sfsprv4qaUTqp_s0rdbdag45k9M= HTTP/1.1" 200 366
[2025-11-30 00:31:57,540] INFO django.server /Users/NETPHIX_DEV/Desktop/crypto-trading-broker/.venv/lib/python3.13/site-packages/django/core/servers/basehttp.py:213 - "POST /api/v1/cron/execute-orders/?token=5Pm-SoiK_WTo2hU1sfsprv4qaUTqp_s0rdbdag45k9M= HTTP/1.1" 200 168
[2025-11-30 00:32:03,058] INFO django.server /Users/NETPHIX_DEV/Desktop/crypto-trading-broker/.venv/lib/python3.13/site-packages/django/core/servers/basehttp.py:213 - "POST /api/v1/cron/update-positions/?token=5Pm-SoiK_WTo2hU1sfsprv4qaUTqp_s0rdbdag45k9M= HTTP/1.1" 200 366
[2025-11-30 00:32:58,075] INFO django.server /Users/NETPHIX_DEV/Desktop/crypto-trading-broker/.venv/lib/python3.13/site-packages/django/core/servers/basehttp.py:213 - "POST /api/v1/cron/execute-orders/?token=5Pm-SoiK_WTo2hU1sfsprv4qaUTqp_s0rdbdag45k9M= HTTP/1.1" 200 168
[2025-11-30 00:33:09,697] INFO django.server /Users/NETPHIX_DEV/Desktop/crypto-trading-broker/.venv/lib/python3.13/site-packages/django/core/servers/basehttp.py:213 - "POST /api/v1/cron/update-positions/?token=5Pm-SoiK_WTo2hU1sfsprv4qaUTqp_s0rdbdag45k9M= HTTP/1.1" 200 366
[2025-11-30 00:33:58,161] INFO django.server /Users/NETPHIX_DEV/Desktop/crypto-trading-broker/.venv/lib/python3.13/site-packages/django/core/servers/basehttp.py:213 - "POST /api/v1/cron/execute-orders/?token=5Pm-SoiK_WTo2hU1sfsprv4qaUTqp_s0rdbdag45k9M= HTTP/1.1" 200 168
[2025-11-30 00:34:02,726] INFO django.server /Users/NETPHIX_DEV/Desktop/crypto-trading-broker/.venv/lib/python3.13/site-packages/django/core/servers/basehttp.py:213 - "POST /api/v1/cron/update-positions/?token=5Pm-SoiK_WTo2hU1sfsprv4qaUTqp_s0rdbdag45k9M= HTTP/1.1" 200 366
[2025-11-30 00:34:57,530] INFO django.server /Users/NETPHIX_DEV/Desktop/crypto-trading-broker/.venv/lib/python3.13/site-packages/django/core/servers/basehttp.py:213 - "POST /api/v1/cron/execute-orders/?token=5Pm-SoiK_WTo2hU1sfsprv4qaUTqp_s0rdbdag45k9M= HTTP/1.1" 200 168
[2025-11-30 00:34:58,717] INFO django.server /Users/NETPHIX_DEV/Desktop/crypto-trading-broker/.venv/lib/python3.13/site-packages/django/core/servers/basehttp.py:213 - "POST /api/v1/cron/process-investments/?token=5Pm-SoiK_WTo2hU1sfsprv4qaUTqp_s0rdbdag45k9M= HTTP/1.1" 200 154
[2025-11-30 00:35:08,507] INFO django.server /Users/NETPHIX_DEV/Desktop/crypto-trading-broker/.venv/lib/python3.13/site-packages/django/core/servers/basehttp.py:213 - "POST /api/v1/cron/update-positions/?token=5Pm-SoiK_WTo2hU1sfsprv4qaUTqp_s0rdbdag45k9M= HTTP/1.1" 200 366
[2025-11-30 00:35:45,653] INFO django.server /Users/NETPHIX_DEV/Desktop/crypto-trading-broker/.venv/lib/python3.13/site-packages/django/core/servers/basehttp.py:213 - "GET /dashboard/trading HTTP/1.1" 200 87018
[2025-11-30 00:35:45,785] INFO django.server /Users/NETPHIX_DEV/Desktop/crypto-trading-broker/.venv/lib/python3.13/site-packages/django/core/servers/basehttp.py:213 - "GET /static/assets/scripts/api.js HTTP/1.1" 304 0
[2025-11-30 00:35:46,643] WARNING django.server /Users/NETPHIX_DEV/Desktop/crypto-trading-broker/.venv/lib/python3.13/site-packages/django/core/servers/basehttp.py:213 - "GET /.well-known/appspecific/com.chrome.devtools.json HTTP/1.1" 404 20022
[2025-11-30 00:35:47,598] INFO django.server /Users/NETPHIX_DEV/Desktop/crypto-trading-broker/.venv/lib/python3.13/site-packages/django/core/servers/basehttp.py:213 - "GET /api/v1/trading-pairs/ HTTP/1.1" 200 92378
[2025-11-30 00:35:48,587] INFO django.server /Users/NETPHIX_DEV/Desktop/crypto-trading-broker/.venv/lib/python3.13/site-packages/django/core/servers/basehttp.py:213 - "GET /api/v1/trading-pairs/market_status/ HTTP/1.1" 200 594
[2025-11-30 00:35:53,137] INFO django.server /Users/NETPHIX_DEV/Desktop/crypto-trading-broker/.venv/lib/python3.13/site-packages/django/core/servers/basehttp.py:213 - "GET /dashboard/trading-view/9/ HTTP/1.1" 200 118842
[2025-11-30 00:35:53,241] WARNING django.server /Users/NETPHIX_DEV/Desktop/crypto-trading-broker/.venv/lib/python3.13/site-packages/django/core/servers/basehttp.py:213 - "GET /.well-known/appspecific/com.chrome.devtools.json HTTP/1.1" 404 20022
[2025-11-30 00:35:53,246] INFO django.server /Users/NETPHIX_DEV/Desktop/crypto-trading-broker/.venv/lib/python3.13/site-packages/django/core/servers/basehttp.py:213 - "GET /static/assets/scripts/trading-single.js HTTP/1.1" 200 40675
[2025-11-30 00:35:53,752] INFO django.server /Users/NETPHIX_DEV/Desktop/crypto-trading-broker/.venv/lib/python3.13/site-packages/django/core/servers/basehttp.py:213 - "GET /api/v1/trading/config/ HTTP/1.1" 200 1299
[2025-11-30 00:35:53,872] INFO django.server /Users/NETPHIX_DEV/Desktop/crypto-trading-broker/.venv/lib/python3.13/site-packages/django/core/servers/basehttp.py:213 - "GET /api/v1/orders/trading_summary/ HTTP/1.1" 200 291
[2025-11-30 00:35:53,902] INFO django.server /Users/NETPHIX_DEV/Desktop/crypto-trading-broker/.venv/lib/python3.13/site-packages/django/core/servers/basehttp.py:213 - "GET /api/v1/positions/ HTTP/1.1" 200 3959
[2025-11-30 00:35:53,942] INFO django.server /Users/NETPHIX_DEV/Desktop/crypto-trading-broker/.venv/lib/python3.13/site-packages/django/core/servers/basehttp.py:213 - "GET /api/v1/orders/ HTTP/1.1" 200 14596
[2025-11-30 00:35:53,957] INFO django.server /Users/NETPHIX_DEV/Desktop/crypto-trading-broker/.venv/lib/python3.13/site-packages/django/core/servers/basehttp.py:213 - "GET /api/v1/trading-pairs/9/ HTTP/1.1" 200 549
[2025-11-30 00:35:57,527] INFO django.server /Users/NETPHIX_DEV/Desktop/crypto-trading-broker/.venv/lib/python3.13/site-packages/django/core/servers/basehttp.py:213 - "POST /api/v1/cron/execute-orders/?token=5Pm-SoiK_WTo2hU1sfsprv4qaUTqp_s0rdbdag45k9M= HTTP/1.1" 200 168
[2025-11-30 00:35:58,888] INFO django.server /Users/NETPHIX_DEV/Desktop/crypto-trading-broker/.venv/lib/python3.13/site-packages/django/core/servers/basehttp.py:213 - "GET /api/v1/trading-pairs/9/market_data/ HTTP/1.1" 200 330
[2025-11-30 00:35:58,907] INFO django.server /Users/NETPHIX_DEV/Desktop/crypto-trading-broker/.venv/lib/python3.13/site-packages/django/core/servers/basehttp.py:213 - "GET /api/v1/accounts/balance/ HTTP/1.1" 200 353
[2025-11-30 00:35:58,930] INFO django.server /Users/NETPHIX_DEV/Desktop/crypto-trading-broker/.venv/lib/python3.13/site-packages/django/core/servers/basehttp.py:213 - "GET /api/v1/positions/ HTTP/1.1" 200 3959
[2025-11-30 00:35:58,978] INFO django.server /Users/NETPHIX_DEV/Desktop/crypto-trading-broker/.venv/lib/python3.13/site-packages/django/core/servers/basehttp.py:213 - "GET /api/v1/orders/ HTTP/1.1" 200 14596
[2025-11-30 00:35:59,019] INFO django.server /Users/NETPHIX_DEV/Desktop/crypto-trading-broker/.venv/lib/python3.13/site-packages/django/core/servers/basehttp.py:213 - "GET /api/v1/transactions/ HTTP/1.1" 200 2398
[2025-11-30 00:36:02,771] INFO django.server /Users/NETPHIX_DEV/Desktop/crypto-trading-broker/.venv/lib/python3.13/site-packages/django/core/servers/basehttp.py:213 - "POST /api/v1/cron/update-positions/?token=5Pm-SoiK_WTo2hU1sfsprv4qaUTqp_s0rdbdag45k9M= HTTP/1.1" 200 366
[2025-11-30 00:36:57,838] INFO django.server /Users/NETPHIX_DEV/Desktop/crypto-trading-broker/.venv/lib/python3.13/site-packages/django/core/servers/basehttp.py:213 - "POST /api/v1/cron/execute-orders/?token=5Pm-SoiK_WTo2hU1sfsprv4qaUTqp_s0rdbdag45k9M= HTTP/1.1" 200 168
[2025-11-30 00:37:08,109] INFO django.server /Users/NETPHIX_DEV/Desktop/crypto-trading-broker/.venv/lib/python3.13/site-packages/django/core/servers/basehttp.py:213 - "POST /api/v1/cron/update-positions/?token=5Pm-SoiK_WTo2hU1sfsprv4qaUTqp_s0rdbdag45k9M= HTTP/1.1" 200 367
[2025-11-30 00:37:57,805] INFO django.server /Users/NETPHIX_DEV/Desktop/crypto-trading-broker/.venv/lib/python3.13/site-packages/django/core/servers/basehttp.py:213 - "POST /api/v1/cron/execute-orders/?token=5Pm-SoiK_WTo2hU1sfsprv4qaUTqp_s0rdbdag45k9M= HTTP/1.1" 200 168
[2025-11-30 00:38:03,102] INFO django.server /Users/NETPHIX_DEV/Desktop/crypto-trading-broker/.venv/lib/python3.13/site-packages/django/core/servers/basehttp.py:213 - "POST /api/v1/cron/update-positions/?token=5Pm-SoiK_WTo2hU1sfsprv4qaUTqp_s0rdbdag45k9M= HTTP/1.1" 200 367
[2025-11-30 00:38:57,912] INFO django.server /Users/NETPHIX_DEV/Desktop/crypto-trading-broker/.venv/lib/python3.13/site-packages/django/core/servers/basehttp.py:213 - "POST /api/v1/cron/execute-orders/?token=5Pm-SoiK_WTo2hU1sfsprv4qaUTqp_s0rdbdag45k9M= HTTP/1.1" 200 168
[2025-11-30 00:39:07,854] INFO django.server /Users/NETPHIX_DEV/Desktop/crypto-trading-broker/.venv/lib/python3.13/site-packages/django/core/servers/basehttp.py:213 - "POST /api/v1/cron/update-positions/?token=5Pm-SoiK_WTo2hU1sfsprv4qaUTqp_s0rdbdag45k9M= HTTP/1.1" 200 367
[2025-11-30 00:39:59,148] INFO django.server /Users/NETPHIX_DEV/Desktop/crypto-trading-broker/.venv/lib/python3.13/site-packages/django/core/servers/basehttp.py:213 - "POST /api/v1/cron/process-investments/?token=5Pm-SoiK_WTo2hU1sfsprv4qaUTqp_s0rdbdag45k9M= HTTP/1.1" 200 154
[2025-11-30 00:39:59,320] INFO django.server /Users/NETPHIX_DEV/Desktop/crypto-trading-broker/.venv/lib/python3.13/site-packages/django/core/servers/basehttp.py:213 - "POST /api/v1/cron/execute-orders/?token=5Pm-SoiK_WTo2hU1sfsprv4qaUTqp_s0rdbdag45k9M= HTTP/1.1" 200 168
[2025-11-30 00:40:04,432] INFO django.server /Users/NETPHIX_DEV/Desktop/crypto-trading-broker/.venv/lib/python3.13/site-packages/django/core/servers/basehttp.py:213 - "POST /api/v1/cron/update-positions/?token=5Pm-SoiK_WTo2hU1sfsprv4qaUTqp_s0rdbdag45k9M= HTTP/1.1" 200 367
[2025-11-30 00:41:00,327] INFO django.server /Users/NETPHIX_DEV/Desktop/crypto-trading-broker/.venv/lib/python3.13/site-packages/django/core/servers/basehttp.py:213 - "POST /api/v1/cron/execute-orders/?token=5Pm-SoiK_WTo2hU1sfsprv4qaUTqp_s0rdbdag45k9M= HTTP/1.1" 200 168
[2025-11-30 00:41:10,326] INFO django.server /Users/NETPHIX_DEV/Desktop/crypto-trading-broker/.venv/lib/python3.13/site-packages/django/core/servers/basehttp.py:213 - "POST /api/v1/cron/update-positions/?token=5Pm-SoiK_WTo2hU1sfsprv4qaUTqp_s0rdbdag45k9M= HTTP/1.1" 200 367
[2025-11-30 00:42:00,256] INFO django.server /Users/NETPHIX_DEV/Desktop/crypto-trading-broker/.venv/lib/python3.13/site-packages/django/core/servers/basehttp.py:213 - "POST /api/v1/cron/execute-orders/?token=5Pm-SoiK_WTo2hU1sfsprv4qaUTqp_s0rdbdag45k9M= HTTP/1.1" 200 168
[2025-11-30 00:42:06,914] INFO django.server /Users/NETPHIX_DEV/Desktop/crypto-trading-broker/.venv/lib/python3.13/site-packages/django/core/servers/basehttp.py:213 - "POST /api/v1/cron/update-positions/?token=5Pm-SoiK_WTo2hU1sfsprv4qaUTqp_s0rdbdag45k9M= HTTP/1.1" 200 366
[2025-11-30 00:43:00,360] INFO django.server /Users/NETPHIX_DEV/Desktop/crypto-trading-broker/.venv/lib/python3.13/site-packages/django/core/servers/basehttp.py:213 - "POST /api/v1/cron/execute-orders/?token=5Pm-SoiK_WTo2hU1sfsprv4qaUTqp_s0rdbdag45k9M= HTTP/1.1" 200 168
[2025-11-30 00:43:09,839] INFO django.server /Users/NETPHIX_DEV/Desktop/crypto-trading-broker/.venv/lib/python3.13/site-packages/django/core/servers/basehttp.py:213 - "POST /api/v1/cron/update-positions/?token=5Pm-SoiK_WTo2hU1sfsprv4qaUTqp_s0rdbdag45k9M= HTTP/1.1" 200 366
[2025-11-30 00:44:00,299] INFO django.server /Users/NETPHIX_DEV/Desktop/crypto-trading-broker/.venv/lib/python3.13/site-packages/django/core/servers/basehttp.py:213 - "POST /api/v1/cron/execute-orders/?token=5Pm-SoiK_WTo2hU1sfsprv4qaUTqp_s0rdbdag45k9M= HTTP/1.1" 200 168
[2025-11-30 00:44:05,179] INFO django.server /Users/NETPHIX_DEV/Desktop/crypto-trading-broker/.venv/lib/python3.13/site-packages/django/core/servers/basehttp.py:213 - "POST /api/v1/cron/update-positions/?token=5Pm-SoiK_WTo2hU1sfsprv4qaUTqp_s0rdbdag45k9M= HTTP/1.1" 200 366
[2025-11-30 00:45:01,156] INFO django.server /Users/NETPHIX_DEV/Desktop/crypto-trading-broker/.venv/lib/python3.13/site-packages/django/core/servers/basehttp.py:81 - - Broken pipe from ('127.0.0.1', 57772)
[2025-11-30 00:45:01,551] INFO django.server /Users/NETPHIX_DEV/Desktop/crypto-trading-broker/.venv/lib/python3.13/site-packages/django/core/servers/basehttp.py:213 - "POST /api/v1/cron/execute-orders/?token=5Pm-SoiK_WTo2hU1sfsprv4qaUTqp_s0rdbdag45k9M= HTTP/1.1" 200 168
[2025-11-30 00:45:02,269] INFO django.server /Users/NETPHIX_DEV/Desktop/crypto-trading-broker/.venv/lib/python3.13/site-packages/django/core/servers/basehttp.py:213 - "POST /api/v1/cron/process-investments/?token=5Pm-SoiK_WTo2hU1sfsprv4qaUTqp_s0rdbdag45k9M= HTTP/1.1" 200 154
[2025-11-30 00:45:11,711] INFO django.server /Users/NETPHIX_DEV/Desktop/crypto-trading-broker/.venv/lib/python3.13/site-packages/django/core/servers/basehttp.py:213 - "POST /api/v1/cron/update-positions/?token=5Pm-SoiK_WTo2hU1sfsprv4qaUTqp_s0rdbdag45k9M= HTTP/1.1" 200 366
[2025-11-30 00:46:00,253] INFO django.server /Users/NETPHIX_DEV/Desktop/crypto-trading-broker/.venv/lib/python3.13/site-packages/django/core/servers/basehttp.py:213 - "POST /api/v1/cron/execute-orders/?token=5Pm-SoiK_WTo2hU1sfsprv4qaUTqp_s0rdbdag45k9M= HTTP/1.1" 200 168
[2025-11-30 00:46:05,241] INFO django.server /Users/NETPHIX_DEV/Desktop/crypto-trading-broker/.venv/lib/python3.13/site-packages/django/core/servers/basehttp.py:213 - "POST /api/v1/cron/update-positions/?token=5Pm-SoiK_WTo2hU1sfsprv4qaUTqp_s0rdbdag45k9M= HTTP/1.1" 200 366
[2025-11-30 00:47:00,316] INFO django.server /Users/NETPHIX_DEV/Desktop/crypto-trading-broker/.venv/lib/python3.13/site-packages/django/core/servers/basehttp.py:213 - "POST /api/v1/cron/execute-orders/?token=5Pm-SoiK_WTo2hU1sfsprv4qaUTqp_s0rdbdag45k9M= HTTP/1.1" 200 168
[2025-11-30 00:47:09,720] INFO django.server /Users/NETPHIX_DEV/Desktop/crypto-trading-broker/.venv/lib/python3.13/site-packages/django/core/servers/basehttp.py:213 - "POST /api/v1/cron/update-positions/?token=5Pm-SoiK_WTo2hU1sfsprv4qaUTqp_s0rdbdag45k9M= HTTP/1.1" 200 367
[2025-11-30 00:48:00,173] INFO django.server /Users/NETPHIX_DEV/Desktop/crypto-trading-broker/.venv/lib/python3.13/site-packages/django/core/servers/basehttp.py:213 - "POST /api/v1/cron/execute-orders/?token=5Pm-SoiK_WTo2hU1sfsprv4qaUTqp_s0rdbdag45k9M= HTTP/1.1" 200 168
[2025-11-30 00:48:05,524] INFO django.server /Users/NETPHIX_DEV/Desktop/crypto-trading-broker/.venv/lib/python3.13/site-packages/django/core/servers/basehttp.py:213 - "POST /api/v1/cron/update-positions/?token=5Pm-SoiK_WTo2hU1sfsprv4qaUTqp_s0rdbdag45k9M= HTTP/1.1" 200 366
[2025-11-30 00:49:00,405] INFO django.server /Users/NETPHIX_DEV/Desktop/crypto-trading-broker/.venv/lib/python3.13/site-packages/django/core/servers/basehttp.py:213 - "POST /api/v1/cron/execute-orders/?token=5Pm-SoiK_WTo2hU1sfsprv4qaUTqp_s0rdbdag45k9M= HTTP/1.1" 200 168
[2025-11-30 00:49:10,103] INFO django.server /Users/NETPHIX_DEV/Desktop/crypto-trading-broker/.venv/lib/python3.13/site-packages/django/core/servers/basehttp.py:213 - "POST /api/v1/cron/update-positions/?token=5Pm-SoiK_WTo2hU1sfsprv4qaUTqp_s0rdbdag45k9M= HTTP/1.1" 200 367
[2025-11-30 00:50:01,712] INFO django.server /Users/NETPHIX_DEV/Desktop/crypto-trading-broker/.venv/lib/python3.13/site-packages/django/core/servers/basehttp.py:213 - "POST /api/v1/cron/process-investments/?token=5Pm-SoiK_WTo2hU1sfsprv4qaUTqp_s0rdbdag45k9M= HTTP/1.1" 200 154
[2025-11-30 00:50:01,875] INFO django.server /Users/NETPHIX_DEV/Desktop/crypto-trading-broker/.venv/lib/python3.13/site-packages/django/core/servers/basehttp.py:213 - "POST /api/v1/cron/execute-orders/?token=5Pm-SoiK_WTo2hU1sfsprv4qaUTqp_s0rdbdag45k9M= HTTP/1.1" 200 168
[2025-11-30 00:50:07,954] INFO django.server /Users/NETPHIX_DEV/Desktop/crypto-trading-broker/.venv/lib/python3.13/site-packages/django/core/servers/basehttp.py:213 - "POST /api/v1/cron/update-positions/?token=5Pm-SoiK_WTo2hU1sfsprv4qaUTqp_s0rdbdag45k9M= HTTP/1.1" 200 367
[2025-11-30 00:51:00,620] INFO django.server /Users/NETPHIX_DEV/Desktop/crypto-trading-broker/.venv/lib/python3.13/site-packages/django/core/servers/basehttp.py:213 - "POST /api/v1/cron/execute-orders/?token=5Pm-SoiK_WTo2hU1sfsprv4qaUTqp_s0rdbdag45k9M= HTTP/1.1" 200 168
[2025-11-30 00:51:09,583] INFO django.server /Users/NETPHIX_DEV/Desktop/crypto-trading-broker/.venv/lib/python3.13/site-packages/django/core/servers/basehttp.py:213 - "POST /api/v1/cron/update-positions/?token=5Pm-SoiK_WTo2hU1sfsprv4qaUTqp_s0rdbdag45k9M= HTTP/1.1" 200 367
[2025-11-30 00:52:00,273] INFO django.server /Users/NETPHIX_DEV/Desktop/crypto-trading-broker/.venv/lib/python3.13/site-packages/django/core/servers/basehttp.py:213 - "POST /api/v1/cron/execute-orders/?token=5Pm-SoiK_WTo2hU1sfsprv4qaUTqp_s0rdbdag45k9M= HTTP/1.1" 200 168
[2025-11-30 00:52:05,267] INFO django.server /Users/NETPHIX_DEV/Desktop/crypto-trading-broker/.venv/lib/python3.13/site-packages/django/core/servers/basehttp.py:213 - "POST /api/v1/cron/update-positions/?token=5Pm-SoiK_WTo2hU1sfsprv4qaUTqp_s0rdbdag45k9M= HTTP/1.1" 200 366
[2025-11-30 00:53:00,235] INFO django.server /Users/NETPHIX_DEV/Desktop/crypto-trading-broker/.venv/lib/python3.13/site-packages/django/core/servers/basehttp.py:213 - "POST /api/v1/cron/execute-orders/?token=5Pm-SoiK_WTo2hU1sfsprv4qaUTqp_s0rdbdag45k9M= HTTP/1.1" 200 168
[2025-11-30 00:53:10,103] INFO django.server /Users/NETPHIX_DEV/Desktop/crypto-trading-broker/.venv/lib/python3.13/site-packages/django/core/servers/basehttp.py:213 - "POST /api/v1/cron/update-positions/?token=5Pm-SoiK_WTo2hU1sfsprv4qaUTqp_s0rdbdag45k9M= HTTP/1.1" 200 366
[2025-11-30 00:53:10,888] INFO django.server /Users/NETPHIX_DEV/Desktop/crypto-trading-broker/.venv/lib/python3.13/site-packages/django/core/servers/basehttp.py:213 - "GET /dashboard/trading-view/9/ HTTP/1.1" 200 119236
[2025-11-30 00:53:10,988] INFO django.server /Users/NETPHIX_DEV/Desktop/crypto-trading-broker/.venv/lib/python3.13/site-packages/django/core/servers/basehttp.py:213 - "GET /static/assets/scripts/trading-single.js HTTP/1.1" 200 42589
[2025-11-30 00:53:11,061] WARNING django.server /Users/NETPHIX_DEV/Desktop/crypto-trading-broker/.venv/lib/python3.13/site-packages/django/core/servers/basehttp.py:213 - "GET /.well-known/appspecific/com.chrome.devtools.json HTTP/1.1" 404 20022
[2025-11-30 00:53:12,278] INFO django.server /Users/NETPHIX_DEV/Desktop/crypto-trading-broker/.venv/lib/python3.13/site-packages/django/core/servers/basehttp.py:213 - "GET /api/v1/trading/config/ HTTP/1.1" 200 1299
[2025-11-30 00:53:12,473] INFO django.server /Users/NETPHIX_DEV/Desktop/crypto-trading-broker/.venv/lib/python3.13/site-packages/django/core/servers/basehttp.py:213 - "GET /api/v1/orders/trading_summary/ HTTP/1.1" 200 291
[2025-11-30 00:53:12,502] INFO django.server /Users/NETPHIX_DEV/Desktop/crypto-trading-broker/.venv/lib/python3.13/site-packages/django/core/servers/basehttp.py:213 - "GET /api/v1/positions/ HTTP/1.1" 200 3959
[2025-11-30 00:53:12,547] INFO django.server /Users/NETPHIX_DEV/Desktop/crypto-trading-broker/.venv/lib/python3.13/site-packages/django/core/servers/basehttp.py:213 - "GET /api/v1/orders/ HTTP/1.1" 200 14596
[2025-11-30 00:53:12,567] INFO django.server /Users/NETPHIX_DEV/Desktop/crypto-trading-broker/.venv/lib/python3.13/site-packages/django/core/servers/basehttp.py:213 - "GET /api/v1/trading-pairs/9/ HTTP/1.1" 200 549
[2025-11-30 00:53:17,189] INFO django.server /Users/NETPHIX_DEV/Desktop/crypto-trading-broker/.venv/lib/python3.13/site-packages/django/core/servers/basehttp.py:213 - "GET /api/v1/trading-pairs/9/market_data/ HTTP/1.1" 200 330
[2025-11-30 00:53:17,202] INFO django.server /Users/NETPHIX_DEV/Desktop/crypto-trading-broker/.venv/lib/python3.13/site-packages/django/core/servers/basehttp.py:213 - "GET /api/v1/accounts/balance/ HTTP/1.1" 200 353
[2025-11-30 00:53:17,219] INFO django.server /Users/NETPHIX_DEV/Desktop/crypto-trading-broker/.venv/lib/python3.13/site-packages/django/core/servers/basehttp.py:213 - "GET /api/v1/positions/ HTTP/1.1" 200 3959
[2025-11-30 00:53:17,259] INFO django.server /Users/NETPHIX_DEV/Desktop/crypto-trading-broker/.venv/lib/python3.13/site-packages/django/core/servers/basehttp.py:213 - "GET /api/v1/orders/ HTTP/1.1" 200 14596
[2025-11-30 00:53:17,285] INFO django.server /Users/NETPHIX_DEV/Desktop/crypto-trading-broker/.venv/lib/python3.13/site-packages/django/core/servers/basehttp.py:213 - "GET /api/v1/transactions/ HTTP/1.1" 200 2398
[2025-11-30 00:54:00,279] INFO django.server /Users/NETPHIX_DEV/Desktop/crypto-trading-broker/.venv/lib/python3.13/site-packages/django/core/servers/basehttp.py:213 - "POST /api/v1/cron/execute-orders/?token=5Pm-SoiK_WTo2hU1sfsprv4qaUTqp_s0rdbdag45k9M= HTTP/1.1" 200 168
[2025-11-30 00:54:05,113] INFO django.server /Users/NETPHIX_DEV/Desktop/crypto-trading-broker/.venv/lib/python3.13/site-packages/django/core/servers/basehttp.py:213 - "POST /api/v1/cron/update-positions/?token=5Pm-SoiK_WTo2hU1sfsprv4qaUTqp_s0rdbdag45k9M= HTTP/1.1" 200 366
[2025-11-30 00:54:38,057] INFO django.server /Users/NETPHIX_DEV/Desktop/crypto-trading-broker/.venv/lib/python3.13/site-packages/django/core/servers/basehttp.py:213 - "GET /dashboard/trading-view/9/ HTTP/1.1" 200 119236
[2025-11-30 00:54:38,132] INFO django.server /Users/NETPHIX_DEV/Desktop/crypto-trading-broker/.venv/lib/python3.13/site-packages/django/core/servers/basehttp.py:213 - "GET /static/assets/scripts/trading-single.js HTTP/1.1" 200 42594
[2025-11-30 00:54:38,174] WARNING django.server /Users/NETPHIX_DEV/Desktop/crypto-trading-broker/.venv/lib/python3.13/site-packages/django/core/servers/basehttp.py:213 - "GET /.well-known/appspecific/com.chrome.devtools.json HTTP/1.1" 404 20022
[2025-11-30 00:54:39,010] INFO django.server /Users/NETPHIX_DEV/Desktop/crypto-trading-broker/.venv/lib/python3.13/site-packages/django/core/servers/basehttp.py:213 - "GET /api/v1/trading/config/ HTTP/1.1" 200 1299
[2025-11-30 00:54:39,359] INFO django.server /Users/NETPHIX_DEV/Desktop/crypto-trading-broker/.venv/lib/python3.13/site-packages/django/core/servers/basehttp.py:213 - "GET /api/v1/orders/trading_summary/ HTTP/1.1" 200 291
[2025-11-30 00:54:39,384] INFO django.server /Users/NETPHIX_DEV/Desktop/crypto-trading-broker/.venv/lib/python3.13/site-packages/django/core/servers/basehttp.py:213 - "GET /api/v1/positions/ HTTP/1.1" 200 3959
[2025-11-30 00:54:39,420] INFO django.server /Users/NETPHIX_DEV/Desktop/crypto-trading-broker/.venv/lib/python3.13/site-packages/django/core/servers/basehttp.py:213 - "GET /api/v1/orders/ HTTP/1.1" 200 14596
[2025-11-30 00:54:39,442] INFO django.server /Users/NETPHIX_DEV/Desktop/crypto-trading-broker/.venv/lib/python3.13/site-packages/django/core/servers/basehttp.py:213 - "GET /api/v1/trading-pairs/9/ HTTP/1.1" 200 549
[2025-11-30 00:54:42,605] INFO django.server /Users/NETPHIX_DEV/Desktop/crypto-trading-broker/.venv/lib/python3.13/site-packages/django/core/servers/basehttp.py:213 - "GET /api/v1/trading-pairs/9/market_data/ HTTP/1.1" 200 330
[2025-11-30 00:54:42,638] INFO django.server /Users/NETPHIX_DEV/Desktop/crypto-trading-broker/.venv/lib/python3.13/site-packages/django/core/servers/basehttp.py:213 - "GET /api/v1/accounts/balance/ HTTP/1.1" 200 353
[2025-11-30 00:54:42,666] INFO django.server /Users/NETPHIX_DEV/Desktop/crypto-trading-broker/.venv/lib/python3.13/site-packages/django/core/servers/basehttp.py:213 - "GET /api/v1/positions/ HTTP/1.1" 200 3959
[2025-11-30 00:54:42,706] INFO django.server /Users/NETPHIX_DEV/Desktop/crypto-trading-broker/.venv/lib/python3.13/site-packages/django/core/servers/basehttp.py:213 - "GET /api/v1/orders/ HTTP/1.1" 200 14596
[2025-11-30 00:54:42,736] INFO django.server /Users/NETPHIX_DEV/Desktop/crypto-trading-broker/.venv/lib/python3.13/site-packages/django/core/servers/basehttp.py:213 - "GET /api/v1/transactions/ HTTP/1.1" 200 2398
[2025-11-30 00:54:58,011] INFO django.server /Users/NETPHIX_DEV/Desktop/crypto-trading-broker/.venv/lib/python3.13/site-packages/django/core/servers/basehttp.py:81 - - Broken pipe from ('127.0.0.1', 60704)
[2025-11-30 00:55:00,233] INFO django.server /Users/NETPHIX_DEV/Desktop/crypto-trading-broker/.venv/lib/python3.13/site-packages/django/core/servers/basehttp.py:213 - "POST /api/v1/cron/execute-orders/?token=5Pm-SoiK_WTo2hU1sfsprv4qaUTqp_s0rdbdag45k9M= HTTP/1.1" 200 168
[2025-11-30 00:55:00,927] INFO django.server /Users/NETPHIX_DEV/Desktop/crypto-trading-broker/.venv/lib/python3.13/site-packages/django/core/servers/basehttp.py:213 - "POST /api/v1/cron/process-investments/?token=5Pm-SoiK_WTo2hU1sfsprv4qaUTqp_s0rdbdag45k9M= HTTP/1.1" 200 154
[2025-11-30 00:55:09,851] INFO django.server /Users/NETPHIX_DEV/Desktop/crypto-trading-broker/.venv/lib/python3.13/site-packages/django/core/servers/basehttp.py:213 - "POST /api/v1/cron/update-positions/?token=5Pm-SoiK_WTo2hU1sfsprv4qaUTqp_s0rdbdag45k9M= HTTP/1.1" 200 366
[2025-11-30 00:56:00,369] INFO django.server /Users/NETPHIX_DEV/Desktop/crypto-trading-broker/.venv/lib/python3.13/site-packages/django/core/servers/basehttp.py:213 - "POST /api/v1/cron/execute-orders/?token=5Pm-SoiK_WTo2hU1sfsprv4qaUTqp_s0rdbdag45k9M= HTTP/1.1" 200 168
[2025-11-30 00:56:05,350] INFO django.server /Users/NETPHIX_DEV/Desktop/crypto-trading-broker/.venv/lib/python3.13/site-packages/django/core/servers/basehttp.py:213 - "POST /api/v1/cron/update-positions/?token=5Pm-SoiK_WTo2hU1sfsprv4qaUTqp_s0rdbdag45k9M= HTTP/1.1" 200 366
[2025-11-30 00:57:00,463] INFO django.server /Users/NETPHIX_DEV/Desktop/crypto-trading-broker/.venv/lib/python3.13/site-packages/django/core/servers/basehttp.py:213 - "POST /api/v1/cron/execute-orders/?token=5Pm-SoiK_WTo2hU1sfsprv4qaUTqp_s0rdbdag45k9M= HTTP/1.1" 200 168
[2025-11-30 00:57:09,917] INFO django.server /Users/NETPHIX_DEV/Desktop/crypto-trading-broker/.venv/lib/python3.13/site-packages/django/core/servers/basehttp.py:213 - "POST /api/v1/cron/update-positions/?token=5Pm-SoiK_WTo2hU1sfsprv4qaUTqp_s0rdbdag45k9M= HTTP/1.1" 200 366
[2025-11-30 00:58:00,383] INFO django.server /Users/NETPHIX_DEV/Desktop/crypto-trading-broker/.venv/lib/python3.13/site-packages/django/core/servers/basehttp.py:213 - "POST /api/v1/cron/execute-orders/?token=5Pm-SoiK_WTo2hU1sfsprv4qaUTqp_s0rdbdag45k9M= HTTP/1.1" 200 168
[2025-11-30 00:58:05,745] INFO django.server /Users/NETPHIX_DEV/Desktop/crypto-trading-broker/.venv/lib/python3.13/site-packages/django/core/servers/basehttp.py:213 - "POST /api/v1/cron/update-positions/?token=5Pm-SoiK_WTo2hU1sfsprv4qaUTqp_s0rdbdag45k9M= HTTP/1.1" 200 366
[2025-11-30 00:59:00,336] INFO django.server /Users/NETPHIX_DEV/Desktop/crypto-trading-broker/.venv/lib/python3.13/site-packages/django/core/servers/basehttp.py:213 - "POST /api/v1/cron/execute-orders/?token=5Pm-SoiK_WTo2hU1sfsprv4qaUTqp_s0rdbdag45k9M= HTTP/1.1" 200 168
[2025-11-30 00:59:09,631] INFO django.server /Users/NETPHIX_DEV/Desktop/crypto-trading-broker/.venv/lib/python3.13/site-packages/django/core/servers/basehttp.py:213 - "POST /api/v1/cron/update-positions/?token=5Pm-SoiK_WTo2hU1sfsprv4qaUTqp_s0rdbdag45k9M= HTTP/1.1" 200 366
[2025-11-30 01:00:03,492] INFO django.server /Users/NETPHIX_DEV/Desktop/crypto-trading-broker/.venv/lib/python3.13/site-packages/django/core/servers/basehttp.py:213 - "POST /api/v1/cron/execute-orders/?token=5Pm-SoiK_WTo2hU1sfsprv4qaUTqp_s0rdbdag45k9M= HTTP/1.1" 200 168
[2025-11-30 01:00:03,680] INFO django.server /Users/NETPHIX_DEV/Desktop/crypto-trading-broker/.venv/lib/python3.13/site-packages/django/core/servers/basehttp.py:213 - "POST /api/v1/cron/process-investments/?token=5Pm-SoiK_WTo2hU1sfsprv4qaUTqp_s0rdbdag45k9M= HTTP/1.1" 200 154
[2025-11-30 01:00:08,625] INFO django.server /Users/NETPHIX_DEV/Desktop/crypto-trading-broker/.venv/lib/python3.13/site-packages/django/core/servers/basehttp.py:213 - "POST /api/v1/cron/update-positions/?token=5Pm-SoiK_WTo2hU1sfsprv4qaUTqp_s0rdbdag45k9M= HTTP/1.1" 200 366
[2025-11-30 01:01:00,767] INFO django.server /Users/NETPHIX_DEV/Desktop/crypto-trading-broker/.venv/lib/python3.13/site-packages/django/core/servers/basehttp.py:213 - "POST /api/v1/cron/execute-orders/?token=5Pm-SoiK_WTo2hU1sfsprv4qaUTqp_s0rdbdag45k9M= HTTP/1.1" 200 168
[2025-11-30 01:01:12,074] INFO django.server /Users/NETPHIX_DEV/Desktop/crypto-trading-broker/.venv/lib/python3.13/site-packages/django/core/servers/basehttp.py:213 - "POST /api/v1/cron/update-positions/?token=5Pm-SoiK_WTo2hU1sfsprv4qaUTqp_s0rdbdag45k9M= HTTP/1.1" 200 366
[2025-11-30 01:02:00,434] INFO django.server /Users/NETPHIX_DEV/Desktop/crypto-trading-broker/.venv/lib/python3.13/site-packages/django/core/servers/basehttp.py:213 - "POST /api/v1/cron/execute-orders/?token=5Pm-SoiK_WTo2hU1sfsprv4qaUTqp_s0rdbdag45k9M= HTTP/1.1" 200 168
[2025-11-30 01:02:05,684] INFO django.server /Users/NETPHIX_DEV/Desktop/crypto-trading-broker/.venv/lib/python3.13/site-packages/django/core/servers/basehttp.py:213 - "POST /api/v1/cron/update-positions/?token=5Pm-SoiK_WTo2hU1sfsprv4qaUTqp_s0rdbdag45k9M= HTTP/1.1" 200 366
[2025-11-30 01:03:00,458] INFO django.server /Users/NETPHIX_DEV/Desktop/crypto-trading-broker/.venv/lib/python3.13/site-packages/django/core/servers/basehttp.py:213 - "POST /api/v1/cron/execute-orders/?token=5Pm-SoiK_WTo2hU1sfsprv4qaUTqp_s0rdbdag45k9M= HTTP/1.1" 200 168
[2025-11-30 01:03:05,356] INFO django.server /Users/NETPHIX_DEV/Desktop/crypto-trading-broker/.venv/lib/python3.13/site-packages/django/core/servers/basehttp.py:213 - "POST /api/v1/cron/update-positions/?token=5Pm-SoiK_WTo2hU1sfsprv4qaUTqp_s0rdbdag45k9M= HTTP/1.1" 200 366
[2025-11-30 01:04:00,463] INFO django.server /Users/NETPHIX_DEV/Desktop/crypto-trading-broker/.venv/lib/python3.13/site-packages/django/core/servers/basehttp.py:213 - "POST /api/v1/cron/execute-orders/?token=5Pm-SoiK_WTo2hU1sfsprv4qaUTqp_s0rdbdag45k9M= HTTP/1.1" 200 168
[2025-11-30 01:04:11,337] INFO django.server /Users/NETPHIX_DEV/Desktop/crypto-trading-broker/.venv/lib/python3.13/site-packages/django/core/servers/basehttp.py:213 - "POST /api/v1/cron/update-positions/?token=5Pm-SoiK_WTo2hU1sfsprv4qaUTqp_s0rdbdag45k9M= HTTP/1.1" 200 366
[2025-11-30 01:04:50,721] INFO django.server /Users/NETPHIX_DEV/Desktop/crypto-trading-broker/.venv/lib/python3.13/site-packages/django/core/servers/basehttp.py:81 - - Broken pipe from ('127.0.0.1', 63585)
[2025-11-30 01:05:00,929] INFO django.server /Users/NETPHIX_DEV/Desktop/crypto-trading-broker/.venv/lib/python3.13/site-packages/django/core/servers/basehttp.py:213 - "POST /api/v1/cron/execute-orders/?token=5Pm-SoiK_WTo2hU1sfsprv4qaUTqp_s0rdbdag45k9M= HTTP/1.1" 200 168
[2025-11-30 01:05:01,716] INFO django.server /Users/NETPHIX_DEV/Desktop/crypto-trading-broker/.venv/lib/python3.13/site-packages/django/core/servers/basehttp.py:213 - "POST /api/v1/cron/process-investments/?token=5Pm-SoiK_WTo2hU1sfsprv4qaUTqp_s0rdbdag45k9M= HTTP/1.1" 200 154
[2025-11-30 01:05:05,515] INFO django.server /Users/NETPHIX_DEV/Desktop/crypto-trading-broker/.venv/lib/python3.13/site-packages/django/core/servers/basehttp.py:213 - "POST /api/v1/cron/update-positions/?token=5Pm-SoiK_WTo2hU1sfsprv4qaUTqp_s0rdbdag45k9M= HTTP/1.1" 200 366
[2025-11-30 01:06:00,485] INFO django.server /Users/NETPHIX_DEV/Desktop/crypto-trading-broker/.venv/lib/python3.13/site-packages/django/core/servers/basehttp.py:213 - "POST /api/v1/cron/execute-orders/?token=5Pm-SoiK_WTo2hU1sfsprv4qaUTqp_s0rdbdag45k9M= HTTP/1.1" 200 168
[2025-11-30 01:06:10,692] INFO django.server /Users/NETPHIX_DEV/Desktop/crypto-trading-broker/.venv/lib/python3.13/site-packages/django/core/servers/basehttp.py:213 - "POST /api/v1/cron/update-positions/?token=5Pm-SoiK_WTo2hU1sfsprv4qaUTqp_s0rdbdag45k9M= HTTP/1.1" 200 366
[2025-11-30 01:07:00,373] INFO django.server /Users/NETPHIX_DEV/Desktop/crypto-trading-broker/.venv/lib/python3.13/site-packages/django/core/servers/basehttp.py:213 - "POST /api/v1/cron/execute-orders/?token=5Pm-SoiK_WTo2hU1sfsprv4qaUTqp_s0rdbdag45k9M= HTTP/1.1" 200 168
[2025-11-30 01:07:05,118] INFO django.server /Users/NETPHIX_DEV/Desktop/crypto-trading-broker/.venv/lib/python3.13/site-packages/django/core/servers/basehttp.py:213 - "POST /api/v1/cron/update-positions/?token=5Pm-SoiK_WTo2hU1sfsprv4qaUTqp_s0rdbdag45k9M= HTTP/1.1" 200 366
[2025-11-30 01:08:00,433] INFO django.server /Users/NETPHIX_DEV/Desktop/crypto-trading-broker/.venv/lib/python3.13/site-packages/django/core/servers/basehttp.py:213 - "POST /api/v1/cron/execute-orders/?token=5Pm-SoiK_WTo2hU1sfsprv4qaUTqp_s0rdbdag45k9M= HTTP/1.1" 200 168
[2025-11-30 01:08:10,911] INFO django.server /Users/NETPHIX_DEV/Desktop/crypto-trading-broker/.venv/lib/python3.13/site-packages/django/core/servers/basehttp.py:213 - "POST /api/v1/cron/update-positions/?token=5Pm-SoiK_WTo2hU1sfsprv4qaUTqp_s0rdbdag45k9M= HTTP/1.1" 200 366
[2025-11-30 01:09:00,570] INFO django.server /Users/NETPHIX_DEV/Desktop/crypto-trading-broker/.venv/lib/python3.13/site-packages/django/core/servers/basehttp.py:213 - "POST /api/v1/cron/execute-orders/?token=5Pm-SoiK_WTo2hU1sfsprv4qaUTqp_s0rdbdag45k9M= HTTP/1.1" 200 168
[2025-11-30 01:09:06,363] INFO django.server /Users/NETPHIX_DEV/Desktop/crypto-trading-broker/.venv/lib/python3.13/site-packages/django/core/servers/basehttp.py:213 - "POST /api/v1/cron/update-positions/?token=5Pm-SoiK_WTo2hU1sfsprv4qaUTqp_s0rdbdag45k9M= HTTP/1.1" 200 366
[2025-11-30 01:10:01,759] INFO django.server /Users/NETPHIX_DEV/Desktop/crypto-trading-broker/.venv/lib/python3.13/site-packages/django/core/servers/basehttp.py:213 - "POST /api/v1/cron/process-investments/?token=5Pm-SoiK_WTo2hU1sfsprv4qaUTqp_s0rdbdag45k9M= HTTP/1.1" 200 154
[2025-11-30 01:10:01,876] INFO django.server /Users/NETPHIX_DEV/Desktop/crypto-trading-broker/.venv/lib/python3.13/site-packages/django/core/servers/basehttp.py:213 - "POST /api/v1/cron/execute-orders/?token=5Pm-SoiK_WTo2hU1sfsprv4qaUTqp_s0rdbdag45k9M= HTTP/1.1" 200 168
[2025-11-30 01:10:11,465] INFO django.server /Users/NETPHIX_DEV/Desktop/crypto-trading-broker/.venv/lib/python3.13/site-packages/django/core/servers/basehttp.py:213 - "POST /api/v1/cron/update-positions/?token=5Pm-SoiK_WTo2hU1sfsprv4qaUTqp_s0rdbdag45k9M= HTTP/1.1" 200 366
[2025-11-30 01:11:00,708] INFO django.server /Users/NETPHIX_DEV/Desktop/crypto-trading-broker/.venv/lib/python3.13/site-packages/django/core/servers/basehttp.py:213 - "POST /api/v1/cron/execute-orders/?token=5Pm-SoiK_WTo2hU1sfsprv4qaUTqp_s0rdbdag45k9M= HTTP/1.1" 200 168
[2025-11-30 01:11:05,406] INFO django.server /Users/NETPHIX_DEV/Desktop/crypto-trading-broker/.venv/lib/python3.13/site-packages/django/core/servers/basehttp.py:213 - "POST /api/v1/cron/update-positions/?token=5Pm-SoiK_WTo2hU1sfsprv4qaUTqp_s0rdbdag45k9M= HTTP/1.1" 200 366
[2025-11-30 01:12:00,525] INFO django.server /Users/NETPHIX_DEV/Desktop/crypto-trading-broker/.venv/lib/python3.13/site-packages/django/core/servers/basehttp.py:213 - "POST /api/v1/cron/execute-orders/?token=5Pm-SoiK_WTo2hU1sfsprv4qaUTqp_s0rdbdag45k9M= HTTP/1.1" 200 168
[2025-11-30 01:12:09,822] INFO django.server /Users/NETPHIX_DEV/Desktop/crypto-trading-broker/.venv/lib/python3.13/site-packages/django/core/servers/basehttp.py:213 - "POST /api/v1/cron/update-positions/?token=5Pm-SoiK_WTo2hU1sfsprv4qaUTqp_s0rdbdag45k9M= HTTP/1.1" 200 366
[2025-11-30 01:12:13,522] INFO django.server /Users/NETPHIX_DEV/Desktop/crypto-trading-broker/.venv/lib/python3.13/site-packages/django/core/servers/basehttp.py:213 - "GET /dashboard/trading-view/9/ HTTP/1.1" 200 119236
[2025-11-30 01:12:14,029] WARNING django.server /Users/NETPHIX_DEV/Desktop/crypto-trading-broker/.venv/lib/python3.13/site-packages/django/core/servers/basehttp.py:213 - "GET /.well-known/appspecific/com.chrome.devtools.json HTTP/1.1" 404 20022
[2025-11-30 01:12:15,049] INFO django.server /Users/NETPHIX_DEV/Desktop/crypto-trading-broker/.venv/lib/python3.13/site-packages/django/core/servers/basehttp.py:213 - "GET /static/assets/scripts/api.js HTTP/1.1" 200 32276
[2025-11-30 01:12:15,053] INFO django.server /Users/NETPHIX_DEV/Desktop/crypto-trading-broker/.venv/lib/python3.13/site-packages/django/core/servers/basehttp.py:213 - "GET /static/assets/scripts/order-handler.js HTTP/1.1" 200 16489
[2025-11-30 01:12:15,057] INFO django.server /Users/NETPHIX_DEV/Desktop/crypto-trading-broker/.venv/lib/python3.13/site-packages/django/core/servers/basehttp.py:213 - "GET /static/assets/scripts/trading-single.js HTTP/1.1" 200 42858
[2025-11-30 01:12:16,031] INFO django.server /Users/NETPHIX_DEV/Desktop/crypto-trading-broker/.venv/lib/python3.13/site-packages/django/core/servers/basehttp.py:213 - "GET /api/v1/trading/config/ HTTP/1.1" 200 1299
[2025-11-30 01:12:16,323] INFO django.server /Users/NETPHIX_DEV/Desktop/crypto-trading-broker/.venv/lib/python3.13/site-packages/django/core/servers/basehttp.py:213 - "GET /api/v1/orders/trading_summary/ HTTP/1.1" 200 291
[2025-11-30 01:12:16,409] INFO django.server /Users/NETPHIX_DEV/Desktop/crypto-trading-broker/.venv/lib/python3.13/site-packages/django/core/servers/basehttp.py:213 - "GET /api/v1/positions/ HTTP/1.1" 200 3959
[2025-11-30 01:12:16,496] INFO django.server /Users/NETPHIX_DEV/Desktop/crypto-trading-broker/.venv/lib/python3.13/site-packages/django/core/servers/basehttp.py:213 - "GET /api/v1/orders/ HTTP/1.1" 200 14596
[2025-11-30 01:12:16,522] INFO django.server /Users/NETPHIX_DEV/Desktop/crypto-trading-broker/.venv/lib/python3.13/site-packages/django/core/servers/basehttp.py:213 - "GET /api/v1/trading-pairs/9/ HTTP/1.1" 200 549
[2025-11-30 01:12:17,871] INFO django.server /Users/NETPHIX_DEV/Desktop/crypto-trading-broker/.venv/lib/python3.13/site-packages/django/core/servers/basehttp.py:213 - "GET /static/assets/img/XoR8MfdPTzQDfF4JVKuMIQhGj8HmCdPoBxveN4vK.png HTTP/1.1" 200 8868
[2025-11-30 01:12:21,301] INFO django.server /Users/NETPHIX_DEV/Desktop/crypto-trading-broker/.venv/lib/python3.13/site-packages/django/core/servers/basehttp.py:213 - "GET /api/v1/trading-pairs/9/market_data/ HTTP/1.1" 200 330
[2025-11-30 01:12:21,316] INFO django.server /Users/NETPHIX_DEV/Desktop/crypto-trading-broker/.venv/lib/python3.13/site-packages/django/core/servers/basehttp.py:213 - "GET /api/v1/accounts/balance/ HTTP/1.1" 200 353
[2025-11-30 01:12:21,366] INFO django.server /Users/NETPHIX_DEV/Desktop/crypto-trading-broker/.venv/lib/python3.13/site-packages/django/core/servers/basehttp.py:213 - "GET /api/v1/positions/ HTTP/1.1" 200 3959
[2025-11-30 01:12:21,422] INFO django.server /Users/NETPHIX_DEV/Desktop/crypto-trading-broker/.venv/lib/python3.13/site-packages/django/core/servers/basehttp.py:213 - "GET /api/v1/orders/ HTTP/1.1" 200 14596
[2025-11-30 01:12:21,469] INFO django.server /Users/NETPHIX_DEV/Desktop/crypto-trading-broker/.venv/lib/python3.13/site-packages/django/core/servers/basehttp.py:213 - "GET /api/v1/transactions/ HTTP/1.1" 200 2398
[2025-11-30 01:13:00,578] INFO django.server /Users/NETPHIX_DEV/Desktop/crypto-trading-broker/.venv/lib/python3.13/site-packages/django/core/servers/basehttp.py:213 - "POST /api/v1/cron/execute-orders/?token=5Pm-SoiK_WTo2hU1sfsprv4qaUTqp_s0rdbdag45k9M= HTTP/1.1" 200 168
[2025-11-30 01:13:05,417] INFO django.server /Users/NETPHIX_DEV/Desktop/crypto-trading-broker/.venv/lib/python3.13/site-packages/django/core/servers/basehttp.py:213 - "POST /api/v1/cron/update-positions/?token=5Pm-SoiK_WTo2hU1sfsprv4qaUTqp_s0rdbdag45k9M= HTTP/1.1" 200 366
[2025-11-30 01:14:00,927] INFO django.server /Users/NETPHIX_DEV/Desktop/crypto-trading-broker/.venv/lib/python3.13/site-packages/django/core/servers/basehttp.py:213 - "POST /api/v1/cron/execute-orders/?token=5Pm-SoiK_WTo2hU1sfsprv4qaUTqp_s0rdbdag45k9M= HTTP/1.1" 200 168
[2025-11-30 01:14:10,491] INFO django.server /Users/NETPHIX_DEV/Desktop/crypto-trading-broker/.venv/lib/python3.13/site-packages/django/core/servers/basehttp.py:213 - "POST /api/v1/cron/update-positions/?token=5Pm-SoiK_WTo2hU1sfsprv4qaUTqp_s0rdbdag45k9M= HTTP/1.1" 200 366
[2025-11-30 01:14:11,104] INFO django.server /Users/NETPHIX_DEV/Desktop/crypto-trading-broker/.venv/lib/python3.13/site-packages/django/core/servers/basehttp.py:213 - "GET /dashboard/trading-view/9/ HTTP/1.1" 200 118692
[2025-11-30 01:14:11,250] WARNING django.server /Users/NETPHIX_DEV/Desktop/crypto-trading-broker/.venv/lib/python3.13/site-packages/django/core/servers/basehttp.py:213 - "GET /.well-known/appspecific/com.chrome.devtools.json HTTP/1.1" 404 20022
[2025-11-30 01:14:11,506] INFO django.server /Users/NETPHIX_DEV/Desktop/crypto-trading-broker/.venv/lib/python3.13/site-packages/django/core/servers/basehttp.py:213 - "GET /static/assets/scripts/api.js HTTP/1.1" 200 32276
[2025-11-30 01:14:11,511] INFO django.server /Users/NETPHIX_DEV/Desktop/crypto-trading-broker/.venv/lib/python3.13/site-packages/django/core/servers/basehttp.py:213 - "GET /static/assets/scripts/order-handler.js HTTP/1.1" 200 16489
[2025-11-30 01:14:11,518] INFO django.server /Users/NETPHIX_DEV/Desktop/crypto-trading-broker/.venv/lib/python3.13/site-packages/django/core/servers/basehttp.py:213 - "GET /static/assets/scripts/trading-single.js HTTP/1.1" 200 42858
[2025-11-30 01:14:12,705] INFO django.server /Users/NETPHIX_DEV/Desktop/crypto-trading-broker/.venv/lib/python3.13/site-packages/django/core/servers/basehttp.py:213 - "GET /api/v1/trading/config/ HTTP/1.1" 200 1299
[2025-11-30 01:14:12,851] INFO django.server /Users/NETPHIX_DEV/Desktop/crypto-trading-broker/.venv/lib/python3.13/site-packages/django/core/servers/basehttp.py:213 - "GET /api/v1/orders/trading_summary/ HTTP/1.1" 200 291
[2025-11-30 01:14:12,890] INFO django.server /Users/NETPHIX_DEV/Desktop/crypto-trading-broker/.venv/lib/python3.13/site-packages/django/core/servers/basehttp.py:213 - "GET /api/v1/positions/ HTTP/1.1" 200 3959
[2025-11-30 01:14:12,918] INFO django.server /Users/NETPHIX_DEV/Desktop/crypto-trading-broker/.venv/lib/python3.13/site-packages/django/core/servers/basehttp.py:213 - "GET /api/v1/orders/ HTTP/1.1" 200 14596
[2025-11-30 01:14:12,932] INFO django.server /Users/NETPHIX_DEV/Desktop/crypto-trading-broker/.venv/lib/python3.13/site-packages/django/core/servers/basehttp.py:213 - "GET /api/v1/trading-pairs/9/ HTTP/1.1" 200 549
[2025-11-30 01:14:13,447] INFO django.server /Users/NETPHIX_DEV/Desktop/crypto-trading-broker/.venv/lib/python3.13/site-packages/django/core/servers/basehttp.py:213 - "GET /static/assets/img/XoR8MfdPTzQDfF4JVKuMIQhGj8HmCdPoBxveN4vK.png HTTP/1.1" 200 8868
[2025-11-30 01:14:16,119] INFO django.server /Users/NETPHIX_DEV/Desktop/crypto-trading-broker/.venv/lib/python3.13/site-packages/django/core/servers/basehttp.py:213 - "GET /api/v1/trading-pairs/9/market_data/ HTTP/1.1" 200 330
[2025-11-30 01:14:16,169] INFO django.server /Users/NETPHIX_DEV/Desktop/crypto-trading-broker/.venv/lib/python3.13/site-packages/django/core/servers/basehttp.py:213 - "GET /api/v1/accounts/balance/ HTTP/1.1" 200 353
[2025-11-30 01:14:16,220] INFO django.server /Users/NETPHIX_DEV/Desktop/crypto-trading-broker/.venv/lib/python3.13/site-packages/django/core/servers/basehttp.py:213 - "GET /api/v1/positions/ HTTP/1.1" 200 3959
[2025-11-30 01:14:16,256] INFO django.server /Users/NETPHIX_DEV/Desktop/crypto-trading-broker/.venv/lib/python3.13/site-packages/django/core/servers/basehttp.py:213 - "GET /api/v1/orders/ HTTP/1.1" 200 14596
[2025-11-30 01:14:16,276] INFO django.server /Users/NETPHIX_DEV/Desktop/crypto-trading-broker/.venv/lib/python3.13/site-packages/django/core/servers/basehttp.py:213 - "GET /api/v1/transactions/ HTTP/1.1" 200 2398
[2025-11-30 01:14:55,134] INFO django.server /Users/NETPHIX_DEV/Desktop/crypto-trading-broker/.venv/lib/python3.13/site-packages/django/core/servers/basehttp.py:81 - - Broken pipe from ('127.0.0.1', 49943)
[2025-11-30 01:15:01,491] INFO django.server /Users/NETPHIX_DEV/Desktop/crypto-trading-broker/.venv/lib/python3.13/site-packages/django/core/servers/basehttp.py:213 - "POST /api/v1/cron/execute-orders/?token=5Pm-SoiK_WTo2hU1sfsprv4qaUTqp_s0rdbdag45k9M= HTTP/1.1" 200 168
[2025-11-30 01:15:02,070] INFO django.server /Users/NETPHIX_DEV/Desktop/crypto-trading-broker/.venv/lib/python3.13/site-packages/django/core/servers/basehttp.py:213 - "POST /api/v1/cron/process-investments/?token=5Pm-SoiK_WTo2hU1sfsprv4qaUTqp_s0rdbdag45k9M= HTTP/1.1" 200 154
[2025-11-30 01:15:06,559] INFO django.server /Users/NETPHIX_DEV/Desktop/crypto-trading-broker/.venv/lib/python3.13/site-packages/django/core/servers/basehttp.py:213 - "POST /api/v1/cron/update-positions/?token=5Pm-SoiK_WTo2hU1sfsprv4qaUTqp_s0rdbdag45k9M= HTTP/1.1" 200 366
[2025-11-30 01:16:00,415] INFO django.server /Users/NETPHIX_DEV/Desktop/crypto-trading-broker/.venv/lib/python3.13/site-packages/django/core/servers/basehttp.py:213 - "POST /api/v1/cron/execute-orders/?token=5Pm-SoiK_WTo2hU1sfsprv4qaUTqp_s0rdbdag45k9M= HTTP/1.1" 200 168
[2025-11-30 01:16:10,079] INFO django.server /Users/NETPHIX_DEV/Desktop/crypto-trading-broker/.venv/lib/python3.13/site-packages/django/core/servers/basehttp.py:213 - "POST /api/v1/cron/update-positions/?token=5Pm-SoiK_WTo2hU1sfsprv4qaUTqp_s0rdbdag45k9M= HTTP/1.1" 200 366
[2025-11-30 01:17:00,957] INFO django.server /Users/NETPHIX_DEV/Desktop/crypto-trading-broker/.venv/lib/python3.13/site-packages/django/core/servers/basehttp.py:213 - "POST /api/v1/cron/execute-orders/?token=5Pm-SoiK_WTo2hU1sfsprv4qaUTqp_s0rdbdag45k9M= HTTP/1.1" 200 168
[2025-11-30 01:17:06,139] INFO django.server /Users/NETPHIX_DEV/Desktop/crypto-trading-broker/.venv/lib/python3.13/site-packages/django/core/servers/basehttp.py:213 - "POST /api/v1/cron/update-positions/?token=5Pm-SoiK_WTo2hU1sfsprv4qaUTqp_s0rdbdag45k9M= HTTP/1.1" 200 366
[2025-11-30 01:17:52,613] INFO django.server /Users/NETPHIX_DEV/Desktop/crypto-trading-broker/.venv/lib/python3.13/site-packages/django/core/servers/basehttp.py:213 - "GET /dashboard/trading-view/9/ HTTP/1.1" 200 118692
[2025-11-30 01:17:52,826] WARNING django.server /Users/NETPHIX_DEV/Desktop/crypto-trading-broker/.venv/lib/python3.13/site-packages/django/core/servers/basehttp.py:213 - "GET /.well-known/appspecific/com.chrome.devtools.json HTTP/1.1" 404 20022
[2025-11-30 01:17:53,323] INFO django.server /Users/NETPHIX_DEV/Desktop/crypto-trading-broker/.venv/lib/python3.13/site-packages/django/core/servers/basehttp.py:213 - "GET /static/assets/scripts/api.js HTTP/1.1" 200 32276
[2025-11-30 01:17:53,329] INFO django.server /Users/NETPHIX_DEV/Desktop/crypto-trading-broker/.venv/lib/python3.13/site-packages/django/core/servers/basehttp.py:213 - "GET /static/assets/scripts/order-handler.js HTTP/1.1" 200 16489
[2025-11-30 01:17:53,333] INFO django.server /Users/NETPHIX_DEV/Desktop/crypto-trading-broker/.venv/lib/python3.13/site-packages/django/core/servers/basehttp.py:213 - "GET /static/assets/scripts/trading-single.js HTTP/1.1" 200 42789
[2025-11-30 01:17:54,622] INFO django.server /Users/NETPHIX_DEV/Desktop/crypto-trading-broker/.venv/lib/python3.13/site-packages/django/core/servers/basehttp.py:213 - "GET /api/v1/trading/config/ HTTP/1.1" 200 1299
[2025-11-30 01:17:54,804] INFO django.server /Users/NETPHIX_DEV/Desktop/crypto-trading-broker/.venv/lib/python3.13/site-packages/django/core/servers/basehttp.py:213 - "GET /api/v1/orders/trading_summary/ HTTP/1.1" 200 291
[2025-11-30 01:17:54,920] INFO django.server /Users/NETPHIX_DEV/Desktop/crypto-trading-broker/.venv/lib/python3.13/site-packages/django/core/servers/basehttp.py:213 - "GET /api/v1/positions/ HTTP/1.1" 200 3958
[2025-11-30 01:17:54,984] INFO django.server /Users/NETPHIX_DEV/Desktop/crypto-trading-broker/.venv/lib/python3.13/site-packages/django/core/servers/basehttp.py:213 - "GET /api/v1/orders/ HTTP/1.1" 200 14596
[2025-11-30 01:17:55,029] INFO django.server /Users/NETPHIX_DEV/Desktop/crypto-trading-broker/.venv/lib/python3.13/site-packages/django/core/servers/basehttp.py:213 - "GET /api/v1/trading-pairs/9/ HTTP/1.1" 200 549
[2025-11-30 01:17:55,559] INFO django.server /Users/NETPHIX_DEV/Desktop/crypto-trading-broker/.venv/lib/python3.13/site-packages/django/core/servers/basehttp.py:213 - "GET /static/assets/img/XoR8MfdPTzQDfF4JVKuMIQhGj8HmCdPoBxveN4vK.png HTTP/1.1" 200 8868
[2025-11-30 01:17:59,588] INFO django.server /Users/NETPHIX_DEV/Desktop/crypto-trading-broker/.venv/lib/python3.13/site-packages/django/core/servers/basehttp.py:213 - "GET /api/v1/trading-pairs/9/market_data/ HTTP/1.1" 200 330
[2025-11-30 01:17:59,602] INFO django.server /Users/NETPHIX_DEV/Desktop/crypto-trading-broker/.venv/lib/python3.13/site-packages/django/core/servers/basehttp.py:213 - "GET /api/v1/accounts/balance/ HTTP/1.1" 200 353
[2025-11-30 01:17:59,643] INFO django.server /Users/NETPHIX_DEV/Desktop/crypto-trading-broker/.venv/lib/python3.13/site-packages/django/core/servers/basehttp.py:213 - "GET /api/v1/positions/ HTTP/1.1" 200 3958
[2025-11-30 01:17:59,670] INFO django.server /Users/NETPHIX_DEV/Desktop/crypto-trading-broker/.venv/lib/python3.13/site-packages/django/core/servers/basehttp.py:213 - "GET /api/v1/orders/ HTTP/1.1" 200 14596
[2025-11-30 01:17:59,719] INFO django.server /Users/NETPHIX_DEV/Desktop/crypto-trading-broker/.venv/lib/python3.13/site-packages/django/core/servers/basehttp.py:213 - "GET /api/v1/transactions/ HTTP/1.1" 200 2398
[2025-11-30 01:18:00,529] INFO django.server /Users/NETPHIX_DEV/Desktop/crypto-trading-broker/.venv/lib/python3.13/site-packages/django/core/servers/basehttp.py:213 - "POST /api/v1/cron/execute-orders/?token=5Pm-SoiK_WTo2hU1sfsprv4qaUTqp_s0rdbdag45k9M= HTTP/1.1" 200 168
[2025-11-30 01:18:11,558] INFO django.server /Users/NETPHIX_DEV/Desktop/crypto-trading-broker/.venv/lib/python3.13/site-packages/django/core/servers/basehttp.py:213 - "POST /api/v1/cron/update-positions/?token=5Pm-SoiK_WTo2hU1sfsprv4qaUTqp_s0rdbdag45k9M= HTTP/1.1" 200 366
[2025-11-30 01:18:41,845] INFO django.server /Users/NETPHIX_DEV/Desktop/crypto-trading-broker/.venv/lib/python3.13/site-packages/django/core/servers/basehttp.py:213 - "GET /dashboard/trading-view/9/ HTTP/1.1" 200 118715
[2025-11-30 01:18:41,904] INFO django.server /Users/NETPHIX_DEV/Desktop/crypto-trading-broker/.venv/lib/python3.13/site-packages/django/core/servers/basehttp.py:213 - "GET /static/assets/scripts/api.js HTTP/1.1" 304 0
[2025-11-30 01:18:41,911] INFO django.server /Users/NETPHIX_DEV/Desktop/crypto-trading-broker/.venv/lib/python3.13/site-packages/django/core/servers/basehttp.py:213 - "GET /static/assets/scripts/trading-single.js HTTP/1.1" 304 0
[2025-11-30 01:18:42,047] WARNING django.server /Users/NETPHIX_DEV/Desktop/crypto-trading-broker/.venv/lib/python3.13/site-packages/django/core/servers/basehttp.py:213 - "GET /.well-known/appspecific/com.chrome.devtools.json HTTP/1.1" 404 20022
[2025-11-30 01:18:42,761] INFO django.server /Users/NETPHIX_DEV/Desktop/crypto-trading-broker/.venv/lib/python3.13/site-packages/django/core/servers/basehttp.py:213 - "GET /api/v1/trading/config/ HTTP/1.1" 200 1299
[2025-11-30 01:18:42,922] INFO django.server /Users/NETPHIX_DEV/Desktop/crypto-trading-broker/.venv/lib/python3.13/site-packages/django/core/servers/basehttp.py:213 - "GET /api/v1/orders/trading_summary/ HTTP/1.1" 200 291
[2025-11-30 01:18:42,956] INFO django.server /Users/NETPHIX_DEV/Desktop/crypto-trading-broker/.venv/lib/python3.13/site-packages/django/core/servers/basehttp.py:213 - "GET /api/v1/positions/ HTTP/1.1" 200 3958
[2025-11-30 01:18:42,998] INFO django.server /Users/NETPHIX_DEV/Desktop/crypto-trading-broker/.venv/lib/python3.13/site-packages/django/core/servers/basehttp.py:213 - "GET /api/v1/orders/ HTTP/1.1" 200 14596
[2025-11-30 01:18:43,030] INFO django.server /Users/NETPHIX_DEV/Desktop/crypto-trading-broker/.venv/lib/python3.13/site-packages/django/core/servers/basehttp.py:213 - "GET /api/v1/trading-pairs/9/ HTTP/1.1" 200 549
[2025-11-30 01:18:43,108] INFO django.server /Users/NETPHIX_DEV/Desktop/crypto-trading-broker/.venv/lib/python3.13/site-packages/django/core/servers/basehttp.py:213 - "GET /api/v1/trading-pairs/9/market_data/ HTTP/1.1" 200 330
[2025-11-30 01:18:43,147] INFO django.server /Users/NETPHIX_DEV/Desktop/crypto-trading-broker/.venv/lib/python3.13/site-packages/django/core/servers/basehttp.py:213 - "GET /api/v1/accounts/balance/ HTTP/1.1" 200 353
[2025-11-30 01:18:43,228] INFO django.server /Users/NETPHIX_DEV/Desktop/crypto-trading-broker/.venv/lib/python3.13/site-packages/django/core/servers/basehttp.py:213 - "GET /api/v1/positions/ HTTP/1.1" 200 3958
[2025-11-30 01:18:43,327] INFO django.server /Users/NETPHIX_DEV/Desktop/crypto-trading-broker/.venv/lib/python3.13/site-packages/django/core/servers/basehttp.py:213 - "GET /api/v1/orders/ HTTP/1.1" 200 14596
[2025-11-30 01:18:43,389] INFO django.server /Users/NETPHIX_DEV/Desktop/crypto-trading-broker/.venv/lib/python3.13/site-packages/django/core/servers/basehttp.py:213 - "GET /api/v1/transactions/ HTTP/1.1" 200 2398
[2025-11-30 01:19:00,886] INFO django.server /Users/NETPHIX_DEV/Desktop/crypto-trading-broker/.venv/lib/python3.13/site-packages/django/core/servers/basehttp.py:213 - "POST /api/v1/cron/execute-orders/?token=5Pm-SoiK_WTo2hU1sfsprv4qaUTqp_s0rdbdag45k9M= HTTP/1.1" 200 168
[2025-11-30 01:19:06,132] INFO django.server /Users/NETPHIX_DEV/Desktop/crypto-trading-broker/.venv/lib/python3.13/site-packages/django/core/servers/basehttp.py:213 - "POST /api/v1/cron/update-positions/?token=5Pm-SoiK_WTo2hU1sfsprv4qaUTqp_s0rdbdag45k9M= HTTP/1.1" 200 366
[2025-11-30 01:20:01,931] INFO django.server /Users/NETPHIX_DEV/Desktop/crypto-trading-broker/.venv/lib/python3.13/site-packages/django/core/servers/basehttp.py:213 - "POST /api/v1/cron/execute-orders/?token=5Pm-SoiK_WTo2hU1sfsprv4qaUTqp_s0rdbdag45k9M= HTTP/1.1" 200 168
[2025-11-30 01:20:02,277] INFO django.server /Users/NETPHIX_DEV/Desktop/crypto-trading-broker/.venv/lib/python3.13/site-packages/django/core/servers/basehttp.py:213 - "POST /api/v1/cron/process-investments/?token=5Pm-SoiK_WTo2hU1sfsprv4qaUTqp_s0rdbdag45k9M= HTTP/1.1" 200 154
[2025-11-30 01:20:11,693] INFO django.server /Users/NETPHIX_DEV/Desktop/crypto-trading-broker/.venv/lib/python3.13/site-packages/django/core/servers/basehttp.py:213 - "POST /api/v1/cron/update-positions/?token=5Pm-SoiK_WTo2hU1sfsprv4qaUTqp_s0rdbdag45k9M= HTTP/1.1" 200 366
[2025-11-30 01:21:00,677] INFO django.server /Users/NETPHIX_DEV/Desktop/crypto-trading-broker/.venv/lib/python3.13/site-packages/django/core/servers/basehttp.py:213 - "POST /api/v1/cron/execute-orders/?token=5Pm-SoiK_WTo2hU1sfsprv4qaUTqp_s0rdbdag45k9M= HTTP/1.1" 200 168
[2025-11-30 01:21:05,642] INFO django.server /Users/NETPHIX_DEV/Desktop/crypto-trading-broker/.venv/lib/python3.13/site-packages/django/core/servers/basehttp.py:213 - "POST /api/v1/cron/update-positions/?token=5Pm-SoiK_WTo2hU1sfsprv4qaUTqp_s0rdbdag45k9M= HTTP/1.1" 200 366
[2025-11-30 01:22:01,021] INFO django.server /Users/NETPHIX_DEV/Desktop/crypto-trading-broker/.venv/lib/python3.13/site-packages/django/core/servers/basehttp.py:213 - "POST /api/v1/cron/execute-orders/?token=5Pm-SoiK_WTo2hU1sfsprv4qaUTqp_s0rdbdag45k9M= HTTP/1.1" 200 168
[2025-11-30 01:22:01,366] INFO django.server /Users/NETPHIX_DEV/Desktop/crypto-trading-broker/.venv/lib/python3.13/site-packages/django/core/servers/basehttp.py:213 - "GET /dashboard/trading-view/9/ HTTP/1.1" 200 118715
[2025-11-30 01:22:01,509] WARNING django.server /Users/NETPHIX_DEV/Desktop/crypto-trading-broker/.venv/lib/python3.13/site-packages/django/core/servers/basehttp.py:213 - "GET /.well-known/appspecific/com.chrome.devtools.json HTTP/1.1" 404 20022
[2025-11-30 01:22:02,117] INFO django.server /Users/NETPHIX_DEV/Desktop/crypto-trading-broker/.venv/lib/python3.13/site-packages/django/core/servers/basehttp.py:213 - "GET /static/assets/scripts/api.js HTTP/1.1" 200 32308
[2025-11-30 01:22:02,124] INFO django.server /Users/NETPHIX_DEV/Desktop/crypto-trading-broker/.venv/lib/python3.13/site-packages/django/core/servers/basehttp.py:213 - "GET /static/assets/scripts/order-handler.js HTTP/1.1" 200 16489
[2025-11-30 01:22:02,129] INFO django.server /Users/NETPHIX_DEV/Desktop/crypto-trading-broker/.venv/lib/python3.13/site-packages/django/core/servers/basehttp.py:213 - "GET /static/assets/scripts/trading-single.js HTTP/1.1" 200 42789
[2025-11-30 01:22:03,398] INFO django.server /Users/NETPHIX_DEV/Desktop/crypto-trading-broker/.venv/lib/python3.13/site-packages/django/core/servers/basehttp.py:213 - "GET /api/v1/trading/config/ HTTP/1.1" 200 1299
[2025-11-30 01:22:03,552] INFO django.server /Users/NETPHIX_DEV/Desktop/crypto-trading-broker/.venv/lib/python3.13/site-packages/django/core/servers/basehttp.py:213 - "GET /api/v1/orders/trading_summary/ HTTP/1.1" 200 291
[2025-11-30 01:22:03,600] INFO django.server /Users/NETPHIX_DEV/Desktop/crypto-trading-broker/.venv/lib/python3.13/site-packages/django/core/servers/basehttp.py:213 - "GET /api/v1/positions/ HTTP/1.1" 200 3958
[2025-11-30 01:22:03,638] INFO django.server /Users/NETPHIX_DEV/Desktop/crypto-trading-broker/.venv/lib/python3.13/site-packages/django/core/servers/basehttp.py:213 - "GET /api/v1/orders/ HTTP/1.1" 200 14596
[2025-11-30 01:22:03,662] INFO django.server /Users/NETPHIX_DEV/Desktop/crypto-trading-broker/.venv/lib/python3.13/site-packages/django/core/servers/basehttp.py:213 - "GET /api/v1/trading-pairs/9/ HTTP/1.1" 200 549
[2025-11-30 01:22:04,488] INFO django.server /Users/NETPHIX_DEV/Desktop/crypto-trading-broker/.venv/lib/python3.13/site-packages/django/core/servers/basehttp.py:213 - "GET /static/assets/img/XoR8MfdPTzQDfF4JVKuMIQhGj8HmCdPoBxveN4vK.png HTTP/1.1" 200 8868
[2025-11-30 01:22:08,257] INFO django.server /Users/NETPHIX_DEV/Desktop/crypto-trading-broker/.venv/lib/python3.13/site-packages/django/core/servers/basehttp.py:213 - "GET /api/v1/trading-pairs/9/market_data/ HTTP/1.1" 200 330
[2025-11-30 01:22:08,271] INFO django.server /Users/NETPHIX_DEV/Desktop/crypto-trading-broker/.venv/lib/python3.13/site-packages/django/core/servers/basehttp.py:213 - "GET /api/v1/accounts/balance/ HTTP/1.1" 200 353
[2025-11-30 01:22:08,296] INFO django.server /Users/NETPHIX_DEV/Desktop/crypto-trading-broker/.venv/lib/python3.13/site-packages/django/core/servers/basehttp.py:213 - "GET /api/v1/positions/ HTTP/1.1" 200 3959
[2025-11-30 01:22:08,330] INFO django.server /Users/NETPHIX_DEV/Desktop/crypto-trading-broker/.venv/lib/python3.13/site-packages/django/core/servers/basehttp.py:213 - "GET /api/v1/orders/ HTTP/1.1" 200 14596
[2025-11-30 01:22:08,366] INFO django.server /Users/NETPHIX_DEV/Desktop/crypto-trading-broker/.venv/lib/python3.13/site-packages/django/core/servers/basehttp.py:213 - "GET /api/v1/transactions/ HTTP/1.1" 200 2398
[2025-11-30 01:22:10,257] INFO django.server /Users/NETPHIX_DEV/Desktop/crypto-trading-broker/.venv/lib/python3.13/site-packages/django/core/servers/basehttp.py:213 - "POST /api/v1/cron/update-positions/?token=5Pm-SoiK_WTo2hU1sfsprv4qaUTqp_s0rdbdag45k9M= HTTP/1.1" 200 366
[2025-11-30 01:23:00,600] INFO django.server /Users/NETPHIX_DEV/Desktop/crypto-trading-broker/.venv/lib/python3.13/site-packages/django/core/servers/basehttp.py:213 - "POST /api/v1/cron/execute-orders/?token=5Pm-SoiK_WTo2hU1sfsprv4qaUTqp_s0rdbdag45k9M= HTTP/1.1" 200 168
[2025-11-30 01:23:06,067] INFO django.server /Users/NETPHIX_DEV/Desktop/crypto-trading-broker/.venv/lib/python3.13/site-packages/django/core/servers/basehttp.py:213 - "POST /api/v1/cron/update-positions/?token=5Pm-SoiK_WTo2hU1sfsprv4qaUTqp_s0rdbdag45k9M= HTTP/1.1" 200 366
[2025-11-30 01:24:00,479] INFO django.server /Users/NETPHIX_DEV/Desktop/crypto-trading-broker/.venv/lib/python3.13/site-packages/django/core/servers/basehttp.py:213 - "POST /api/v1/cron/execute-orders/?token=5Pm-SoiK_WTo2hU1sfsprv4qaUTqp_s0rdbdag45k9M= HTTP/1.1" 200 168
[2025-11-30 01:24:11,240] INFO django.server /Users/NETPHIX_DEV/Desktop/crypto-trading-broker/.venv/lib/python3.13/site-packages/django/core/servers/basehttp.py:213 - "POST /api/v1/cron/update-positions/?token=5Pm-SoiK_WTo2hU1sfsprv4qaUTqp_s0rdbdag45k9M= HTTP/1.1" 200 366
[2025-11-30 01:25:00,735] INFO django.server /Users/NETPHIX_DEV/Desktop/crypto-trading-broker/.venv/lib/python3.13/site-packages/django/core/servers/basehttp.py:213 - "POST /api/v1/cron/execute-orders/?token=5Pm-SoiK_WTo2hU1sfsprv4qaUTqp_s0rdbdag45k9M= HTTP/1.1" 200 168
[2025-11-30 01:25:00,923] INFO django.server /Users/NETPHIX_DEV/Desktop/crypto-trading-broker/.venv/lib/python3.13/site-packages/django/core/servers/basehttp.py:213 - "POST /api/v1/cron/process-investments/?token=5Pm-SoiK_WTo2hU1sfsprv4qaUTqp_s0rdbdag45k9M= HTTP/1.1" 200 154
[2025-11-30 01:25:02,259] INFO django.server /Users/NETPHIX_DEV/Desktop/crypto-trading-broker/.venv/lib/python3.13/site-packages/django/core/servers/basehttp.py:81 - - Broken pipe from ('127.0.0.1', 52729)
[2025-11-30 01:25:05,893] INFO django.server /Users/NETPHIX_DEV/Desktop/crypto-trading-broker/.venv/lib/python3.13/site-packages/django/core/servers/basehttp.py:213 - "POST /api/v1/cron/update-positions/?token=5Pm-SoiK_WTo2hU1sfsprv4qaUTqp_s0rdbdag45k9M= HTTP/1.1" 200 366
[2025-11-30 01:25:07,935] INFO django.server /Users/NETPHIX_DEV/Desktop/crypto-trading-broker/.venv/lib/python3.13/site-packages/django/core/servers/basehttp.py:213 - "GET /dashboard/trading-view/9/ HTTP/1.1" 200 118715
[2025-11-30 01:25:08,124] WARNING django.server /Users/NETPHIX_DEV/Desktop/crypto-trading-broker/.venv/lib/python3.13/site-packages/django/core/servers/basehttp.py:213 - "GET /.well-known/appspecific/com.chrome.devtools.json HTTP/1.1" 404 20022
[2025-11-30 01:25:08,603] INFO django.server /Users/NETPHIX_DEV/Desktop/crypto-trading-broker/.venv/lib/python3.13/site-packages/django/core/servers/basehttp.py:213 - "GET /static/assets/scripts/api.js HTTP/1.1" 200 32324
[2025-11-30 01:25:08,607] INFO django.server /Users/NETPHIX_DEV/Desktop/crypto-trading-broker/.venv/lib/python3.13/site-packages/django/core/servers/basehttp.py:213 - "GET /static/assets/scripts/order-handler.js HTTP/1.1" 200 16489
[2025-11-30 01:25:08,612] INFO django.server /Users/NETPHIX_DEV/Desktop/crypto-trading-broker/.venv/lib/python3.13/site-packages/django/core/servers/basehttp.py:213 - "GET /static/assets/scripts/trading-single.js HTTP/1.1" 200 42813
[2025-11-30 01:25:09,625] INFO django.server /Users/NETPHIX_DEV/Desktop/crypto-trading-broker/.venv/lib/python3.13/site-packages/django/core/servers/basehttp.py:213 - "GET /api/v1/trading/config/ HTTP/1.1" 200 1299
[2025-11-30 01:25:09,798] INFO django.server /Users/NETPHIX_DEV/Desktop/crypto-trading-broker/.venv/lib/python3.13/site-packages/django/core/servers/basehttp.py:213 - "GET /api/v1/orders/trading_summary/ HTTP/1.1" 200 291
[2025-11-30 01:25:09,837] INFO django.server /Users/NETPHIX_DEV/Desktop/crypto-trading-broker/.venv/lib/python3.13/site-packages/django/core/servers/basehttp.py:213 - "GET /api/v1/positions/ HTTP/1.1" 200 3959
[2025-11-30 01:25:09,902] INFO django.server /Users/NETPHIX_DEV/Desktop/crypto-trading-broker/.venv/lib/python3.13/site-packages/django/core/servers/basehttp.py:213 - "GET /api/v1/orders/ HTTP/1.1" 200 14596
[2025-11-30 01:25:09,950] INFO django.server /Users/NETPHIX_DEV/Desktop/crypto-trading-broker/.venv/lib/python3.13/site-packages/django/core/servers/basehttp.py:213 - "GET /api/v1/trading-pairs/9/ HTTP/1.1" 200 549
[2025-11-30 01:25:10,501] INFO django.server /Users/NETPHIX_DEV/Desktop/crypto-trading-broker/.venv/lib/python3.13/site-packages/django/core/servers/basehttp.py:213 - "GET /static/assets/img/XoR8MfdPTzQDfF4JVKuMIQhGj8HmCdPoBxveN4vK.png HTTP/1.1" 200 8868
[2025-11-30 01:25:14,760] INFO django.server /Users/NETPHIX_DEV/Desktop/crypto-trading-broker/.venv/lib/python3.13/site-packages/django/core/servers/basehttp.py:213 - "GET /api/v1/trading-pairs/9/market_data/ HTTP/1.1" 200 330
[2025-11-30 01:25:14,779] INFO django.server /Users/NETPHIX_DEV/Desktop/crypto-trading-broker/.venv/lib/python3.13/site-packages/django/core/servers/basehttp.py:213 - "GET /api/v1/accounts/balance/ HTTP/1.1" 200 353
[2025-11-30 01:25:14,809] INFO django.server /Users/NETPHIX_DEV/Desktop/crypto-trading-broker/.venv/lib/python3.13/site-packages/django/core/servers/basehttp.py:213 - "GET /api/v1/positions/ HTTP/1.1" 200 3959
[2025-11-30 01:25:14,836] INFO django.server /Users/NETPHIX_DEV/Desktop/crypto-trading-broker/.venv/lib/python3.13/site-packages/django/core/servers/basehttp.py:213 - "GET /api/v1/orders/ HTTP/1.1" 200 14596
[2025-11-30 01:25:14,934] INFO django.server /Users/NETPHIX_DEV/Desktop/crypto-trading-broker/.venv/lib/python3.13/site-packages/django/core/servers/basehttp.py:213 - "GET /api/v1/transactions/ HTTP/1.1" 200 2398
[2025-11-30 01:25:48,029] INFO django.server /Users/NETPHIX_DEV/Desktop/crypto-trading-broker/.venv/lib/python3.13/site-packages/django/core/servers/basehttp.py:213 - "GET /dashboard/trading-view/9/ HTTP/1.1" 200 118715
[2025-11-30 01:25:48,271] WARNING django.server /Users/NETPHIX_DEV/Desktop/crypto-trading-broker/.venv/lib/python3.13/site-packages/django/core/servers/basehttp.py:213 - "GET /.well-known/appspecific/com.chrome.devtools.json HTTP/1.1" 404 20022
[2025-11-30 01:25:53,635] INFO django.server /Users/NETPHIX_DEV/Desktop/crypto-trading-broker/.venv/lib/python3.13/site-packages/django/core/servers/basehttp.py:213 - "GET /static/assets/scripts/api.js HTTP/1.1" 200 32324
[2025-11-30 01:25:53,640] INFO django.server /Users/NETPHIX_DEV/Desktop/crypto-trading-broker/.venv/lib/python3.13/site-packages/django/core/servers/basehttp.py:213 - "GET /static/assets/scripts/order-handler.js HTTP/1.1" 200 16489
[2025-11-30 01:25:53,644] INFO django.server /Users/NETPHIX_DEV/Desktop/crypto-trading-broker/.venv/lib/python3.13/site-packages/django/core/servers/basehttp.py:213 - "GET /static/assets/scripts/trading-single.js HTTP/1.1" 200 42813
[2025-11-30 01:25:54,779] INFO django.server /Users/NETPHIX_DEV/Desktop/crypto-trading-broker/.venv/lib/python3.13/site-packages/django/core/servers/basehttp.py:213 - "GET /api/v1/trading/config/ HTTP/1.1" 200 1299
[2025-11-30 01:25:54,901] INFO django.server /Users/NETPHIX_DEV/Desktop/crypto-trading-broker/.venv/lib/python3.13/site-packages/django/core/servers/basehttp.py:213 - "GET /api/v1/orders/trading_summary/ HTTP/1.1" 200 291
[2025-11-30 01:25:54,918] INFO django.server /Users/NETPHIX_DEV/Desktop/crypto-trading-broker/.venv/lib/python3.13/site-packages/django/core/servers/basehttp.py:213 - "GET /api/v1/positions/ HTTP/1.1" 200 3959
[2025-11-30 01:25:54,936] INFO django.server /Users/NETPHIX_DEV/Desktop/crypto-trading-broker/.venv/lib/python3.13/site-packages/django/core/servers/basehttp.py:213 - "GET /api/v1/orders/ HTTP/1.1" 200 14596
[2025-11-30 01:25:54,948] INFO django.server /Users/NETPHIX_DEV/Desktop/crypto-trading-broker/.venv/lib/python3.13/site-packages/django/core/servers/basehttp.py:213 - "GET /api/v1/trading-pairs/9/ HTTP/1.1" 200 549
[2025-11-30 01:25:54,998] INFO django.server /Users/NETPHIX_DEV/Desktop/crypto-trading-broker/.venv/lib/python3.13/site-packages/django/core/servers/basehttp.py:213 - "GET /api/v1/trading-pairs/9/market_data/ HTTP/1.1" 200 330
[2025-11-30 01:25:55,010] INFO django.server /Users/NETPHIX_DEV/Desktop/crypto-trading-broker/.venv/lib/python3.13/site-packages/django/core/servers/basehttp.py:213 - "GET /api/v1/accounts/balance/ HTTP/1.1" 200 353
[2025-11-30 01:25:55,025] INFO django.server /Users/NETPHIX_DEV/Desktop/crypto-trading-broker/.venv/lib/python3.13/site-packages/django/core/servers/basehttp.py:213 - "GET /api/v1/positions/ HTTP/1.1" 200 3959
[2025-11-30 01:25:55,049] INFO django.server /Users/NETPHIX_DEV/Desktop/crypto-trading-broker/.venv/lib/python3.13/site-packages/django/core/servers/basehttp.py:213 - "GET /api/v1/orders/ HTTP/1.1" 200 14596
[2025-11-30 01:25:55,065] INFO django.server /Users/NETPHIX_DEV/Desktop/crypto-trading-broker/.venv/lib/python3.13/site-packages/django/core/servers/basehttp.py:213 - "GET /api/v1/transactions/ HTTP/1.1" 200 2398
[2025-11-30 01:26:00,471] INFO django.server /Users/NETPHIX_DEV/Desktop/crypto-trading-broker/.venv/lib/python3.13/site-packages/django/core/servers/basehttp.py:213 - "POST /api/v1/cron/execute-orders/?token=5Pm-SoiK_WTo2hU1sfsprv4qaUTqp_s0rdbdag45k9M= HTTP/1.1" 200 168
[2025-11-30 01:26:04,622] INFO django.server /Users/NETPHIX_DEV/Desktop/crypto-trading-broker/.venv/lib/python3.13/site-packages/django/core/servers/basehttp.py:213 - "GET /static/assets/img/XoR8MfdPTzQDfF4JVKuMIQhGj8HmCdPoBxveN4vK.png HTTP/1.1" 200 8868
[2025-11-30 01:26:13,218] INFO django.server /Users/NETPHIX_DEV/Desktop/crypto-trading-broker/.venv/lib/python3.13/site-packages/django/core/servers/basehttp.py:213 - "POST /api/v1/cron/update-positions/?token=5Pm-SoiK_WTo2hU1sfsprv4qaUTqp_s0rdbdag45k9M= HTTP/1.1" 200 366
[2025-11-30 01:27:00,665] INFO django.server /Users/NETPHIX_DEV/Desktop/crypto-trading-broker/.venv/lib/python3.13/site-packages/django/core/servers/basehttp.py:213 - "POST /api/v1/cron/execute-orders/?token=5Pm-SoiK_WTo2hU1sfsprv4qaUTqp_s0rdbdag45k9M= HTTP/1.1" 200 168
[2025-11-30 01:27:06,342] INFO django.server /Users/NETPHIX_DEV/Desktop/crypto-trading-broker/.venv/lib/python3.13/site-packages/django/core/servers/basehttp.py:213 - "POST /api/v1/cron/update-positions/?token=5Pm-SoiK_WTo2hU1sfsprv4qaUTqp_s0rdbdag45k9M= HTTP/1.1" 200 366
[2025-11-30 01:28:00,571] INFO django.server /Users/NETPHIX_DEV/Desktop/crypto-trading-broker/.venv/lib/python3.13/site-packages/django/core/servers/basehttp.py:213 - "POST /api/v1/cron/execute-orders/?token=5Pm-SoiK_WTo2hU1sfsprv4qaUTqp_s0rdbdag45k9M= HTTP/1.1" 200 168
[2025-11-30 01:28:10,021] INFO django.server /Users/NETPHIX_DEV/Desktop/crypto-trading-broker/.venv/lib/python3.13/site-packages/django/core/servers/basehttp.py:213 - "POST /api/v1/cron/update-positions/?token=5Pm-SoiK_WTo2hU1sfsprv4qaUTqp_s0rdbdag45k9M= HTTP/1.1" 200 366
[2025-11-30 01:28:20,096] INFO django.server /Users/NETPHIX_DEV/Desktop/crypto-trading-broker/.venv/lib/python3.13/site-packages/django/core/servers/basehttp.py:213 - "GET /dashboard/trading-view/9/ HTTP/1.1" 200 118715
[2025-11-30 01:28:20,289] WARNING django.server /Users/NETPHIX_DEV/Desktop/crypto-trading-broker/.venv/lib/python3.13/site-packages/django/core/servers/basehttp.py:213 - "GET /.well-known/appspecific/com.chrome.devtools.json HTTP/1.1" 404 20022
[2025-11-30 01:28:20,762] INFO django.server /Users/NETPHIX_DEV/Desktop/crypto-trading-broker/.venv/lib/python3.13/site-packages/django/core/servers/basehttp.py:213 - "GET /static/assets/scripts/api.js HTTP/1.1" 200 32324
[2025-11-30 01:28:20,768] INFO django.server /Users/NETPHIX_DEV/Desktop/crypto-trading-broker/.venv/lib/python3.13/site-packages/django/core/servers/basehttp.py:213 - "GET /static/assets/scripts/order-handler.js HTTP/1.1" 200 16489
[2025-11-30 01:28:20,791] INFO django.server /Users/NETPHIX_DEV/Desktop/crypto-trading-broker/.venv/lib/python3.13/site-packages/django/core/servers/basehttp.py:213 - "GET /static/assets/scripts/trading-single.js HTTP/1.1" 200 42808
[2025-11-30 01:28:21,676] INFO django.server /Users/NETPHIX_DEV/Desktop/crypto-trading-broker/.venv/lib/python3.13/site-packages/django/core/servers/basehttp.py:213 - "GET /api/v1/trading/config/ HTTP/1.1" 200 1299
[2025-11-30 01:28:21,869] INFO django.server /Users/NETPHIX_DEV/Desktop/crypto-trading-broker/.venv/lib/python3.13/site-packages/django/core/servers/basehttp.py:213 - "GET /api/v1/orders/trading_summary/ HTTP/1.1" 200 291
[2025-11-30 01:28:21,903] INFO django.server /Users/NETPHIX_DEV/Desktop/crypto-trading-broker/.venv/lib/python3.13/site-packages/django/core/servers/basehttp.py:213 - "GET /api/v1/positions/ HTTP/1.1" 200 3959
[2025-11-30 01:28:21,943] INFO django.server /Users/NETPHIX_DEV/Desktop/crypto-trading-broker/.venv/lib/python3.13/site-packages/django/core/servers/basehttp.py:213 - "GET /api/v1/orders/ HTTP/1.1" 200 14596
[2025-11-30 01:28:21,967] INFO django.server /Users/NETPHIX_DEV/Desktop/crypto-trading-broker/.venv/lib/python3.13/site-packages/django/core/servers/basehttp.py:213 - "GET /api/v1/trading-pairs/9/ HTTP/1.1" 200 549
[2025-11-30 01:28:22,762] INFO django.server /Users/NETPHIX_DEV/Desktop/crypto-trading-broker/.venv/lib/python3.13/site-packages/django/core/servers/basehttp.py:213 - "GET /static/assets/img/XoR8MfdPTzQDfF4JVKuMIQhGj8HmCdPoBxveN4vK.png HTTP/1.1" 200 8868
[2025-11-30 01:28:27,558] INFO django.server /Users/NETPHIX_DEV/Desktop/crypto-trading-broker/.venv/lib/python3.13/site-packages/django/core/servers/basehttp.py:213 - "GET /api/v1/trading-pairs/9/market_data/ HTTP/1.1" 200 330
[2025-11-30 01:28:27,572] INFO django.server /Users/NETPHIX_DEV/Desktop/crypto-trading-broker/.venv/lib/python3.13/site-packages/django/core/servers/basehttp.py:213 - "GET /api/v1/accounts/balance/ HTTP/1.1" 200 353
[2025-11-30 01:28:27,589] INFO django.server /Users/NETPHIX_DEV/Desktop/crypto-trading-broker/.venv/lib/python3.13/site-packages/django/core/servers/basehttp.py:213 - "GET /api/v1/positions/ HTTP/1.1" 200 3959
[2025-11-30 01:28:27,637] INFO django.server /Users/NETPHIX_DEV/Desktop/crypto-trading-broker/.venv/lib/python3.13/site-packages/django/core/servers/basehttp.py:213 - "GET /api/v1/orders/ HTTP/1.1" 200 14596
[2025-11-30 01:28:27,663] INFO django.server /Users/NETPHIX_DEV/Desktop/crypto-trading-broker/.venv/lib/python3.13/site-packages/django/core/servers/basehttp.py:213 - "GET /api/v1/transactions/ HTTP/1.1" 200 2398
[2025-11-30 01:28:27,738] INFO django.server /Users/NETPHIX_DEV/Desktop/crypto-trading-broker/.venv/lib/python3.13/site-packages/django/core/servers/basehttp.py:213 - "GET /api/v1/transactions/ HTTP/1.1" 200 2398
[2025-11-30 01:29:00,529] INFO django.server /Users/NETPHIX_DEV/Desktop/crypto-trading-broker/.venv/lib/python3.13/site-packages/django/core/servers/basehttp.py:213 - "POST /api/v1/cron/execute-orders/?token=5Pm-SoiK_WTo2hU1sfsprv4qaUTqp_s0rdbdag45k9M= HTTP/1.1" 200 168
[2025-11-30 01:29:07,507] INFO django.server /Users/NETPHIX_DEV/Desktop/crypto-trading-broker/.venv/lib/python3.13/site-packages/django/core/servers/basehttp.py:213 - "POST /api/v1/cron/update-positions/?token=5Pm-SoiK_WTo2hU1sfsprv4qaUTqp_s0rdbdag45k9M= HTTP/1.1" 200 366
[2025-11-30 01:29:31,869] INFO django.server /Users/NETPHIX_DEV/Desktop/crypto-trading-broker/.venv/lib/python3.13/site-packages/django/core/servers/basehttp.py:213 - "GET /dashboard/trading-view/9/ HTTP/1.1" 200 118715
[2025-11-30 01:29:32,018] WARNING django.server /Users/NETPHIX_DEV/Desktop/crypto-trading-broker/.venv/lib/python3.13/site-packages/django/core/servers/basehttp.py:213 - "GET /.well-known/appspecific/com.chrome.devtools.json HTTP/1.1" 404 20022
[2025-11-30 01:29:32,262] INFO django.server /Users/NETPHIX_DEV/Desktop/crypto-trading-broker/.venv/lib/python3.13/site-packages/django/core/servers/basehttp.py:213 - "GET /static/assets/scripts/api.js HTTP/1.1" 200 32324
[2025-11-30 01:29:32,268] INFO django.server /Users/NETPHIX_DEV/Desktop/crypto-trading-broker/.venv/lib/python3.13/site-packages/django/core/servers/basehttp.py:213 - "GET /static/assets/scripts/order-handler.js HTTP/1.1" 200 16489
[2025-11-30 01:29:32,274] INFO django.server /Users/NETPHIX_DEV/Desktop/crypto-trading-broker/.venv/lib/python3.13/site-packages/django/core/servers/basehttp.py:213 - "GET /static/assets/scripts/trading-single.js HTTP/1.1" 200 42789
[2025-11-30 01:29:33,432] INFO django.server /Users/NETPHIX_DEV/Desktop/crypto-trading-broker/.venv/lib/python3.13/site-packages/django/core/servers/basehttp.py:213 - "GET /api/v1/trading/config/ HTTP/1.1" 200 1299
[2025-11-30 01:29:33,806] INFO django.server /Users/NETPHIX_DEV/Desktop/crypto-trading-broker/.venv/lib/python3.13/site-packages/django/core/servers/basehttp.py:213 - "GET /api/v1/orders/trading_summary/ HTTP/1.1" 200 291
[2025-11-30 01:29:33,870] INFO django.server /Users/NETPHIX_DEV/Desktop/crypto-trading-broker/.venv/lib/python3.13/site-packages/django/core/servers/basehttp.py:213 - "GET /api/v1/positions/ HTTP/1.1" 200 3959
[2025-11-30 01:29:33,919] INFO django.server /Users/NETPHIX_DEV/Desktop/crypto-trading-broker/.venv/lib/python3.13/site-packages/django/core/servers/basehttp.py:213 - "GET /api/v1/orders/ HTTP/1.1" 200 14596
[2025-11-30 01:29:33,949] INFO django.server /Users/NETPHIX_DEV/Desktop/crypto-trading-broker/.venv/lib/python3.13/site-packages/django/core/servers/basehttp.py:213 - "GET /api/v1/trading-pairs/9/ HTTP/1.1" 200 549
[2025-11-30 01:29:34,367] INFO django.server /Users/NETPHIX_DEV/Desktop/crypto-trading-broker/.venv/lib/python3.13/site-packages/django/core/servers/basehttp.py:213 - "GET /static/assets/img/XoR8MfdPTzQDfF4JVKuMIQhGj8HmCdPoBxveN4vK.png HTTP/1.1" 200 8868
[2025-11-30 01:29:37,766] INFO django.server /Users/NETPHIX_DEV/Desktop/crypto-trading-broker/.venv/lib/python3.13/site-packages/django/core/servers/basehttp.py:213 - "GET /api/v1/trading-pairs/9/market_data/ HTTP/1.1" 200 330
[2025-11-30 01:29:37,783] INFO django.server /Users/NETPHIX_DEV/Desktop/crypto-trading-broker/.venv/lib/python3.13/site-packages/django/core/servers/basehttp.py:213 - "GET /api/v1/accounts/balance/ HTTP/1.1" 200 353
[2025-11-30 01:29:37,828] INFO django.server /Users/NETPHIX_DEV/Desktop/crypto-trading-broker/.venv/lib/python3.13/site-packages/django/core/servers/basehttp.py:213 - "GET /api/v1/positions/ HTTP/1.1" 200 3959
[2025-11-30 01:29:37,861] INFO django.server /Users/NETPHIX_DEV/Desktop/crypto-trading-broker/.venv/lib/python3.13/site-packages/django/core/servers/basehttp.py:213 - "GET /api/v1/orders/ HTTP/1.1" 200 14596
[2025-11-30 01:29:37,934] INFO django.server /Users/NETPHIX_DEV/Desktop/crypto-trading-broker/.venv/lib/python3.13/site-packages/django/core/servers/basehttp.py:213 - "GET /api/v1/transactions/ HTTP/1.1" 200 2398
[2025-11-30 01:30:02,769] INFO django.server /Users/NETPHIX_DEV/Desktop/crypto-trading-broker/.venv/lib/python3.13/site-packages/django/core/servers/basehttp.py:213 - "POST /api/v1/cron/execute-orders/?token=5Pm-SoiK_WTo2hU1sfsprv4qaUTqp_s0rdbdag45k9M= HTTP/1.1" 200 168
[2025-11-30 01:30:03,501] INFO django.server /Users/NETPHIX_DEV/Desktop/crypto-trading-broker/.venv/lib/python3.13/site-packages/django/core/servers/basehttp.py:213 - "POST /api/v1/cron/process-investments/?token=5Pm-SoiK_WTo2hU1sfsprv4qaUTqp_s0rdbdag45k9M= HTTP/1.1" 200 154
[2025-11-30 01:30:12,832] INFO django.server /Users/NETPHIX_DEV/Desktop/crypto-trading-broker/.venv/lib/python3.13/site-packages/django/core/servers/basehttp.py:213 - "POST /api/v1/cron/update-positions/?token=5Pm-SoiK_WTo2hU1sfsprv4qaUTqp_s0rdbdag45k9M= HTTP/1.1" 200 366
[2025-11-30 01:31:01,060] INFO django.server /Users/NETPHIX_DEV/Desktop/crypto-trading-broker/.venv/lib/python3.13/site-packages/django/core/servers/basehttp.py:213 - "POST /api/v1/cron/execute-orders/?token=5Pm-SoiK_WTo2hU1sfsprv4qaUTqp_s0rdbdag45k9M= HTTP/1.1" 200 168
[2025-11-30 01:31:05,806] INFO django.server /Users/NETPHIX_DEV/Desktop/crypto-trading-broker/.venv/lib/python3.13/site-packages/django/core/servers/basehttp.py:213 - "POST /api/v1/cron/update-positions/?token=5Pm-SoiK_WTo2hU1sfsprv4qaUTqp_s0rdbdag45k9M= HTTP/1.1" 200 366
[2025-11-30 01:32:00,834] INFO django.server /Users/NETPHIX_DEV/Desktop/crypto-trading-broker/.venv/lib/python3.13/site-packages/django/core/servers/basehttp.py:213 - "POST /api/v1/cron/execute-orders/?token=5Pm-SoiK_WTo2hU1sfsprv4qaUTqp_s0rdbdag45k9M= HTTP/1.1" 200 168
[2025-11-30 01:32:09,866] INFO django.server /Users/NETPHIX_DEV/Desktop/crypto-trading-broker/.venv/lib/python3.13/site-packages/django/core/servers/basehttp.py:213 - "POST /api/v1/cron/update-positions/?token=5Pm-SoiK_WTo2hU1sfsprv4qaUTqp_s0rdbdag45k9M= HTTP/1.1" 200 366
[2025-11-30 01:33:00,700] INFO django.server /Users/NETPHIX_DEV/Desktop/crypto-trading-broker/.venv/lib/python3.13/site-packages/django/core/servers/basehttp.py:213 - "POST /api/v1/cron/execute-orders/?token=5Pm-SoiK_WTo2hU1sfsprv4qaUTqp_s0rdbdag45k9M= HTTP/1.1" 200 168
[2025-11-30 01:33:05,800] INFO django.server /Users/NETPHIX_DEV/Desktop/crypto-trading-broker/.venv/lib/python3.13/site-packages/django/core/servers/basehttp.py:213 - "POST /api/v1/cron/update-positions/?token=5Pm-SoiK_WTo2hU1sfsprv4qaUTqp_s0rdbdag45k9M= HTTP/1.1" 200 366
[2025-11-30 01:34:01,150] INFO django.server /Users/NETPHIX_DEV/Desktop/crypto-trading-broker/.venv/lib/python3.13/site-packages/django/core/servers/basehttp.py:213 - "POST /api/v1/cron/execute-orders/?token=5Pm-SoiK_WTo2hU1sfsprv4qaUTqp_s0rdbdag45k9M= HTTP/1.1" 200 168
[2025-11-30 01:34:10,417] INFO django.server /Users/NETPHIX_DEV/Desktop/crypto-trading-broker/.venv/lib/python3.13/site-packages/django/core/servers/basehttp.py:213 - "POST /api/v1/cron/update-positions/?token=5Pm-SoiK_WTo2hU1sfsprv4qaUTqp_s0rdbdag45k9M= HTTP/1.1" 200 366
[2025-11-30 10:18:16,110] INFO django.server /Users/NETPHIX_DEV/Desktop/crypto-trading-broker/.venv/lib/python3.13/site-packages/django/core/servers/basehttp.py:81 - - Broken pipe from ('127.0.0.1', 55568)
[2025-11-30 10:32:05,584] INFO django.server /Users/NETPHIX_DEV/Desktop/crypto-trading-broker/.venv/lib/python3.13/site-packages/django/core/servers/basehttp.py:213 - "GET /api/v1/transactions/ HTTP/1.1" 200 2398
[2025-11-30 10:33:59,954] INFO django.server /Users/NETPHIX_DEV/Desktop/crypto-trading-broker/.venv/lib/python3.13/site-packages/django/core/servers/basehttp.py:213 - "GET /dashboard/trading-view/9/ HTTP/1.1" 200 118715
[2025-11-30 10:34:00,033] INFO django.server /Users/NETPHIX_DEV/Desktop/crypto-trading-broker/.venv/lib/python3.13/site-packages/django/core/servers/basehttp.py:213 - "GET /static/assets/scripts/api.js HTTP/1.1" 304 0
[2025-11-30 10:34:00,046] INFO django.server /Users/NETPHIX_DEV/Desktop/crypto-trading-broker/.venv/lib/python3.13/site-packages/django/core/servers/basehttp.py:213 - "GET /static/assets/scripts/order-handler.js HTTP/1.1" 304 0
[2025-11-30 10:34:00,053] INFO django.server /Users/NETPHIX_DEV/Desktop/crypto-trading-broker/.venv/lib/python3.13/site-packages/django/core/servers/basehttp.py:213 - "GET /static/assets/scripts/trading-single.js HTTP/1.1" 200 42165
[2025-11-30 10:34:00,175] WARNING django.server /Users/NETPHIX_DEV/Desktop/crypto-trading-broker/.venv/lib/python3.13/site-packages/django/core/servers/basehttp.py:213 - "GET /.well-known/appspecific/com.chrome.devtools.json HTTP/1.1" 404 20022
[2025-11-30 10:34:01,806] INFO django.server /Users/NETPHIX_DEV/Desktop/crypto-trading-broker/.venv/lib/python3.13/site-packages/django/core/servers/basehttp.py:213 - "GET /api/v1/trading/config/ HTTP/1.1" 200 1299
[2025-11-30 10:34:01,984] INFO django.server /Users/NETPHIX_DEV/Desktop/crypto-trading-broker/.venv/lib/python3.13/site-packages/django/core/servers/basehttp.py:213 - "GET /api/v1/orders/trading_summary/ HTTP/1.1" 200 291
[2025-11-30 10:34:02,036] INFO django.server /Users/NETPHIX_DEV/Desktop/crypto-trading-broker/.venv/lib/python3.13/site-packages/django/core/servers/basehttp.py:213 - "GET /api/v1/positions/ HTTP/1.1" 200 3959
[2025-11-30 10:34:02,066] INFO django.server /Users/NETPHIX_DEV/Desktop/crypto-trading-broker/.venv/lib/python3.13/site-packages/django/core/servers/basehttp.py:213 - "GET /api/v1/orders/ HTTP/1.1" 200 14596
[2025-11-30 10:34:02,098] INFO django.server /Users/NETPHIX_DEV/Desktop/crypto-trading-broker/.venv/lib/python3.13/site-packages/django/core/servers/basehttp.py:213 - "GET /api/v1/trading-pairs/9/ HTTP/1.1" 200 549
[2025-11-30 10:34:07,569] INFO django.server /Users/NETPHIX_DEV/Desktop/crypto-trading-broker/.venv/lib/python3.13/site-packages/django/core/servers/basehttp.py:213 - "GET /api/v1/trading-pairs/9/market_data/ HTTP/1.1" 200 330
[2025-11-30 10:34:07,583] INFO django.server /Users/NETPHIX_DEV/Desktop/crypto-trading-broker/.venv/lib/python3.13/site-packages/django/core/servers/basehttp.py:213 - "GET /api/v1/accounts/balance/ HTTP/1.1" 200 353
[2025-11-30 10:34:07,614] INFO django.server /Users/NETPHIX_DEV/Desktop/crypto-trading-broker/.venv/lib/python3.13/site-packages/django/core/servers/basehttp.py:213 - "GET /api/v1/positions/ HTTP/1.1" 200 3959
[2025-11-30 10:34:07,637] INFO django.server /Users/NETPHIX_DEV/Desktop/crypto-trading-broker/.venv/lib/python3.13/site-packages/django/core/servers/basehttp.py:213 - "GET /api/v1/orders/ HTTP/1.1" 200 14596
[2025-11-30 10:34:07,655] INFO django.server /Users/NETPHIX_DEV/Desktop/crypto-trading-broker/.venv/lib/python3.13/site-packages/django/core/servers/basehttp.py:213 - "GET /api/v1/transactions/ HTTP/1.1" 200 2398
[2025-11-30 10:34:07,703] INFO django.server /Users/NETPHIX_DEV/Desktop/crypto-trading-broker/.venv/lib/python3.13/site-packages/django/core/servers/basehttp.py:213 - "GET /api/v1/transactions/ HTTP/1.1" 200 2398
[2025-11-30 10:40:27,316] INFO django.server /Users/NETPHIX_DEV/Desktop/crypto-trading-broker/.venv/lib/python3.13/site-packages/django/core/servers/basehttp.py:213 - "GET /dashboard/trading-view/9/ HTTP/1.1" 200 118715
[2025-11-30 10:40:27,441] WARNING django.server /Users/NETPHIX_DEV/Desktop/crypto-trading-broker/.venv/lib/python3.13/site-packages/django/core/servers/basehttp.py:213 - "GET /.well-known/appspecific/com.chrome.devtools.json HTTP/1.1" 404 20022
[2025-11-30 10:40:28,057] INFO django.server /Users/NETPHIX_DEV/Desktop/crypto-trading-broker/.venv/lib/python3.13/site-packages/django/core/servers/basehttp.py:213 - "GET /static/assets/scripts/api.js HTTP/1.1" 200 32324
[2025-11-30 10:40:28,064] INFO django.server /Users/NETPHIX_DEV/Desktop/crypto-trading-broker/.venv/lib/python3.13/site-packages/django/core/servers/basehttp.py:213 - "GET /static/assets/scripts/order-handler.js HTTP/1.1" 200 16489
[2025-11-30 10:40:28,068] INFO django.server /Users/NETPHIX_DEV/Desktop/crypto-trading-broker/.venv/lib/python3.13/site-packages/django/core/servers/basehttp.py:213 - "GET /static/assets/scripts/trading-single.js HTTP/1.1" 200 42165
[2025-11-30 10:40:29,331] INFO django.server /Users/NETPHIX_DEV/Desktop/crypto-trading-broker/.venv/lib/python3.13/site-packages/django/core/servers/basehttp.py:213 - "GET /api/v1/trading/config/ HTTP/1.1" 200 1299
[2025-11-30 10:40:29,407] INFO django.server /Users/NETPHIX_DEV/Desktop/crypto-trading-broker/.venv/lib/python3.13/site-packages/django/core/servers/basehttp.py:213 - "GET /api/v1/orders/trading_summary/ HTTP/1.1" 200 291
[2025-11-30 10:40:29,427] INFO django.server /Users/NETPHIX_DEV/Desktop/crypto-trading-broker/.venv/lib/python3.13/site-packages/django/core/servers/basehttp.py:213 - "GET /api/v1/positions/ HTTP/1.1" 200 3959
[2025-11-30 10:40:29,448] INFO django.server /Users/NETPHIX_DEV/Desktop/crypto-trading-broker/.venv/lib/python3.13/site-packages/django/core/servers/basehttp.py:213 - "GET /api/v1/orders/ HTTP/1.1" 200 14596
[2025-11-30 10:40:29,470] INFO django.server /Users/NETPHIX_DEV/Desktop/crypto-trading-broker/.venv/lib/python3.13/site-packages/django/core/servers/basehttp.py:213 - "GET /api/v1/trading-pairs/9/ HTTP/1.1" 200 549
[2025-11-30 10:40:31,403] INFO django.server /Users/NETPHIX_DEV/Desktop/crypto-trading-broker/.venv/lib/python3.13/site-packages/django/core/servers/basehttp.py:213 - "GET /static/assets/img/XoR8MfdPTzQDfF4JVKuMIQhGj8HmCdPoBxveN4vK.png HTTP/1.1" 200 8868
[2025-11-30 10:40:34,378] INFO django.server /Users/NETPHIX_DEV/Desktop/crypto-trading-broker/.venv/lib/python3.13/site-packages/django/core/servers/basehttp.py:213 - "GET /api/v1/trading-pairs/9/market_data/ HTTP/1.1" 200 330
[2025-11-30 10:40:34,393] INFO django.server /Users/NETPHIX_DEV/Desktop/crypto-trading-broker/.venv/lib/python3.13/site-packages/django/core/servers/basehttp.py:213 - "GET /api/v1/accounts/balance/ HTTP/1.1" 200 353
[2025-11-30 10:40:34,410] INFO django.server /Users/NETPHIX_DEV/Desktop/crypto-trading-broker/.venv/lib/python3.13/site-packages/django/core/servers/basehttp.py:213 - "GET /api/v1/positions/ HTTP/1.1" 200 3959
[2025-11-30 10:40:34,439] INFO django.server /Users/NETPHIX_DEV/Desktop/crypto-trading-broker/.venv/lib/python3.13/site-packages/django/core/servers/basehttp.py:213 - "GET /api/v1/orders/ HTTP/1.1" 200 14596
[2025-11-30 10:40:34,463] INFO django.server /Users/NETPHIX_DEV/Desktop/crypto-trading-broker/.venv/lib/python3.13/site-packages/django/core/servers/basehttp.py:213 - "GET /api/v1/transactions/ HTTP/1.1" 200 2398
[2025-11-30 10:40:34,537] INFO django.server /Users/NETPHIX_DEV/Desktop/crypto-trading-broker/.venv/lib/python3.13/site-packages/django/core/servers/basehttp.py:213 - "GET /api/v1/transactions/ HTTP/1.1" 200 2398
[2025-11-30 10:57:20,555] WARNING django.server /Users/NETPHIX_DEV/Desktop/crypto-trading-broker/.venv/lib/python3.13/site-packages/django/core/servers/basehttp.py:213 - "GET /dashboard/transactions HTTP/1.1" 404 19944
[2025-11-30 10:57:20,680] WARNING django.server /Users/NETPHIX_DEV/Desktop/crypto-trading-broker/.venv/lib/python3.13/site-packages/django/core/servers/basehttp.py:213 - "GET /.well-known/appspecific/com.chrome.devtools.json HTTP/1.1" 404 20022
[2025-11-30 10:57:20,749] WARNING django.server /Users/NETPHIX_DEV/Desktop/crypto-trading-broker/.venv/lib/python3.13/site-packages/django/core/servers/basehttp.py:213 - "GET /favicon.ico HTTP/1.1" 404 19911
[2025-11-30 10:57:22,722] WARNING django.server /Users/NETPHIX_DEV/Desktop/crypto-trading-broker/.venv/lib/python3.13/site-packages/django/core/servers/basehttp.py:213 - "GET /.well-known/appspecific/com.chrome.devtools.json HTTP/1.1" 404 20022
[2025-11-30 11:01:31,921] WARNING django.server /Users/NETPHIX_DEV/Desktop/crypto-trading-broker/.venv/lib/python3.13/site-packages/django/core/servers/basehttp.py:213 - "GET /api/v1/transaction/?trading_pair=9 HTTP/1.1" 404 95474
[2025-11-30 11:04:44,940] INFO django.server /Users/NETPHIX_DEV/Desktop/crypto-trading-broker/.venv/lib/python3.13/site-packages/django/core/servers/basehttp.py:213 - "GET /api/v1/transactions/?trading_pair=9 HTTP/1.1" 200 52
[2025-11-30 11:05:05,903] INFO django.server /Users/NETPHIX_DEV/Desktop/crypto-trading-broker/.venv/lib/python3.13/site-packages/django/core/servers/basehttp.py:213 - "GET /dashboard/trading HTTP/1.1" 200 87018
[2025-11-30 11:05:05,998] INFO django.server /Users/NETPHIX_DEV/Desktop/crypto-trading-broker/.venv/lib/python3.13/site-packages/django/core/servers/basehttp.py:213 - "GET /static/assets/scripts/trading-handler.js HTTP/1.1" 200 19610
[2025-11-30 11:05:06,042] WARNING django.server /Users/NETPHIX_DEV/Desktop/crypto-trading-broker/.venv/lib/python3.13/site-packages/django/core/servers/basehttp.py:213 - "GET /.well-known/appspecific/com.chrome.devtools.json HTTP/1.1" 404 20022
[2025-11-30 11:05:07,371] INFO django.server /Users/NETPHIX_DEV/Desktop/crypto-trading-broker/.venv/lib/python3.13/site-packages/django/core/servers/basehttp.py:213 - "GET /api/v1/trading-pairs/ HTTP/1.1" 200 92358
[2025-11-30 11:05:08,047] INFO django.server /Users/NETPHIX_DEV/Desktop/crypto-trading-broker/.venv/lib/python3.13/site-packages/django/core/servers/basehttp.py:213 - "GET /api/v1/trading-pairs/market_status/ HTTP/1.1" 200 594
[2025-11-30 11:05:16,470] INFO django.server /Users/NETPHIX_DEV/Desktop/crypto-trading-broker/.venv/lib/python3.13/site-packages/django/core/servers/basehttp.py:213 - "GET /dashboard/trading-view/3/ HTTP/1.1" 200 118715
[2025-11-30 11:05:16,559] INFO django.server /Users/NETPHIX_DEV/Desktop/crypto-trading-broker/.venv/lib/python3.13/site-packages/django/core/servers/basehttp.py:213 - "GET /static/assets/scripts/trading-single.js HTTP/1.1" 304 0
[2025-11-30 11:05:16,576] WARNING django.server /Users/NETPHIX_DEV/Desktop/crypto-trading-broker/.venv/lib/python3.13/site-packages/django/core/servers/basehttp.py:213 - "GET /.well-known/appspecific/com.chrome.devtools.json HTTP/1.1" 404 20022
[2025-11-30 11:05:17,027] INFO django.server /Users/NETPHIX_DEV/Desktop/crypto-trading-broker/.venv/lib/python3.13/site-packages/django/core/servers/basehttp.py:213 - "GET /api/v1/trading/config/ HTTP/1.1" 200 1299
[2025-11-30 11:05:17,252] INFO django.server /Users/NETPHIX_DEV/Desktop/crypto-trading-broker/.venv/lib/python3.13/site-packages/django/core/servers/basehttp.py:213 - "GET /api/v1/orders/trading_summary/ HTTP/1.1" 200 291
[2025-11-30 11:05:17,281] INFO django.server /Users/NETPHIX_DEV/Desktop/crypto-trading-broker/.venv/lib/python3.13/site-packages/django/core/servers/basehttp.py:213 - "GET /api/v1/positions/ HTTP/1.1" 200 3959
[2025-11-30 11:05:17,322] INFO django.server /Users/NETPHIX_DEV/Desktop/crypto-trading-broker/.venv/lib/python3.13/site-packages/django/core/servers/basehttp.py:213 - "GET /api/v1/orders/ HTTP/1.1" 200 14596
[2025-11-30 11:05:17,342] INFO django.server /Users/NETPHIX_DEV/Desktop/crypto-trading-broker/.venv/lib/python3.13/site-packages/django/core/servers/basehttp.py:213 - "GET /api/v1/trading-pairs/3/ HTTP/1.1" 200 569
[2025-11-30 11:05:19,489] INFO django.server /Users/NETPHIX_DEV/Desktop/crypto-trading-broker/.venv/lib/python3.13/site-packages/django/core/servers/basehttp.py:213 - "GET /api/v1/trading-pairs/3/market_data/ HTTP/1.1" 200 345
[2025-11-30 11:05:19,503] INFO django.server /Users/NETPHIX_DEV/Desktop/crypto-trading-broker/.venv/lib/python3.13/site-packages/django/core/servers/basehttp.py:213 - "GET /api/v1/accounts/balance/ HTTP/1.1" 200 353
[2025-11-30 11:05:19,528] INFO django.server /Users/NETPHIX_DEV/Desktop/crypto-trading-broker/.venv/lib/python3.13/site-packages/django/core/servers/basehttp.py:213 - "GET /api/v1/positions/ HTTP/1.1" 200 3959
[2025-11-30 11:05:19,595] INFO django.server /Users/NETPHIX_DEV/Desktop/crypto-trading-broker/.venv/lib/python3.13/site-packages/django/core/servers/basehttp.py:213 - "GET /api/v1/orders/ HTTP/1.1" 200 14596
[2025-11-30 11:05:19,645] INFO django.server /Users/NETPHIX_DEV/Desktop/crypto-trading-broker/.venv/lib/python3.13/site-packages/django/core/servers/basehttp.py:213 - "GET /api/v1/transactions/ HTTP/1.1" 200 2398
[2025-11-30 11:05:19,705] INFO django.server /Users/NETPHIX_DEV/Desktop/crypto-trading-broker/.venv/lib/python3.13/site-packages/django/core/servers/basehttp.py:213 - "GET /api/v1/transactions/ HTTP/1.1" 200 2398
[2025-11-30 11:05:38,579] INFO django.server /Users/NETPHIX_DEV/Desktop/crypto-trading-broker/.venv/lib/python3.13/site-packages/django/core/servers/basehttp.py:213 - "GET /api/v1/transactions/?trading_pair=3 HTTP/1.1" 200 2398
[2025-11-30 11:06:39,048] INFO django.server /Users/NETPHIX_DEV/Desktop/crypto-trading-broker/.venv/lib/python3.13/site-packages/django/core/servers/basehttp.py:213 - "GET /dashboard/trading-view/3/ HTTP/1.1" 200 118715
[2025-11-30 11:06:39,184] WARNING django.server /Users/NETPHIX_DEV/Desktop/crypto-trading-broker/.venv/lib/python3.13/site-packages/django/core/servers/basehttp.py:213 - "GET /.well-known/appspecific/com.chrome.devtools.json HTTP/1.1" 404 20022
[2025-11-30 11:06:40,144] INFO django.server /Users/NETPHIX_DEV/Desktop/crypto-trading-broker/.venv/lib/python3.13/site-packages/django/core/servers/basehttp.py:213 - "GET /api/v1/trading/config/ HTTP/1.1" 200 1299
[2025-11-30 11:06:40,327] INFO django.server /Users/NETPHIX_DEV/Desktop/crypto-trading-broker/.venv/lib/python3.13/site-packages/django/core/servers/basehttp.py:213 - "GET /api/v1/orders/trading_summary/ HTTP/1.1" 200 291
[2025-11-30 11:06:40,358] INFO django.server /Users/NETPHIX_DEV/Desktop/crypto-trading-broker/.venv/lib/python3.13/site-packages/django/core/servers/basehttp.py:213 - "GET /api/v1/positions/ HTTP/1.1" 200 3959
[2025-11-30 11:06:40,387] INFO django.server /Users/NETPHIX_DEV/Desktop/crypto-trading-broker/.venv/lib/python3.13/site-packages/django/core/servers/basehttp.py:213 - "GET /api/v1/orders/ HTTP/1.1" 200 14596
[2025-11-30 11:06:40,405] INFO django.server /Users/NETPHIX_DEV/Desktop/crypto-trading-broker/.venv/lib/python3.13/site-packages/django/core/servers/basehttp.py:213 - "GET /api/v1/trading-pairs/3/ HTTP/1.1" 200 569
[2025-11-30 11:06:42,320] INFO django.server /Users/NETPHIX_DEV/Desktop/crypto-trading-broker/.venv/lib/python3.13/site-packages/django/core/servers/basehttp.py:213 - "GET /api/v1/trading-pairs/3/market_data/ HTTP/1.1" 200 328
[2025-11-30 11:06:42,373] WARNING django.server /Users/NETPHIX_DEV/Desktop/crypto-trading-broker/.venv/lib/python3.13/site-packages/django/core/servers/basehttp.py:213 - "GET /api/v1/accounts/balance/ HTTP/1.1" 401 172
[2025-11-30 11:06:42,439] WARNING django.server /Users/NETPHIX_DEV/Desktop/crypto-trading-broker/.venv/lib/python3.13/site-packages/django/core/servers/basehttp.py:213 - "POST /api/v1/token/refresh/ HTTP/1.1" 404 95466
[2025-11-30 11:06:42,475] WARNING django.server /Users/NETPHIX_DEV/Desktop/crypto-trading-broker/.venv/lib/python3.13/site-packages/django/core/servers/basehttp.py:213 - "GET /api/v1/positions/ HTTP/1.1" 401 58
[2025-11-30 11:06:42,499] WARNING django.server /Users/NETPHIX_DEV/Desktop/crypto-trading-broker/.venv/lib/python3.13/site-packages/django/core/servers/basehttp.py:213 - "GET /api/v1/transactions/ HTTP/1.1" 401 58
[2025-11-30 11:06:42,499] INFO django.server /Users/NETPHIX_DEV/Desktop/crypto-trading-broker/.venv/lib/python3.13/site-packages/django/core/servers/basehttp.py:213 - "GET /login HTTP/1.1" 200 19344
[2025-11-30 11:06:42,596] WARNING django.server /Users/NETPHIX_DEV/Desktop/crypto-trading-broker/.venv/lib/python3.13/site-packages/django/core/servers/basehttp.py:213 - "GET /api/v1/transactions/ HTTP/1.1" 401 58
[2025-11-30 11:06:42,600] INFO django.server /Users/NETPHIX_DEV/Desktop/crypto-trading-broker/.venv/lib/python3.13/site-packages/django/core/servers/basehttp.py:213 - "GET /static/assets/img/ZJbORQRpj7N096KoQ4Mbs3lqj6JOvqka6pVrlBUL.png HTTP/1.1" 200 5865
[2025-11-30 11:06:42,606] INFO django.server /Users/NETPHIX_DEV/Desktop/crypto-trading-broker/.venv/lib/python3.13/site-packages/django/core/servers/basehttp.py:213 - "GET /static/assets/scripts/auth.js HTTP/1.1" 200 30269
[2025-11-30 11:06:42,716] INFO django.server /Users/NETPHIX_DEV/Desktop/crypto-trading-broker/.venv/lib/python3.13/site-packages/django/core/servers/basehttp.py:213 - "GET /static/assets/scripts/auth-utils.js HTTP/1.1" 200 10372
[2025-11-30 11:06:43,343] WARNING django.server /Users/NETPHIX_DEV/Desktop/crypto-trading-broker/.venv/lib/python3.13/site-packages/django/core/servers/basehttp.py:213 - "GET /.well-known/appspecific/com.chrome.devtools.json HTTP/1.1" 404 20022
[2025-11-30 11:07:33,142] INFO django.server /Users/NETPHIX_DEV/Desktop/crypto-trading-broker/.venv/lib/python3.13/site-packages/django/core/servers/basehttp.py:213 - "POST /api/v1/auth/login/ HTTP/1.1" 200 863
[2025-11-30 11:07:34,171] INFO django.server /Users/NETPHIX_DEV/Desktop/crypto-trading-broker/.venv/lib/python3.13/site-packages/django/core/servers/basehttp.py:213 - "GET /dashboard HTTP/1.1" 301 0
[2025-11-30 11:07:34,180] INFO django.server /Users/NETPHIX_DEV/Desktop/crypto-trading-broker/.venv/lib/python3.13/site-packages/django/core/servers/basehttp.py:213 - "GET /dashboard/ HTTP/1.1" 200 152934
[2025-11-30 11:07:34,271] WARNING django.server /Users/NETPHIX_DEV/Desktop/crypto-trading-broker/.venv/lib/python3.13/site-packages/django/core/servers/basehttp.py:213 - "GET /.well-known/appspecific/com.chrome.devtools.json HTTP/1.1" 404 20022
[2025-11-30 11:07:40,962] INFO django.server /Users/NETPHIX_DEV/Desktop/crypto-trading-broker/.venv/lib/python3.13/site-packages/django/core/servers/basehttp.py:213 - "GET /dashboard/trading HTTP/1.1" 200 87018
[2025-11-30 11:07:41,173] WARNING django.server /Users/NETPHIX_DEV/Desktop/crypto-trading-broker/.venv/lib/python3.13/site-packages/django/core/servers/basehttp.py:213 - "GET /.well-known/appspecific/com.chrome.devtools.json HTTP/1.1" 404 20022
[2025-11-30 11:07:41,956] INFO django.server /Users/NETPHIX_DEV/Desktop/crypto-trading-broker/.venv/lib/python3.13/site-packages/django/core/servers/basehttp.py:213 - "GET /api/v1/trading-pairs/ HTTP/1.1" 200 92358
[2025-11-30 11:07:42,659] INFO django.server /Users/NETPHIX_DEV/Desktop/crypto-trading-broker/.venv/lib/python3.13/site-packages/django/core/servers/basehttp.py:213 - "GET /api/v1/trading-pairs/market_status/ HTTP/1.1" 200 594
[2025-11-30 11:07:44,201] INFO django.server /Users/NETPHIX_DEV/Desktop/crypto-trading-broker/.venv/lib/python3.13/site-packages/django/core/servers/basehttp.py:213 - "GET /dashboard/trading-view/15/ HTTP/1.1" 200 118715
[2025-11-30 11:07:44,317] WARNING django.server /Users/NETPHIX_DEV/Desktop/crypto-trading-broker/.venv/lib/python3.13/site-packages/django/core/servers/basehttp.py:213 - "GET /.well-known/appspecific/com.chrome.devtools.json HTTP/1.1" 404 20022
[2025-11-30 11:07:44,759] INFO django.server /Users/NETPHIX_DEV/Desktop/crypto-trading-broker/.venv/lib/python3.13/site-packages/django/core/servers/basehttp.py:213 - "GET /api/v1/trading/config/ HTTP/1.1" 200 1299
[2025-11-30 11:07:44,924] INFO django.server /Users/NETPHIX_DEV/Desktop/crypto-trading-broker/.venv/lib/python3.13/site-packages/django/core/servers/basehttp.py:213 - "GET /api/v1/orders/trading_summary/ HTTP/1.1" 200 291
[2025-11-30 11:07:44,955] INFO django.server /Users/NETPHIX_DEV/Desktop/crypto-trading-broker/.venv/lib/python3.13/site-packages/django/core/servers/basehttp.py:213 - "GET /api/v1/positions/ HTTP/1.1" 200 3959
[2025-11-30 11:07:44,997] INFO django.server /Users/NETPHIX_DEV/Desktop/crypto-trading-broker/.venv/lib/python3.13/site-packages/django/core/servers/basehttp.py:213 - "GET /api/v1/orders/ HTTP/1.1" 200 14596
[2025-11-30 11:07:45,018] INFO django.server /Users/NETPHIX_DEV/Desktop/crypto-trading-broker/.venv/lib/python3.13/site-packages/django/core/servers/basehttp.py:213 - "GET /api/v1/trading-pairs/15/ HTTP/1.1" 200 556
[2025-11-30 11:07:50,582] INFO django.server /Users/NETPHIX_DEV/Desktop/crypto-trading-broker/.venv/lib/python3.13/site-packages/django/core/servers/basehttp.py:213 - "GET /api/v1/trading-pairs/15/market_data/ HTTP/1.1" 200 292
[2025-11-30 11:07:50,596] INFO django.server /Users/NETPHIX_DEV/Desktop/crypto-trading-broker/.venv/lib/python3.13/site-packages/django/core/servers/basehttp.py:213 - "GET /api/v1/accounts/balance/ HTTP/1.1" 200 353
[2025-11-30 11:07:50,613] INFO django.server /Users/NETPHIX_DEV/Desktop/crypto-trading-broker/.venv/lib/python3.13/site-packages/django/core/servers/basehttp.py:213 - "GET /api/v1/positions/ HTTP/1.1" 200 3959
[2025-11-30 11:07:50,680] INFO django.server /Users/NETPHIX_DEV/Desktop/crypto-trading-broker/.venv/lib/python3.13/site-packages/django/core/servers/basehttp.py:213 - "GET /api/v1/orders/ HTTP/1.1" 200 14596
[2025-11-30 11:07:50,725] INFO django.server /Users/NETPHIX_DEV/Desktop/crypto-trading-broker/.venv/lib/python3.13/site-packages/django/core/servers/basehttp.py:213 - "GET /api/v1/transactions/ HTTP/1.1" 200 2398
[2025-11-30 11:07:50,765] INFO django.server /Users/NETPHIX_DEV/Desktop/crypto-trading-broker/.venv/lib/python3.13/site-packages/django/core/servers/basehttp.py:213 - "GET /api/v1/transactions/ HTTP/1.1" 200 2398
[2025-11-30 11:19:31,356] INFO django.server /Users/NETPHIX_DEV/Desktop/crypto-trading-broker/.venv/lib/python3.13/site-packages/django/core/servers/basehttp.py:213 - "GET /dashboard/trading-view/15/ HTTP/1.1" 200 118715
[2025-11-30 11:19:31,647] WARNING django.server /Users/NETPHIX_DEV/Desktop/crypto-trading-broker/.venv/lib/python3.13/site-packages/django/core/servers/basehttp.py:213 - "GET /.well-known/appspecific/com.chrome.devtools.json HTTP/1.1" 404 20022
[2025-11-30 11:19:32,761] INFO django.server /Users/NETPHIX_DEV/Desktop/crypto-trading-broker/.venv/lib/python3.13/site-packages/django/core/servers/basehttp.py:213 - "GET /static/assets/scripts/api.js HTTP/1.1" 200 32324
[2025-11-30 11:19:32,767] INFO django.server /Users/NETPHIX_DEV/Desktop/crypto-trading-broker/.venv/lib/python3.13/site-packages/django/core/servers/basehttp.py:213 - "GET /static/assets/scripts/order-handler.js HTTP/1.1" 200 16489
[2025-11-30 11:19:32,770] INFO django.server /Users/NETPHIX_DEV/Desktop/crypto-trading-broker/.venv/lib/python3.13/site-packages/django/core/servers/basehttp.py:213 - "GET /static/assets/scripts/trading-single.js HTTP/1.1" 200 42216
[2025-11-30 11:19:33,979] INFO django.server /Users/NETPHIX_DEV/Desktop/crypto-trading-broker/.venv/lib/python3.13/site-packages/django/core/servers/basehttp.py:213 - "GET /api/v1/trading/config/ HTTP/1.1" 200 1299
[2025-11-30 11:19:34,080] INFO django.server /Users/NETPHIX_DEV/Desktop/crypto-trading-broker/.venv/lib/python3.13/site-packages/django/core/servers/basehttp.py:213 - "GET /api/v1/orders/trading_summary/ HTTP/1.1" 200 291
[2025-11-30 11:19:34,109] INFO django.server /Users/NETPHIX_DEV/Desktop/crypto-trading-broker/.venv/lib/python3.13/site-packages/django/core/servers/basehttp.py:213 - "GET /api/v1/positions/ HTTP/1.1" 200 3959
[2025-11-30 11:19:34,137] INFO django.server /Users/NETPHIX_DEV/Desktop/crypto-trading-broker/.venv/lib/python3.13/site-packages/django/core/servers/basehttp.py:213 - "GET /api/v1/orders/ HTTP/1.1" 200 14596
[2025-11-30 11:19:34,154] INFO django.server /Users/NETPHIX_DEV/Desktop/crypto-trading-broker/.venv/lib/python3.13/site-packages/django/core/servers/basehttp.py:213 - "GET /api/v1/trading-pairs/15/ HTTP/1.1" 200 556
[2025-11-30 11:19:36,420] INFO django.server /Users/NETPHIX_DEV/Desktop/crypto-trading-broker/.venv/lib/python3.13/site-packages/django/core/servers/basehttp.py:213 - "GET /static/assets/img/XoR8MfdPTzQDfF4JVKuMIQhGj8HmCdPoBxveN4vK.png HTTP/1.1" 200 8868
[2025-11-30 11:19:40,601] INFO django.server /Users/NETPHIX_DEV/Desktop/crypto-trading-broker/.venv/lib/python3.13/site-packages/django/core/servers/basehttp.py:213 - "GET /api/v1/trading-pairs/15/market_data/ HTTP/1.1" 200 292
[2025-11-30 11:19:40,616] INFO django.server /Users/NETPHIX_DEV/Desktop/crypto-trading-broker/.venv/lib/python3.13/site-packages/django/core/servers/basehttp.py:213 - "GET /api/v1/accounts/balance/ HTTP/1.1" 200 353
[2025-11-30 11:19:40,644] INFO django.server /Users/NETPHIX_DEV/Desktop/crypto-trading-broker/.venv/lib/python3.13/site-packages/django/core/servers/basehttp.py:213 - "GET /api/v1/positions/ HTTP/1.1" 200 3959
[2025-11-30 11:19:40,678] INFO django.server /Users/NETPHIX_DEV/Desktop/crypto-trading-broker/.venv/lib/python3.13/site-packages/django/core/servers/basehttp.py:213 - "GET /api/v1/orders/ HTTP/1.1" 200 14596
[2025-11-30 11:19:40,735] INFO django.server /Users/NETPHIX_DEV/Desktop/crypto-trading-broker/.venv/lib/python3.13/site-packages/django/core/servers/basehttp.py:213 - "GET /api/v1/transactions/ HTTP/1.1" 200 2398
[2025-11-30 11:19:40,817] INFO django.server /Users/NETPHIX_DEV/Desktop/crypto-trading-broker/.venv/lib/python3.13/site-packages/django/core/servers/basehttp.py:213 - "GET /api/v1/transactions/ HTTP/1.1" 200 2398
[2025-11-30 11:19:58,467] WARNING django.server /Users/NETPHIX_DEV/Desktop/crypto-trading-broker/.venv/lib/python3.13/site-packages/django/core/servers/basehttp.py:213 - "GET /.well-known/appspecific/com.chrome.devtools.json HTTP/1.1" 404 20022
[2025-11-30 11:20:05,229] INFO django.server /Users/NETPHIX_DEV/Desktop/crypto-trading-broker/.venv/lib/python3.13/site-packages/django/core/servers/basehttp.py:213 - "GET /dashboard/trading-view/129/ HTTP/1.1" 200 118715
[2025-11-30 11:20:05,295] INFO django.server /Users/NETPHIX_DEV/Desktop/crypto-trading-broker/.venv/lib/python3.13/site-packages/django/core/servers/basehttp.py:213 - "GET /static/assets/scripts/trading-single.js HTTP/1.1" 304 0
[2025-11-30 11:20:05,325] WARNING django.server /Users/NETPHIX_DEV/Desktop/crypto-trading-broker/.venv/lib/python3.13/site-packages/django/core/servers/basehttp.py:213 - "GET /.well-known/appspecific/com.chrome.devtools.json HTTP/1.1" 404 20022
[2025-11-30 11:20:05,733] INFO django.server /Users/NETPHIX_DEV/Desktop/crypto-trading-broker/.venv/lib/python3.13/site-packages/django/core/servers/basehttp.py:213 - "GET /api/v1/trading/config/ HTTP/1.1" 200 1299
[2025-11-30 11:20:05,872] INFO django.server /Users/NETPHIX_DEV/Desktop/crypto-trading-broker/.venv/lib/python3.13/site-packages/django/core/servers/basehttp.py:213 - "GET /api/v1/orders/trading_summary/ HTTP/1.1" 200 291
[2025-11-30 11:20:05,907] INFO django.server /Users/NETPHIX_DEV/Desktop/crypto-trading-broker/.venv/lib/python3.13/site-packages/django/core/servers/basehttp.py:213 - "GET /api/v1/positions/ HTTP/1.1" 200 3959
[2025-11-30 11:20:05,947] INFO django.server /Users/NETPHIX_DEV/Desktop/crypto-trading-broker/.venv/lib/python3.13/site-packages/django/core/servers/basehttp.py:213 - "GET /api/v1/orders/ HTTP/1.1" 200 14596
[2025-11-30 11:20:05,967] INFO django.server /Users/NETPHIX_DEV/Desktop/crypto-trading-broker/.venv/lib/python3.13/site-packages/django/core/servers/basehttp.py:213 - "GET /api/v1/trading-pairs/129/ HTTP/1.1" 200 547
[2025-11-30 11:20:07,935] INFO django.server /Users/NETPHIX_DEV/Desktop/crypto-trading-broker/.venv/lib/python3.13/site-packages/django/core/servers/basehttp.py:213 - "GET /api/v1/trading-pairs/129/market_data/ HTTP/1.1" 200 346
[2025-11-30 11:20:07,949] INFO django.server /Users/NETPHIX_DEV/Desktop/crypto-trading-broker/.venv/lib/python3.13/site-packages/django/core/servers/basehttp.py:213 - "GET /api/v1/accounts/balance/ HTTP/1.1" 200 353
[2025-11-30 11:20:07,974] INFO django.server /Users/NETPHIX_DEV/Desktop/crypto-trading-broker/.venv/lib/python3.13/site-packages/django/core/servers/basehttp.py:213 - "GET /api/v1/positions/ HTTP/1.1" 200 3959
[2025-11-30 11:20:08,002] INFO django.server /Users/NETPHIX_DEV/Desktop/crypto-trading-broker/.venv/lib/python3.13/site-packages/django/core/servers/basehttp.py:213 - "GET /api/v1/orders/ HTTP/1.1" 200 14596
[2025-11-30 11:20:08,027] INFO django.server /Users/NETPHIX_DEV/Desktop/crypto-trading-broker/.venv/lib/python3.13/site-packages/django/core/servers/basehttp.py:213 - "GET /api/v1/transactions/ HTTP/1.1" 200 2398
[2025-11-30 11:20:08,065] INFO django.server /Users/NETPHIX_DEV/Desktop/crypto-trading-broker/.venv/lib/python3.13/site-packages/django/core/servers/basehttp.py:213 - "GET /api/v1/transactions/ HTTP/1.1" 200 2398
[2025-11-30 11:21:11,183] INFO django.server /Users/NETPHIX_DEV/Desktop/crypto-trading-broker/.venv/lib/python3.13/site-packages/django/core/servers/basehttp.py:213 - "GET /dashboard/trading-view/129/ HTTP/1.1" 200 118715
[2025-11-30 11:21:11,218] INFO django.server /Users/NETPHIX_DEV/Desktop/crypto-trading-broker/.venv/lib/python3.13/site-packages/django/core/servers/basehttp.py:213 - "GET /static/assets/scripts/trading-single.js HTTP/1.1" 200 41835
[2025-11-30 11:21:11,297] WARNING django.server /Users/NETPHIX_DEV/Desktop/crypto-trading-broker/.venv/lib/python3.13/site-packages/django/core/servers/basehttp.py:213 - "GET /.well-known/appspecific/com.chrome.devtools.json HTTP/1.1" 404 20022
[2025-11-30 11:21:12,120] INFO django.server /Users/NETPHIX_DEV/Desktop/crypto-trading-broker/.venv/lib/python3.13/site-packages/django/core/servers/basehttp.py:213 - "GET /api/v1/trading/config/ HTTP/1.1" 200 1299
[2025-11-30 11:21:12,299] INFO django.server /Users/NETPHIX_DEV/Desktop/crypto-trading-broker/.venv/lib/python3.13/site-packages/django/core/servers/basehttp.py:213 - "GET /api/v1/orders/trading_summary/ HTTP/1.1" 200 291
[2025-11-30 11:21:12,335] INFO django.server /Users/NETPHIX_DEV/Desktop/crypto-trading-broker/.venv/lib/python3.13/site-packages/django/core/servers/basehttp.py:213 - "GET /api/v1/positions/ HTTP/1.1" 200 3959
[2025-11-30 11:21:12,359] INFO django.server /Users/NETPHIX_DEV/Desktop/crypto-trading-broker/.venv/lib/python3.13/site-packages/django/core/servers/basehttp.py:213 - "GET /api/v1/orders/ HTTP/1.1" 200 14596
[2025-11-30 11:21:12,386] INFO django.server /Users/NETPHIX_DEV/Desktop/crypto-trading-broker/.venv/lib/python3.13/site-packages/django/core/servers/basehttp.py:213 - "GET /api/v1/trading-pairs/129/ HTTP/1.1" 200 547
[2025-11-30 11:21:15,448] INFO django.server /Users/NETPHIX_DEV/Desktop/crypto-trading-broker/.venv/lib/python3.13/site-packages/django/core/servers/basehttp.py:213 - "GET /api/v1/trading-pairs/129/market_data/ HTTP/1.1" 200 346
[2025-11-30 11:21:15,542] INFO django.server /Users/NETPHIX_DEV/Desktop/crypto-trading-broker/.venv/lib/python3.13/site-packages/django/core/servers/basehttp.py:213 - "GET /api/v1/accounts/balance/ HTTP/1.1" 200 353
[2025-11-30 11:21:15,592] INFO django.server /Users/NETPHIX_DEV/Desktop/crypto-trading-broker/.venv/lib/python3.13/site-packages/django/core/servers/basehttp.py:213 - "GET /api/v1/positions/ HTTP/1.1" 200 3959
[2025-11-30 11:21:15,634] INFO django.server /Users/NETPHIX_DEV/Desktop/crypto-trading-broker/.venv/lib/python3.13/site-packages/django/core/servers/basehttp.py:213 - "GET /api/v1/orders/ HTTP/1.1" 200 14596
[2025-11-30 11:21:15,690] INFO django.server /Users/NETPHIX_DEV/Desktop/crypto-trading-broker/.venv/lib/python3.13/site-packages/django/core/servers/basehttp.py:213 - "GET /api/v1/transactions/ HTTP/1.1" 200 2398
[2025-11-30 11:21:15,719] INFO django.server /Users/NETPHIX_DEV/Desktop/crypto-trading-broker/.venv/lib/python3.13/site-packages/django/core/servers/basehttp.py:213 - "GET /api/v1/transactions/ HTTP/1.1" 200 2398
[2025-11-30 11:22:22,153] INFO django.utils.autoreload /Users/NETPHIX_DEV/Desktop/crypto-trading-broker/.venv/lib/python3.13/site-packages/django/utils/autoreload.py:265 - /Users/NETPHIX_DEV/Desktop/crypto-trading-broker/client/views.py changed, reloading.
[2025-11-30 11:22:22,577] INFO django.utils.autoreload /Users/NETPHIX_DEV/Desktop/crypto-trading-broker/.venv/lib/python3.13/site-packages/django/utils/autoreload.py:265 - /Users/NETPHIX_DEV/Desktop/crypto-trading-broker/client/views.py changed, reloading.
[2025-11-30 11:22:24,963] INFO django.utils.autoreload /Users/NETPHIX_DEV/Desktop/crypto-trading-broker/.venv/lib/python3.13/site-packages/django/utils/autoreload.py:667 - Watching for file changes with StatReloader
[2025-11-30 11:22:24,963] INFO django.utils.autoreload /Users/NETPHIX_DEV/Desktop/crypto-trading-broker/.venv/lib/python3.13/site-packages/django/utils/autoreload.py:667 - Watching for file changes with StatReloader
[2025-11-30 11:22:29,174] INFO django.utils.autoreload /Users/NETPHIX_DEV/Desktop/crypto-trading-broker/.venv/lib/python3.13/site-packages/django/utils/autoreload.py:265 - /Users/NETPHIX_DEV/Desktop/crypto-trading-broker/client/views.py changed, reloading.
[2025-11-30 11:22:29,178] INFO django.utils.autoreload /Users/NETPHIX_DEV/Desktop/crypto-trading-broker/.venv/lib/python3.13/site-packages/django/utils/autoreload.py:265 - /Users/NETPHIX_DEV/Desktop/crypto-trading-broker/client/views.py changed, reloading.
[2025-11-30 11:22:30,531] INFO django.utils.autoreload /Users/NETPHIX_DEV/Desktop/crypto-trading-broker/.venv/lib/python3.13/site-packages/django/utils/autoreload.py:667 - Watching for file changes with StatReloader
[2025-11-30 11:22:30,531] INFO django.utils.autoreload /Users/NETPHIX_DEV/Desktop/crypto-trading-broker/.venv/lib/python3.13/site-packages/django/utils/autoreload.py:667 - Watching for file changes with StatReloader
[2025-11-30 11:22:33,097] INFO django.utils.autoreload /Users/NETPHIX_DEV/Desktop/crypto-trading-broker/.venv/lib/python3.13/site-packages/django/utils/autoreload.py:265 - /Users/NETPHIX_DEV/Desktop/crypto-trading-broker/client/views.py changed, reloading.
[2025-11-30 11:22:33,103] INFO django.utils.autoreload /Users/NETPHIX_DEV/Desktop/crypto-trading-broker/.venv/lib/python3.13/site-packages/django/utils/autoreload.py:265 - /Users/NETPHIX_DEV/Desktop/crypto-trading-broker/client/views.py changed, reloading.
[2025-11-30 11:22:34,475] INFO django.utils.autoreload /Users/NETPHIX_DEV/Desktop/crypto-trading-broker/.venv/lib/python3.13/site-packages/django/utils/autoreload.py:667 - Watching for file changes with StatReloader
[2025-11-30 11:22:34,475] INFO django.utils.autoreload /Users/NETPHIX_DEV/Desktop/crypto-trading-broker/.venv/lib/python3.13/site-packages/django/utils/autoreload.py:667 - Watching for file changes with StatReloader
[2025-11-30 11:22:40,443] INFO django.utils.autoreload /Users/NETPHIX_DEV/Desktop/crypto-trading-broker/.venv/lib/python3.13/site-packages/django/utils/autoreload.py:265 - /Users/NETPHIX_DEV/Desktop/crypto-trading-broker/client/urls.py changed, reloading.
[2025-11-30 11:22:40,441] INFO django.utils.autoreload /Users/NETPHIX_DEV/Desktop/crypto-trading-broker/.venv/lib/python3.13/site-packages/django/utils/autoreload.py:265 - /Users/NETPHIX_DEV/Desktop/crypto-trading-broker/client/urls.py changed, reloading.
[2025-11-30 11:22:41,818] INFO django.utils.autoreload /Users/NETPHIX_DEV/Desktop/crypto-trading-broker/.venv/lib/python3.13/site-packages/django/utils/autoreload.py:667 - Watching for file changes with StatReloader
[2025-11-30 11:22:41,818] INFO django.utils.autoreload /Users/NETPHIX_DEV/Desktop/crypto-trading-broker/.venv/lib/python3.13/site-packages/django/utils/autoreload.py:667 - Watching for file changes with StatReloader
[2025-11-30 11:23:02,034] INFO django.server /Users/NETPHIX_DEV/Desktop/crypto-trading-broker/.venv/lib/python3.13/site-packages/django/core/servers/basehttp.py:213 - "GET /dashboard/trading-view/129/ HTTP/1.1" 200 118715
[2025-11-30 11:23:02,114] INFO django.server /Users/NETPHIX_DEV/Desktop/crypto-trading-broker/.venv/lib/python3.13/site-packages/django/core/servers/basehttp.py:213 - "GET /static/assets/scripts/trading-single.js HTTP/1.1" 304 0
[2025-11-30 11:23:02,154] WARNING django.server /Users/NETPHIX_DEV/Desktop/crypto-trading-broker/.venv/lib/python3.13/site-packages/django/core/servers/basehttp.py:213 - "GET /.well-known/appspecific/com.chrome.devtools.json HTTP/1.1" 404 20299
[2025-11-30 11:23:03,001] INFO django.server /Users/NETPHIX_DEV/Desktop/crypto-trading-broker/.venv/lib/python3.13/site-packages/django/core/servers/basehttp.py:213 - "GET /api/v1/trading/config/ HTTP/1.1" 200 1299
[2025-11-30 11:23:03,063] INFO django.server /Users/NETPHIX_DEV/Desktop/crypto-trading-broker/.venv/lib/python3.13/site-packages/django/core/servers/basehttp.py:213 - "GET /api/v1/orders/trading_summary/ HTTP/1.1" 200 291
[2025-11-30 11:23:03,102] INFO django.server /Users/NETPHIX_DEV/Desktop/crypto-trading-broker/.venv/lib/python3.13/site-packages/django/core/servers/basehttp.py:213 - "GET /api/v1/positions/ HTTP/1.1" 200 3959
[2025-11-30 11:23:03,148] INFO django.server /Users/NETPHIX_DEV/Desktop/crypto-trading-broker/.venv/lib/python3.13/site-packages/django/core/servers/basehttp.py:213 - "GET /api/v1/orders/ HTTP/1.1" 200 14596
[2025-11-30 11:23:03,166] INFO django.server /Users/NETPHIX_DEV/Desktop/crypto-trading-broker/.venv/lib/python3.13/site-packages/django/core/servers/basehttp.py:213 - "GET /api/v1/trading-pairs/129/ HTTP/1.1" 200 547
[2025-11-30 11:23:08,034] INFO django.server /Users/NETPHIX_DEV/Desktop/crypto-trading-broker/.venv/lib/python3.13/site-packages/django/core/servers/basehttp.py:213 - "GET /api/v1/trading-pairs/129/market_data/ HTTP/1.1" 200 346
[2025-11-30 11:23:08,050] INFO django.server /Users/NETPHIX_DEV/Desktop/crypto-trading-broker/.venv/lib/python3.13/site-packages/django/core/servers/basehttp.py:213 - "GET /api/v1/accounts/balance/ HTTP/1.1" 200 353
[2025-11-30 11:23:08,070] INFO django.server /Users/NETPHIX_DEV/Desktop/crypto-trading-broker/.venv/lib/python3.13/site-packages/django/core/servers/basehttp.py:213 - "GET /api/v1/positions/ HTTP/1.1" 200 3959
[2025-11-30 11:23:08,108] INFO django.server /Users/NETPHIX_DEV/Desktop/crypto-trading-broker/.venv/lib/python3.13/site-packages/django/core/servers/basehttp.py:213 - "GET /api/v1/orders/ HTTP/1.1" 200 14596
[2025-11-30 11:23:08,137] INFO django.server /Users/NETPHIX_DEV/Desktop/crypto-trading-broker/.venv/lib/python3.13/site-packages/django/core/servers/basehttp.py:213 - "GET /api/v1/transactions/ HTTP/1.1" 200 2398
[2025-11-30 11:23:08,176] INFO django.server /Users/NETPHIX_DEV/Desktop/crypto-trading-broker/.venv/lib/python3.13/site-packages/django/core/servers/basehttp.py:213 - "GET /api/v1/transactions/ HTTP/1.1" 200 2398
[2025-11-30 11:23:39,144] WARNING django.server /Users/NETPHIX_DEV/Desktop/crypto-trading-broker/.venv/lib/python3.13/site-packages/django/core/servers/basehttp.py:213 - "GET /.well-known/appspecific/com.chrome.devtools.json HTTP/1.1" 404 20299
[2025-11-30 11:23:41,768] INFO django.server /Users/NETPHIX_DEV/Desktop/crypto-trading-broker/.venv/lib/python3.13/site-packages/django/core/servers/basehttp.py:213 - "GET /dashboard/trading-view/15/ HTTP/1.1" 200 118715
[2025-11-30 11:23:41,850] INFO django.server /Users/NETPHIX_DEV/Desktop/crypto-trading-broker/.venv/lib/python3.13/site-packages/django/core/servers/basehttp.py:213 - "GET /static/assets/scripts/trading-single.js HTTP/1.1" 304 0
[2025-11-30 11:23:42,336] INFO django.server /Users/NETPHIX_DEV/Desktop/crypto-trading-broker/.venv/lib/python3.13/site-packages/django/core/servers/basehttp.py:213 - "GET /api/v1/trading/config/ HTTP/1.1" 200 1299
[2025-11-30 11:23:42,453] INFO django.server /Users/NETPHIX_DEV/Desktop/crypto-trading-broker/.venv/lib/python3.13/site-packages/django/core/servers/basehttp.py:213 - "GET /api/v1/orders/trading_summary/ HTTP/1.1" 200 291
[2025-11-30 11:23:42,480] INFO django.server /Users/NETPHIX_DEV/Desktop/crypto-trading-broker/.venv/lib/python3.13/site-packages/django/core/servers/basehttp.py:213 - "GET /api/v1/positions/ HTTP/1.1" 200 3959
[2025-11-30 11:23:42,509] INFO django.server /Users/NETPHIX_DEV/Desktop/crypto-trading-broker/.venv/lib/python3.13/site-packages/django/core/servers/basehttp.py:213 - "GET /api/v1/orders/ HTTP/1.1" 200 14596
[2025-11-30 11:23:42,525] INFO django.server /Users/NETPHIX_DEV/Desktop/crypto-trading-broker/.venv/lib/python3.13/site-packages/django/core/servers/basehttp.py:213 - "GET /api/v1/trading-pairs/15/ HTTP/1.1" 200 556
[2025-11-30 11:23:42,594] WARNING django.server /Users/NETPHIX_DEV/Desktop/crypto-trading-broker/.venv/lib/python3.13/site-packages/django/core/servers/basehttp.py:213 - "GET /.well-known/appspecific/com.chrome.devtools.json HTTP/1.1" 404 20299
[2025-11-30 11:23:44,434] INFO django.server /Users/NETPHIX_DEV/Desktop/crypto-trading-broker/.venv/lib/python3.13/site-packages/django/core/servers/basehttp.py:213 - "GET /api/v1/trading-pairs/15/market_data/ HTTP/1.1" 200 292
[2025-11-30 11:23:44,458] INFO django.server /Users/NETPHIX_DEV/Desktop/crypto-trading-broker/.venv/lib/python3.13/site-packages/django/core/servers/basehttp.py:213 - "GET /api/v1/accounts/balance/ HTTP/1.1" 200 353
[2025-11-30 11:23:44,485] INFO django.server /Users/NETPHIX_DEV/Desktop/crypto-trading-broker/.venv/lib/python3.13/site-packages/django/core/servers/basehttp.py:213 - "GET /api/v1/positions/ HTTP/1.1" 200 3959
[2025-11-30 11:23:44,537] INFO django.server /Users/NETPHIX_DEV/Desktop/crypto-trading-broker/.venv/lib/python3.13/site-packages/django/core/servers/basehttp.py:213 - "GET /api/v1/orders/ HTTP/1.1" 200 14596
[2025-11-30 11:23:44,591] INFO django.server /Users/NETPHIX_DEV/Desktop/crypto-trading-broker/.venv/lib/python3.13/site-packages/django/core/servers/basehttp.py:213 - "GET /api/v1/transactions/ HTTP/1.1" 200 2398
[2025-11-30 11:23:44,651] INFO django.server /Users/NETPHIX_DEV/Desktop/crypto-trading-broker/.venv/lib/python3.13/site-packages/django/core/servers/basehttp.py:213 - "GET /api/v1/transactions/ HTTP/1.1" 200 2398
[2025-11-30 11:24:26,794] INFO django.server /Users/NETPHIX_DEV/Desktop/crypto-trading-broker/.venv/lib/python3.13/site-packages/django/core/servers/basehttp.py:213 - "GET /dashboard/trading-view/15/ HTTP/1.1" 200 118715
[2025-11-30 11:24:26,841] INFO django.server /Users/NETPHIX_DEV/Desktop/crypto-trading-broker/.venv/lib/python3.13/site-packages/django/core/servers/basehttp.py:213 - "GET /static/assets/scripts/trading-single.js HTTP/1.1" 200 42216
[2025-11-30 11:24:26,892] WARNING django.server /Users/NETPHIX_DEV/Desktop/crypto-trading-broker/.venv/lib/python3.13/site-packages/django/core/servers/basehttp.py:213 - "GET /.well-known/appspecific/com.chrome.devtools.json HTTP/1.1" 404 20299
[2025-11-30 11:24:27,553] INFO django.server /Users/NETPHIX_DEV/Desktop/crypto-trading-broker/.venv/lib/python3.13/site-packages/django/core/servers/basehttp.py:213 - "GET /api/v1/trading/config/ HTTP/1.1" 200 1299
[2025-11-30 11:24:27,693] INFO django.server /Users/NETPHIX_DEV/Desktop/crypto-trading-broker/.venv/lib/python3.13/site-packages/django/core/servers/basehttp.py:213 - "GET /api/v1/orders/trading_summary/ HTTP/1.1" 200 291
[2025-11-30 11:24:27,711] INFO django.server /Users/NETPHIX_DEV/Desktop/crypto-trading-broker/.venv/lib/python3.13/site-packages/django/core/servers/basehttp.py:213 - "GET /api/v1/positions/ HTTP/1.1" 200 3959
[2025-11-30 11:24:27,737] INFO django.server /Users/NETPHIX_DEV/Desktop/crypto-trading-broker/.venv/lib/python3.13/site-packages/django/core/servers/basehttp.py:213 - "GET /api/v1/orders/ HTTP/1.1" 200 14596
[2025-11-30 11:24:27,762] INFO django.server /Users/NETPHIX_DEV/Desktop/crypto-trading-broker/.venv/lib/python3.13/site-packages/django/core/servers/basehttp.py:213 - "GET /api/v1/trading-pairs/15/ HTTP/1.1" 200 556
[2025-11-30 11:24:27,819] INFO django.server /Users/NETPHIX_DEV/Desktop/crypto-trading-broker/.venv/lib/python3.13/site-packages/django/core/servers/basehttp.py:213 - "GET /api/v1/trading-pairs/15/market_data/ HTTP/1.1" 200 292
[2025-11-30 11:24:27,839] INFO django.server /Users/NETPHIX_DEV/Desktop/crypto-trading-broker/.venv/lib/python3.13/site-packages/django/core/servers/basehttp.py:213 - "GET /api/v1/accounts/balance/ HTTP/1.1" 200 353
[2025-11-30 11:24:27,889] INFO django.server /Users/NETPHIX_DEV/Desktop/crypto-trading-broker/.venv/lib/python3.13/site-packages/django/core/servers/basehttp.py:213 - "GET /api/v1/positions/ HTTP/1.1" 200 3959
[2025-11-30 11:24:27,942] INFO django.server /Users/NETPHIX_DEV/Desktop/crypto-trading-broker/.venv/lib/python3.13/site-packages/django/core/servers/basehttp.py:213 - "GET /api/v1/orders/ HTTP/1.1" 200 14596
[2025-11-30 11:24:27,982] INFO django.server /Users/NETPHIX_DEV/Desktop/crypto-trading-broker/.venv/lib/python3.13/site-packages/django/core/servers/basehttp.py:213 - "GET /api/v1/transactions/ HTTP/1.1" 200 2398
[2025-11-30 11:24:28,047] INFO django.server /Users/NETPHIX_DEV/Desktop/crypto-trading-broker/.venv/lib/python3.13/site-packages/django/core/servers/basehttp.py:213 - "GET /api/v1/transactions/ HTTP/1.1" 200 2398
[2025-11-30 11:24:39,095] INFO django.server /Users/NETPHIX_DEV/Desktop/crypto-trading-broker/.venv/lib/python3.13/site-packages/django/core/servers/basehttp.py:213 - "GET /dashboard/trading-view/15/ HTTP/1.1" 200 118715
[2025-11-30 11:24:39,138] INFO django.server /Users/NETPHIX_DEV/Desktop/crypto-trading-broker/.venv/lib/python3.13/site-packages/django/core/servers/basehttp.py:213 - "GET /static/assets/scripts/trading-single.js HTTP/1.1" 200 41910
[2025-11-30 11:24:39,191] WARNING django.server /Users/NETPHIX_DEV/Desktop/crypto-trading-broker/.venv/lib/python3.13/site-packages/django/core/servers/basehttp.py:213 - "GET /.well-known/appspecific/com.chrome.devtools.json HTTP/1.1" 404 20299
[2025-11-30 11:24:39,675] INFO django.server /Users/NETPHIX_DEV/Desktop/crypto-trading-broker/.venv/lib/python3.13/site-packages/django/core/servers/basehttp.py:213 - "GET /api/v1/trading/config/ HTTP/1.1" 200 1299
[2025-11-30 11:24:39,801] INFO django.server /Users/NETPHIX_DEV/Desktop/crypto-trading-broker/.venv/lib/python3.13/site-packages/django/core/servers/basehttp.py:213 - "GET /api/v1/orders/trading_summary/ HTTP/1.1" 200 291
[2025-11-30 11:24:39,824] INFO django.server /Users/NETPHIX_DEV/Desktop/crypto-trading-broker/.venv/lib/python3.13/site-packages/django/core/servers/basehttp.py:213 - "GET /api/v1/positions/ HTTP/1.1" 200 3959
[2025-11-30 11:24:39,861] INFO django.server /Users/NETPHIX_DEV/Desktop/crypto-trading-broker/.venv/lib/python3.13/site-packages/django/core/servers/basehttp.py:213 - "GET /api/v1/orders/ HTTP/1.1" 200 14596
[2025-11-30 11:24:39,878] INFO django.server /Users/NETPHIX_DEV/Desktop/crypto-trading-broker/.venv/lib/python3.13/site-packages/django/core/servers/basehttp.py:213 - "GET /api/v1/trading-pairs/15/ HTTP/1.1" 200 556
[2025-11-30 11:24:39,920] INFO django.server /Users/NETPHIX_DEV/Desktop/crypto-trading-broker/.venv/lib/python3.13/site-packages/django/core/servers/basehttp.py:213 - "GET /api/v1/trading-pairs/15/market_data/ HTTP/1.1" 200 292
[2025-11-30 11:24:39,965] INFO django.server /Users/NETPHIX_DEV/Desktop/crypto-trading-broker/.venv/lib/python3.13/site-packages/django/core/servers/basehttp.py:213 - "GET /api/v1/accounts/balance/ HTTP/1.1" 200 353
[2025-11-30 11:24:40,006] INFO django.server /Users/NETPHIX_DEV/Desktop/crypto-trading-broker/.venv/lib/python3.13/site-packages/django/core/servers/basehttp.py:213 - "GET /api/v1/positions/ HTTP/1.1" 200 3959
[2025-11-30 11:24:40,039] INFO django.server /Users/NETPHIX_DEV/Desktop/crypto-trading-broker/.venv/lib/python3.13/site-packages/django/core/servers/basehttp.py:213 - "GET /api/v1/orders/ HTTP/1.1" 200 14596
[2025-11-30 11:24:40,119] INFO django.server /Users/NETPHIX_DEV/Desktop/crypto-trading-broker/.venv/lib/python3.13/site-packages/django/core/servers/basehttp.py:213 - "GET /api/v1/transactions/ HTTP/1.1" 200 2398
[2025-11-30 11:24:40,168] INFO django.server /Users/NETPHIX_DEV/Desktop/crypto-trading-broker/.venv/lib/python3.13/site-packages/django/core/servers/basehttp.py:213 - "GET /api/v1/transactions/ HTTP/1.1" 200 2398
[2025-11-30 11:27:10,512] INFO django.server /Users/NETPHIX_DEV/Desktop/crypto-trading-broker/.venv/lib/python3.13/site-packages/django/core/servers/basehttp.py:213 - "GET /dashboard/trading-view/15/ HTTP/1.1" 200 118715
[2025-11-30 11:27:10,660] WARNING django.server /Users/NETPHIX_DEV/Desktop/crypto-trading-broker/.venv/lib/python3.13/site-packages/django/core/servers/basehttp.py:213 - "GET /.well-known/appspecific/com.chrome.devtools.json HTTP/1.1" 404 20299
[2025-11-30 11:27:11,312] INFO django.server /Users/NETPHIX_DEV/Desktop/crypto-trading-broker/.venv/lib/python3.13/site-packages/django/core/servers/basehttp.py:213 - "GET /static/assets/scripts/api.js HTTP/1.1" 200 32324
[2025-11-30 11:27:11,333] INFO django.server /Users/NETPHIX_DEV/Desktop/crypto-trading-broker/.venv/lib/python3.13/site-packages/django/core/servers/basehttp.py:213 - "GET /static/assets/scripts/order-handler.js HTTP/1.1" 200 16489
[2025-11-30 11:27:11,341] INFO django.server /Users/NETPHIX_DEV/Desktop/crypto-trading-broker/.venv/lib/python3.13/site-packages/django/core/servers/basehttp.py:213 - "GET /static/assets/scripts/trading-single.js HTTP/1.1" 200 42219
[2025-11-30 11:27:12,751] INFO django.server /Users/NETPHIX_DEV/Desktop/crypto-trading-broker/.venv/lib/python3.13/site-packages/django/core/servers/basehttp.py:213 - "GET /api/v1/trading/config/ HTTP/1.1" 200 1299
[2025-11-30 11:27:12,845] INFO django.server /Users/NETPHIX_DEV/Desktop/crypto-trading-broker/.venv/lib/python3.13/site-packages/django/core/servers/basehttp.py:213 - "GET /api/v1/orders/trading_summary/ HTTP/1.1" 200 291
[2025-11-30 11:27:12,878] INFO django.server /Users/NETPHIX_DEV/Desktop/crypto-trading-broker/.venv/lib/python3.13/site-packages/django/core/servers/basehttp.py:213 - "GET /api/v1/positions/ HTTP/1.1" 200 3959
[2025-11-30 11:27:12,956] INFO django.server /Users/NETPHIX_DEV/Desktop/crypto-trading-broker/.venv/lib/python3.13/site-packages/django/core/servers/basehttp.py:213 - "GET /api/v1/orders/ HTTP/1.1" 200 14596
[2025-11-30 11:27:12,973] INFO django.server /Users/NETPHIX_DEV/Desktop/crypto-trading-broker/.venv/lib/python3.13/site-packages/django/core/servers/basehttp.py:213 - "GET /api/v1/trading-pairs/15/ HTTP/1.1" 200 556
[2025-11-30 11:27:13,573] INFO django.server /Users/NETPHIX_DEV/Desktop/crypto-trading-broker/.venv/lib/python3.13/site-packages/django/core/servers/basehttp.py:213 - "GET /static/assets/img/XoR8MfdPTzQDfF4JVKuMIQhGj8HmCdPoBxveN4vK.png HTTP/1.1" 200 8868
[2025-11-30 11:27:18,118] INFO django.server /Users/NETPHIX_DEV/Desktop/crypto-trading-broker/.venv/lib/python3.13/site-packages/django/core/servers/basehttp.py:213 - "GET /api/v1/trading-pairs/15/market_data/ HTTP/1.1" 200 292
[2025-11-30 11:27:18,132] INFO django.server /Users/NETPHIX_DEV/Desktop/crypto-trading-broker/.venv/lib/python3.13/site-packages/django/core/servers/basehttp.py:213 - "GET /api/v1/accounts/balance/ HTTP/1.1" 200 353
[2025-11-30 11:27:18,151] INFO django.server /Users/NETPHIX_DEV/Desktop/crypto-trading-broker/.venv/lib/python3.13/site-packages/django/core/servers/basehttp.py:213 - "GET /api/v1/positions/ HTTP/1.1" 200 3959
[2025-11-30 11:27:18,203] INFO django.server /Users/NETPHIX_DEV/Desktop/crypto-trading-broker/.venv/lib/python3.13/site-packages/django/core/servers/basehttp.py:213 - "GET /api/v1/orders/ HTTP/1.1" 200 14596
[2025-11-30 11:27:18,249] INFO django.server /Users/NETPHIX_DEV/Desktop/crypto-trading-broker/.venv/lib/python3.13/site-packages/django/core/servers/basehttp.py:213 - "GET /api/v1/transactions/ HTTP/1.1" 200 2398
[2025-11-30 11:27:18,306] INFO django.server /Users/NETPHIX_DEV/Desktop/crypto-trading-broker/.venv/lib/python3.13/site-packages/django/core/servers/basehttp.py:213 - "GET /api/v1/transactions/ HTTP/1.1" 200 2398
[2025-11-30 11:27:32,078] INFO django.server /Users/NETPHIX_DEV/Desktop/crypto-trading-broker/.venv/lib/python3.13/site-packages/django/core/servers/basehttp.py:213 - "GET /dashboard/trading HTTP/1.1" 200 87018
[2025-11-30 11:27:32,197] WARNING django.server /Users/NETPHIX_DEV/Desktop/crypto-trading-broker/.venv/lib/python3.13/site-packages/django/core/servers/basehttp.py:213 - "GET /.well-known/appspecific/com.chrome.devtools.json HTTP/1.1" 404 20299
[2025-11-30 11:27:32,798] INFO django.server /Users/NETPHIX_DEV/Desktop/crypto-trading-broker/.venv/lib/python3.13/site-packages/django/core/servers/basehttp.py:213 - "GET /api/v1/trading-pairs/ HTTP/1.1" 200 92358
[2025-11-30 11:27:33,390] INFO django.server /Users/NETPHIX_DEV/Desktop/crypto-trading-broker/.venv/lib/python3.13/site-packages/django/core/servers/basehttp.py:213 - "GET /api/v1/trading-pairs/market_status/ HTTP/1.1" 200 594
[2025-11-30 11:27:35,878] INFO django.server /Users/NETPHIX_DEV/Desktop/crypto-trading-broker/.venv/lib/python3.13/site-packages/django/core/servers/basehttp.py:213 - "GET /dashboard/trading-view/13/ HTTP/1.1" 200 118715
[2025-11-30 11:27:35,956] INFO django.server /Users/NETPHIX_DEV/Desktop/crypto-trading-broker/.venv/lib/python3.13/site-packages/django/core/servers/basehttp.py:213 - "GET /static/assets/scripts/trading-single.js HTTP/1.1" 304 0
[2025-11-30 11:27:36,160] WARNING django.server /Users/NETPHIX_DEV/Desktop/crypto-trading-broker/.venv/lib/python3.13/site-packages/django/core/servers/basehttp.py:213 - "GET /.well-known/appspecific/com.chrome.devtools.json HTTP/1.1" 404 20299
[2025-11-30 11:27:36,383] INFO django.server /Users/NETPHIX_DEV/Desktop/crypto-trading-broker/.venv/lib/python3.13/site-packages/django/core/servers/basehttp.py:213 - "GET /api/v1/trading/config/ HTTP/1.1" 200 1299
[2025-11-30 11:27:36,514] INFO django.server /Users/NETPHIX_DEV/Desktop/crypto-trading-broker/.venv/lib/python3.13/site-packages/django/core/servers/basehttp.py:213 - "GET /api/v1/orders/trading_summary/ HTTP/1.1" 200 291
[2025-11-30 11:27:36,534] INFO django.server /Users/NETPHIX_DEV/Desktop/crypto-trading-broker/.venv/lib/python3.13/site-packages/django/core/servers/basehttp.py:213 - "GET /api/v1/positions/ HTTP/1.1" 200 3959
[2025-11-30 11:27:36,564] INFO django.server /Users/NETPHIX_DEV/Desktop/crypto-trading-broker/.venv/lib/python3.13/site-packages/django/core/servers/basehttp.py:213 - "GET /api/v1/orders/ HTTP/1.1" 200 14596
[2025-11-30 11:27:36,582] INFO django.server /Users/NETPHIX_DEV/Desktop/crypto-trading-broker/.venv/lib/python3.13/site-packages/django/core/servers/basehttp.py:213 - "GET /api/v1/trading-pairs/13/ HTTP/1.1" 200 550
[2025-11-30 11:27:38,592] INFO django.server /Users/NETPHIX_DEV/Desktop/crypto-trading-broker/.venv/lib/python3.13/site-packages/django/core/servers/basehttp.py:213 - "GET /api/v1/trading-pairs/13/market_data/ HTTP/1.1" 200 347
[2025-11-30 11:27:38,604] INFO django.server /Users/NETPHIX_DEV/Desktop/crypto-trading-broker/.venv/lib/python3.13/site-packages/django/core/servers/basehttp.py:213 - "GET /api/v1/accounts/balance/ HTTP/1.1" 200 353
[2025-11-30 11:27:38,624] INFO django.server /Users/NETPHIX_DEV/Desktop/crypto-trading-broker/.venv/lib/python3.13/site-packages/django/core/servers/basehttp.py:213 - "GET /api/v1/positions/ HTTP/1.1" 200 3959
[2025-11-30 11:27:38,661] INFO django.server /Users/NETPHIX_DEV/Desktop/crypto-trading-broker/.venv/lib/python3.13/site-packages/django/core/servers/basehttp.py:213 - "GET /api/v1/orders/ HTTP/1.1" 200 14596
[2025-11-30 11:27:38,709] INFO django.server /Users/NETPHIX_DEV/Desktop/crypto-trading-broker/.venv/lib/python3.13/site-packages/django/core/servers/basehttp.py:213 - "GET /api/v1/transactions/ HTTP/1.1" 200 2398
[2025-11-30 11:27:38,731] INFO django.server /Users/NETPHIX_DEV/Desktop/crypto-trading-broker/.venv/lib/python3.13/site-packages/django/core/servers/basehttp.py:213 - "GET /api/v1/transactions/ HTTP/1.1" 200 2398
[2025-11-30 11:27:45,820] INFO django.server /Users/NETPHIX_DEV/Desktop/crypto-trading-broker/.venv/lib/python3.13/site-packages/django/core/servers/basehttp.py:213 - "GET /dashboard/transactions HTTP/1.1" 301 0
[2025-11-30 11:27:45,869] ERROR django.server /Users/NETPHIX_DEV/Desktop/crypto-trading-broker/.venv/lib/python3.13/site-packages/django/core/servers/basehttp.py:213 - "GET /dashboard/transactions/ HTTP/1.1" 500 94784
[2025-11-30 11:27:45,981] WARNING django.server /Users/NETPHIX_DEV/Desktop/crypto-trading-broker/.venv/lib/python3.13/site-packages/django/core/servers/basehttp.py:213 - "GET /.well-known/appspecific/com.chrome.devtools.json HTTP/1.1" 404 20299
[2025-11-30 11:27:46,112] WARNING django.server /Users/NETPHIX_DEV/Desktop/crypto-trading-broker/.venv/lib/python3.13/site-packages/django/core/servers/basehttp.py:213 - "GET /favicon.ico HTTP/1.1" 404 20188
[2025-11-30 11:28:05,245] INFO django.server /Users/NETPHIX_DEV/Desktop/crypto-trading-broker/.venv/lib/python3.13/site-packages/django/core/servers/basehttp.py:213 - "GET /dashboard/transactions/ HTTP/1.1" 200 0
[2025-11-30 11:28:05,291] WARNING django.server /Users/NETPHIX_DEV/Desktop/crypto-trading-broker/.venv/lib/python3.13/site-packages/django/core/servers/basehttp.py:213 - "GET /.well-known/appspecific/com.chrome.devtools.json HTTP/1.1" 404 20299
[2025-11-30 11:30:14,295] WARNING django.server /Users/NETPHIX_DEV/Desktop/crypto-trading-broker/.venv/lib/python3.13/site-packages/django/core/servers/basehttp.py:213 - "GET /.well-known/appspecific/com.chrome.devtools.json HTTP/1.1" 404 20299
[2025-11-30 11:30:18,495] INFO django.server /Users/NETPHIX_DEV/Desktop/crypto-trading-broker/.venv/lib/python3.13/site-packages/django/core/servers/basehttp.py:213 - "GET /dashboard/trading-view/13/ HTTP/1.1" 200 118715
[2025-11-30 11:30:18,564] WARNING django.server /Users/NETPHIX_DEV/Desktop/crypto-trading-broker/.venv/lib/python3.13/site-packages/django/core/servers/basehttp.py:213 - "GET /.well-known/appspecific/com.chrome.devtools.json HTTP/1.1" 404 20299
[2025-11-30 11:30:19,220] INFO django.server /Users/NETPHIX_DEV/Desktop/crypto-trading-broker/.venv/lib/python3.13/site-packages/django/core/servers/basehttp.py:213 - "GET /static/assets/scripts/api.js HTTP/1.1" 200 32324
[2025-11-30 11:30:19,230] INFO django.server /Users/NETPHIX_DEV/Desktop/crypto-trading-broker/.venv/lib/python3.13/site-packages/django/core/servers/basehttp.py:213 - "GET /static/assets/scripts/order-handler.js HTTP/1.1" 200 16489
[2025-11-30 11:30:19,243] INFO django.server /Users/NETPHIX_DEV/Desktop/crypto-trading-broker/.venv/lib/python3.13/site-packages/django/core/servers/basehttp.py:213 - "GET /static/assets/scripts/trading-single.js HTTP/1.1" 200 41930
[2025-11-30 11:30:20,090] INFO django.server /Users/NETPHIX_DEV/Desktop/crypto-trading-broker/.venv/lib/python3.13/site-packages/django/core/servers/basehttp.py:213 - "GET /api/v1/trading/config/ HTTP/1.1" 200 1299
[2025-11-30 11:30:20,202] INFO django.server /Users/NETPHIX_DEV/Desktop/crypto-trading-broker/.venv/lib/python3.13/site-packages/django/core/servers/basehttp.py:213 - "GET /api/v1/orders/trading_summary/ HTTP/1.1" 200 291
[2025-11-30 11:30:20,220] INFO django.server /Users/NETPHIX_DEV/Desktop/crypto-trading-broker/.venv/lib/python3.13/site-packages/django/core/servers/basehttp.py:213 - "GET /api/v1/positions/ HTTP/1.1" 200 3959
[2025-11-30 11:30:20,245] INFO django.server /Users/NETPHIX_DEV/Desktop/crypto-trading-broker/.venv/lib/python3.13/site-packages/django/core/servers/basehttp.py:213 - "GET /api/v1/orders/ HTTP/1.1" 200 14596
[2025-11-30 11:30:20,268] INFO django.server /Users/NETPHIX_DEV/Desktop/crypto-trading-broker/.venv/lib/python3.13/site-packages/django/core/servers/basehttp.py:213 - "GET /api/v1/trading-pairs/13/ HTTP/1.1" 200 550
[2025-11-30 11:30:20,983] INFO django.server /Users/NETPHIX_DEV/Desktop/crypto-trading-broker/.venv/lib/python3.13/site-packages/django/core/servers/basehttp.py:213 - "GET /static/assets/img/XoR8MfdPTzQDfF4JVKuMIQhGj8HmCdPoBxveN4vK.png HTTP/1.1" 200 8868
[2025-11-30 11:30:25,032] INFO django.server /Users/NETPHIX_DEV/Desktop/crypto-trading-broker/.venv/lib/python3.13/site-packages/django/core/servers/basehttp.py:213 - "GET /api/v1/trading-pairs/13/market_data/ HTTP/1.1" 200 347
[2025-11-30 11:30:25,046] INFO django.server /Users/NETPHIX_DEV/Desktop/crypto-trading-broker/.venv/lib/python3.13/site-packages/django/core/servers/basehttp.py:213 - "GET /api/v1/accounts/balance/ HTTP/1.1" 200 353
[2025-11-30 11:30:25,060] INFO django.server /Users/NETPHIX_DEV/Desktop/crypto-trading-broker/.venv/lib/python3.13/site-packages/django/core/servers/basehttp.py:213 - "GET /api/v1/positions/ HTTP/1.1" 200 3959
[2025-11-30 11:30:25,104] INFO django.server /Users/NETPHIX_DEV/Desktop/crypto-trading-broker/.venv/lib/python3.13/site-packages/django/core/servers/basehttp.py:213 - "GET /api/v1/orders/ HTTP/1.1" 200 14596
[2025-11-30 11:30:25,125] INFO django.server /Users/NETPHIX_DEV/Desktop/crypto-trading-broker/.venv/lib/python3.13/site-packages/django/core/servers/basehttp.py:213 - "GET /api/v1/transactions/ HTTP/1.1" 200 2398
[2025-11-30 11:30:25,170] INFO django.server /Users/NETPHIX_DEV/Desktop/crypto-trading-broker/.venv/lib/python3.13/site-packages/django/core/servers/basehttp.py:213 - "GET /api/v1/transactions/ HTTP/1.1" 200 2398
[2025-11-30 11:36:20,762] INFO django.server /Users/NETPHIX_DEV/Desktop/crypto-trading-broker/.venv/lib/python3.13/site-packages/django/core/servers/basehttp.py:213 - "GET /dashboard/trading-view/13/ HTTP/1.1" 200 119221
[2025-11-30 11:36:20,834] INFO django.server /Users/NETPHIX_DEV/Desktop/crypto-trading-broker/.venv/lib/python3.13/site-packages/django/core/servers/basehttp.py:213 - "GET /static/assets/scripts/trading-single.js HTTP/1.1" 304 0
[2025-11-30 11:36:20,894] WARNING django.server /Users/NETPHIX_DEV/Desktop/crypto-trading-broker/.venv/lib/python3.13/site-packages/django/core/servers/basehttp.py:213 - "GET /.well-known/appspecific/com.chrome.devtools.json HTTP/1.1" 404 20299
[2025-11-30 11:36:21,726] INFO django.server /Users/NETPHIX_DEV/Desktop/crypto-trading-broker/.venv/lib/python3.13/site-packages/django/core/servers/basehttp.py:213 - "GET /api/v1/trading/config/ HTTP/1.1" 200 1299
[2025-11-30 11:36:21,915] INFO django.server /Users/NETPHIX_DEV/Desktop/crypto-trading-broker/.venv/lib/python3.13/site-packages/django/core/servers/basehttp.py:213 - "GET /api/v1/orders/trading_summary/ HTTP/1.1" 200 291
[2025-11-30 11:36:21,946] INFO django.server /Users/NETPHIX_DEV/Desktop/crypto-trading-broker/.venv/lib/python3.13/site-packages/django/core/servers/basehttp.py:213 - "GET /api/v1/positions/ HTTP/1.1" 200 3959
[2025-11-30 11:36:21,975] INFO django.server /Users/NETPHIX_DEV/Desktop/crypto-trading-broker/.venv/lib/python3.13/site-packages/django/core/servers/basehttp.py:213 - "GET /api/v1/orders/ HTTP/1.1" 200 14596
[2025-11-30 11:36:21,993] INFO django.server /Users/NETPHIX_DEV/Desktop/crypto-trading-broker/.venv/lib/python3.13/site-packages/django/core/servers/basehttp.py:213 - "GET /api/v1/trading-pairs/13/ HTTP/1.1" 200 550
[2025-11-30 11:36:26,680] INFO django.server /Users/NETPHIX_DEV/Desktop/crypto-trading-broker/.venv/lib/python3.13/site-packages/django/core/servers/basehttp.py:213 - "GET /api/v1/trading-pairs/13/market_data/ HTTP/1.1" 200 347
[2025-11-30 11:36:26,695] INFO django.server /Users/NETPHIX_DEV/Desktop/crypto-trading-broker/.venv/lib/python3.13/site-packages/django/core/servers/basehttp.py:213 - "GET /api/v1/accounts/balance/ HTTP/1.1" 200 353
[2025-11-30 11:36:26,711] INFO django.server /Users/NETPHIX_DEV/Desktop/crypto-trading-broker/.venv/lib/python3.13/site-packages/django/core/servers/basehttp.py:213 - "GET /api/v1/positions/ HTTP/1.1" 200 3959
[2025-11-30 11:36:26,755] INFO django.server /Users/NETPHIX_DEV/Desktop/crypto-trading-broker/.venv/lib/python3.13/site-packages/django/core/servers/basehttp.py:213 - "GET /api/v1/orders/ HTTP/1.1" 200 14596
[2025-11-30 11:36:26,775] INFO django.server /Users/NETPHIX_DEV/Desktop/crypto-trading-broker/.venv/lib/python3.13/site-packages/django/core/servers/basehttp.py:213 - "GET /api/v1/transactions/ HTTP/1.1" 200 2398
[2025-11-30 11:36:26,818] INFO django.server /Users/NETPHIX_DEV/Desktop/crypto-trading-broker/.venv/lib/python3.13/site-packages/django/core/servers/basehttp.py:213 - "GET /api/v1/transactions/ HTTP/1.1" 200 2398
[2025-11-30 11:37:12,848] INFO django.server /Users/NETPHIX_DEV/Desktop/crypto-trading-broker/.venv/lib/python3.13/site-packages/django/core/servers/basehttp.py:213 - "GET /dashboard/trading-view/13/ HTTP/1.1" 200 119221
[2025-11-30 11:37:12,886] INFO django.server /Users/NETPHIX_DEV/Desktop/crypto-trading-broker/.venv/lib/python3.13/site-packages/django/core/servers/basehttp.py:213 - "GET /static/assets/scripts/trading-single.js HTTP/1.1" 304 0
[2025-11-30 11:37:12,959] WARNING django.server /Users/NETPHIX_DEV/Desktop/crypto-trading-broker/.venv/lib/python3.13/site-packages/django/core/servers/basehttp.py:213 - "GET /.well-known/appspecific/com.chrome.devtools.json HTTP/1.1" 404 20299
[2025-11-30 11:37:13,489] INFO django.server /Users/NETPHIX_DEV/Desktop/crypto-trading-broker/.venv/lib/python3.13/site-packages/django/core/servers/basehttp.py:213 - "GET /api/v1/trading/config/ HTTP/1.1" 200 1299
[2025-11-30 11:37:13,641] INFO django.server /Users/NETPHIX_DEV/Desktop/crypto-trading-broker/.venv/lib/python3.13/site-packages/django/core/servers/basehttp.py:213 - "GET /api/v1/orders/trading_summary/ HTTP/1.1" 200 291
[2025-11-30 11:37:13,665] INFO django.server /Users/NETPHIX_DEV/Desktop/crypto-trading-broker/.venv/lib/python3.13/site-packages/django/core/servers/basehttp.py:213 - "GET /api/v1/positions/ HTTP/1.1" 200 3959
[2025-11-30 11:37:13,701] INFO django.server /Users/NETPHIX_DEV/Desktop/crypto-trading-broker/.venv/lib/python3.13/site-packages/django/core/servers/basehttp.py:213 - "GET /api/v1/orders/ HTTP/1.1" 200 14596
[2025-11-30 11:37:13,720] INFO django.server /Users/NETPHIX_DEV/Desktop/crypto-trading-broker/.venv/lib/python3.13/site-packages/django/core/servers/basehttp.py:213 - "GET /api/v1/trading-pairs/13/ HTTP/1.1" 200 550
[2025-11-30 11:37:13,776] INFO django.server /Users/NETPHIX_DEV/Desktop/crypto-trading-broker/.venv/lib/python3.13/site-packages/django/core/servers/basehttp.py:213 - "GET /api/v1/trading-pairs/13/market_data/ HTTP/1.1" 200 347
[2025-11-30 11:37:13,800] INFO django.server /Users/NETPHIX_DEV/Desktop/crypto-trading-broker/.venv/lib/python3.13/site-packages/django/core/servers/basehttp.py:213 - "GET /api/v1/accounts/balance/ HTTP/1.1" 200 353
[2025-11-30 11:37:13,842] INFO django.server /Users/NETPHIX_DEV/Desktop/crypto-trading-broker/.venv/lib/python3.13/site-packages/django/core/servers/basehttp.py:213 - "GET /api/v1/positions/ HTTP/1.1" 200 3959
[2025-11-30 11:37:13,920] INFO django.server /Users/NETPHIX_DEV/Desktop/crypto-trading-broker/.venv/lib/python3.13/site-packages/django/core/servers/basehttp.py:213 - "GET /api/v1/orders/ HTTP/1.1" 200 14596
[2025-11-30 11:37:14,085] INFO django.server /Users/NETPHIX_DEV/Desktop/crypto-trading-broker/.venv/lib/python3.13/site-packages/django/core/servers/basehttp.py:213 - "GET /api/v1/transactions/ HTTP/1.1" 200 2398
[2025-11-30 11:37:14,807] INFO django.server /Users/NETPHIX_DEV/Desktop/crypto-trading-broker/.venv/lib/python3.13/site-packages/django/core/servers/basehttp.py:213 - "GET /api/v1/transactions/ HTTP/1.1" 200 2398
[2025-11-30 11:37:25,516] INFO django.server /Users/NETPHIX_DEV/Desktop/crypto-trading-broker/.venv/lib/python3.13/site-packages/django/core/servers/basehttp.py:213 - "GET /dashboard/trading-view/13/ HTTP/1.1" 200 118897
[2025-11-30 11:37:25,607] WARNING django.server /Users/NETPHIX_DEV/Desktop/crypto-trading-broker/.venv/lib/python3.13/site-packages/django/core/servers/basehttp.py:213 - "GET /.well-known/appspecific/com.chrome.devtools.json HTTP/1.1" 404 20299
[2025-11-30 11:37:26,392] INFO django.server /Users/NETPHIX_DEV/Desktop/crypto-trading-broker/.venv/lib/python3.13/site-packages/django/core/servers/basehttp.py:213 - "GET /api/v1/trading/config/ HTTP/1.1" 200 1299
[2025-11-30 11:37:26,543] INFO django.server /Users/NETPHIX_DEV/Desktop/crypto-trading-broker/.venv/lib/python3.13/site-packages/django/core/servers/basehttp.py:213 - "GET /api/v1/orders/trading_summary/ HTTP/1.1" 200 291
[2025-11-30 11:37:26,569] INFO django.server /Users/NETPHIX_DEV/Desktop/crypto-trading-broker/.venv/lib/python3.13/site-packages/django/core/servers/basehttp.py:213 - "GET /api/v1/positions/ HTTP/1.1" 200 3959
[2025-11-30 11:37:26,611] INFO django.server /Users/NETPHIX_DEV/Desktop/crypto-trading-broker/.venv/lib/python3.13/site-packages/django/core/servers/basehttp.py:213 - "GET /api/v1/orders/ HTTP/1.1" 200 14596
[2025-11-30 11:37:26,629] INFO django.server /Users/NETPHIX_DEV/Desktop/crypto-trading-broker/.venv/lib/python3.13/site-packages/django/core/servers/basehttp.py:213 - "GET /api/v1/trading-pairs/13/ HTTP/1.1" 200 550
[2025-11-30 11:37:26,676] INFO django.server /Users/NETPHIX_DEV/Desktop/crypto-trading-broker/.venv/lib/python3.13/site-packages/django/core/servers/basehttp.py:213 - "GET /api/v1/trading-pairs/13/market_data/ HTTP/1.1" 200 347
[2025-11-30 11:37:26,701] INFO django.server /Users/NETPHIX_DEV/Desktop/crypto-trading-broker/.venv/lib/python3.13/site-packages/django/core/servers/basehttp.py:213 - "GET /api/v1/accounts/balance/ HTTP/1.1" 200 353
[2025-11-30 11:37:26,754] INFO django.server /Users/NETPHIX_DEV/Desktop/crypto-trading-broker/.venv/lib/python3.13/site-packages/django/core/servers/basehttp.py:213 - "GET /api/v1/positions/ HTTP/1.1" 200 3959
[2025-11-30 11:37:26,783] INFO django.server /Users/NETPHIX_DEV/Desktop/crypto-trading-broker/.venv/lib/python3.13/site-packages/django/core/servers/basehttp.py:213 - "GET /api/v1/orders/ HTTP/1.1" 200 14596
[2025-11-30 11:37:26,829] INFO django.server /Users/NETPHIX_DEV/Desktop/crypto-trading-broker/.venv/lib/python3.13/site-packages/django/core/servers/basehttp.py:213 - "GET /api/v1/transactions/ HTTP/1.1" 200 2398
[2025-11-30 11:37:26,869] INFO django.server /Users/NETPHIX_DEV/Desktop/crypto-trading-broker/.venv/lib/python3.13/site-packages/django/core/servers/basehttp.py:213 - "GET /api/v1/transactions/ HTTP/1.1" 200 2398
[2025-11-30 11:37:31,807] INFO django.server /Users/NETPHIX_DEV/Desktop/crypto-trading-broker/.venv/lib/python3.13/site-packages/django/core/servers/basehttp.py:213 - "GET /dashboard/trading-view/13/ HTTP/1.1" 200 118897
[2025-11-30 11:37:33,040] INFO django.server /Users/NETPHIX_DEV/Desktop/crypto-trading-broker/.venv/lib/python3.13/site-packages/django/core/servers/basehttp.py:213 - "GET /static/assets/scripts/api.js HTTP/1.1" 200 32324
[2025-11-30 11:37:33,047] INFO django.server /Users/NETPHIX_DEV/Desktop/crypto-trading-broker/.venv/lib/python3.13/site-packages/django/core/servers/basehttp.py:213 - "GET /static/assets/scripts/order-handler.js HTTP/1.1" 200 16489
[2025-11-30 11:37:33,052] INFO django.server /Users/NETPHIX_DEV/Desktop/crypto-trading-broker/.venv/lib/python3.13/site-packages/django/core/servers/basehttp.py:213 - "GET /static/assets/scripts/trading-single.js HTTP/1.1" 200 41930
[2025-11-30 11:37:34,485] INFO django.server /Users/NETPHIX_DEV/Desktop/crypto-trading-broker/.venv/lib/python3.13/site-packages/django/core/servers/basehttp.py:213 - "GET /api/v1/trading/config/ HTTP/1.1" 200 1299
[2025-11-30 11:37:34,611] INFO django.server /Users/NETPHIX_DEV/Desktop/crypto-trading-broker/.venv/lib/python3.13/site-packages/django/core/servers/basehttp.py:213 - "GET /api/v1/orders/trading_summary/ HTTP/1.1" 200 291
[2025-11-30 11:37:34,626] INFO django.server /Users/NETPHIX_DEV/Desktop/crypto-trading-broker/.venv/lib/python3.13/site-packages/django/core/servers/basehttp.py:213 - "GET /api/v1/positions/ HTTP/1.1" 200 3959
[2025-11-30 11:37:34,647] INFO django.server /Users/NETPHIX_DEV/Desktop/crypto-trading-broker/.venv/lib/python3.13/site-packages/django/core/servers/basehttp.py:213 - "GET /api/v1/orders/ HTTP/1.1" 200 14596
[2025-11-30 11:37:34,659] INFO django.server /Users/NETPHIX_DEV/Desktop/crypto-trading-broker/.venv/lib/python3.13/site-packages/django/core/servers/basehttp.py:213 - "GET /api/v1/trading-pairs/13/ HTTP/1.1" 200 550
[2025-11-30 11:37:35,657] INFO django.server /Users/NETPHIX_DEV/Desktop/crypto-trading-broker/.venv/lib/python3.13/site-packages/django/core/servers/basehttp.py:213 - "GET /static/assets/img/XoR8MfdPTzQDfF4JVKuMIQhGj8HmCdPoBxveN4vK.png HTTP/1.1" 200 8868
[2025-11-30 11:37:36,918] INFO django.server /Users/NETPHIX_DEV/Desktop/crypto-trading-broker/.venv/lib/python3.13/site-packages/django/core/servers/basehttp.py:213 - "GET /dashboard/trading-view/13/ HTTP/1.1" 200 118715
[2025-11-30 11:37:37,115] WARNING django.server /Users/NETPHIX_DEV/Desktop/crypto-trading-broker/.venv/lib/python3.13/site-packages/django/core/servers/basehttp.py:213 - "GET /.well-known/appspecific/com.chrome.devtools.json HTTP/1.1" 404 20299
[2025-11-30 11:37:37,434] INFO django.server /Users/NETPHIX_DEV/Desktop/crypto-trading-broker/.venv/lib/python3.13/site-packages/django/core/servers/basehttp.py:213 - "GET /api/v1/trading-pairs/13/market_data/ HTTP/1.1" 200 347
[2025-11-30 11:37:37,560] INFO django.server /Users/NETPHIX_DEV/Desktop/crypto-trading-broker/.venv/lib/python3.13/site-packages/django/core/servers/basehttp.py:213 - "GET /api/v1/accounts/balance/ HTTP/1.1" 200 353
[2025-11-30 11:37:37,581] INFO django.server /Users/NETPHIX_DEV/Desktop/crypto-trading-broker/.venv/lib/python3.13/site-packages/django/core/servers/basehttp.py:213 - "GET /api/v1/positions/ HTTP/1.1" 200 3959
[2025-11-30 11:37:37,650] INFO django.server /Users/NETPHIX_DEV/Desktop/crypto-trading-broker/.venv/lib/python3.13/site-packages/django/core/servers/basehttp.py:213 - "GET /api/v1/orders/ HTTP/1.1" 200 14596
[2025-11-30 11:37:37,654] INFO django.server /Users/NETPHIX_DEV/Desktop/crypto-trading-broker/.venv/lib/python3.13/site-packages/django/core/servers/basehttp.py:213 - "GET /api/v1/trading/config/ HTTP/1.1" 200 1299
[2025-11-30 11:37:37,752] INFO django.server /Users/NETPHIX_DEV/Desktop/crypto-trading-broker/.venv/lib/python3.13/site-packages/django/core/servers/basehttp.py:213 - "GET /api/v1/transactions/ HTTP/1.1" 200 2398
[2025-11-30 11:37:37,794] INFO django.server /Users/NETPHIX_DEV/Desktop/crypto-trading-broker/.venv/lib/python3.13/site-packages/django/core/servers/basehttp.py:213 - "GET /api/v1/orders/trading_summary/ HTTP/1.1" 200 291
[2025-11-30 11:37:37,830] INFO django.server /Users/NETPHIX_DEV/Desktop/crypto-trading-broker/.venv/lib/python3.13/site-packages/django/core/servers/basehttp.py:213 - "GET /api/v1/positions/ HTTP/1.1" 200 3959
[2025-11-30 11:37:37,884] INFO django.server /Users/NETPHIX_DEV/Desktop/crypto-trading-broker/.venv/lib/python3.13/site-packages/django/core/servers/basehttp.py:213 - "GET /api/v1/orders/ HTTP/1.1" 200 14596
[2025-11-30 11:37:37,898] INFO django.server /Users/NETPHIX_DEV/Desktop/crypto-trading-broker/.venv/lib/python3.13/site-packages/django/core/servers/basehttp.py:213 - "GET /api/v1/transactions/ HTTP/1.1" 200 2398
[2025-11-30 11:37:37,909] INFO django.server /Users/NETPHIX_DEV/Desktop/crypto-trading-broker/.venv/lib/python3.13/site-packages/django/core/servers/basehttp.py:213 - "GET /api/v1/trading-pairs/13/ HTTP/1.1" 200 550
[2025-11-30 11:37:37,994] INFO django.server /Users/NETPHIX_DEV/Desktop/crypto-trading-broker/.venv/lib/python3.13/site-packages/django/core/servers/basehttp.py:213 - "GET /api/v1/trading-pairs/13/market_data/ HTTP/1.1" 200 347
[2025-11-30 11:37:38,045] INFO django.server /Users/NETPHIX_DEV/Desktop/crypto-trading-broker/.venv/lib/python3.13/site-packages/django/core/servers/basehttp.py:213 - "GET /api/v1/accounts/balance/ HTTP/1.1" 200 353
[2025-11-30 11:37:38,252] INFO django.server /Users/NETPHIX_DEV/Desktop/crypto-trading-broker/.venv/lib/python3.13/site-packages/django/core/servers/basehttp.py:213 - "GET /api/v1/positions/ HTTP/1.1" 200 3959
[2025-11-30 11:37:38,908] INFO django.server /Users/NETPHIX_DEV/Desktop/crypto-trading-broker/.venv/lib/python3.13/site-packages/django/core/servers/basehttp.py:213 - "GET /api/v1/orders/ HTTP/1.1" 200 14596
[2025-11-30 11:37:39,147] INFO django.server /Users/NETPHIX_DEV/Desktop/crypto-trading-broker/.venv/lib/python3.13/site-packages/django/core/servers/basehttp.py:213 - "GET /api/v1/transactions/ HTTP/1.1" 200 2398
[2025-11-30 11:37:39,176] INFO django.server /Users/NETPHIX_DEV/Desktop/crypto-trading-broker/.venv/lib/python3.13/site-packages/django/core/servers/basehttp.py:213 - "GET /api/v1/transactions/ HTTP/1.1" 200 2398
[2025-11-30 11:37:53,235] INFO django.server /Users/NETPHIX_DEV/Desktop/crypto-trading-broker/.venv/lib/python3.13/site-packages/django/core/servers/basehttp.py:213 - "GET /dashboard/transactions/ HTTP/1.1" 200 0
[2025-11-30 11:37:53,383] WARNING django.server /Users/NETPHIX_DEV/Desktop/crypto-trading-broker/.venv/lib/python3.13/site-packages/django/core/servers/basehttp.py:213 - "GET /favicon.ico HTTP/1.1" 404 20188
[2025-11-30 11:37:55,021] WARNING django.server /Users/NETPHIX_DEV/Desktop/crypto-trading-broker/.venv/lib/python3.13/site-packages/django/core/servers/basehttp.py:213 - "GET /.well-known/appspecific/com.chrome.devtools.json HTTP/1.1" 404 20299
[2025-11-30 11:39:10,620] INFO django.server /Users/NETPHIX_DEV/Desktop/crypto-trading-broker/.venv/lib/python3.13/site-packages/django/core/servers/basehttp.py:213 - "GET /dashboard/transactions/ HTTP/1.1" 200 123216
[2025-11-30 11:39:10,694] WARNING django.server /Users/NETPHIX_DEV/Desktop/crypto-trading-broker/.venv/lib/python3.13/site-packages/django/core/servers/basehttp.py:213 - "GET /.well-known/appspecific/com.chrome.devtools.json HTTP/1.1" 404 20299
[2025-11-30 11:39:10,695] INFO django.server /Users/NETPHIX_DEV/Desktop/crypto-trading-broker/.venv/lib/python3.13/site-packages/django/core/servers/basehttp.py:213 - "GET /static/assets/scripts/trading-single.js HTTP/1.1" 304 0
[2025-11-30 11:39:11,356] INFO django.server /Users/NETPHIX_DEV/Desktop/crypto-trading-broker/.venv/lib/python3.13/site-packages/django/core/servers/basehttp.py:213 - "GET /api/v1/trading/config/ HTTP/1.1" 200 1299
[2025-11-30 11:39:11,485] INFO django.server /Users/NETPHIX_DEV/Desktop/crypto-trading-broker/.venv/lib/python3.13/site-packages/django/core/servers/basehttp.py:213 - "GET /api/v1/orders/trading_summary/ HTTP/1.1" 200 291
[2025-11-30 11:39:11,528] INFO django.server /Users/NETPHIX_DEV/Desktop/crypto-trading-broker/.venv/lib/python3.13/site-packages/django/core/servers/basehttp.py:213 - "GET /api/v1/positions/ HTTP/1.1" 200 3959
[2025-11-30 11:39:11,563] INFO django.server /Users/NETPHIX_DEV/Desktop/crypto-trading-broker/.venv/lib/python3.13/site-packages/django/core/servers/basehttp.py:213 - "GET /api/v1/orders/ HTTP/1.1" 200 14596
[2025-11-30 11:40:45,873] INFO django.server /Users/NETPHIX_DEV/Desktop/crypto-trading-broker/.venv/lib/python3.13/site-packages/django/core/servers/basehttp.py:213 - "GET /dashboard/transactions/ HTTP/1.1" 200 75755
[2025-11-30 11:40:45,955] INFO django.server /Users/NETPHIX_DEV/Desktop/crypto-trading-broker/.venv/lib/python3.13/site-packages/django/core/servers/basehttp.py:213 - "GET /static/assets/scripts/trading-single.js HTTP/1.1" 304 0
[2025-11-30 11:40:45,984] WARNING django.server /Users/NETPHIX_DEV/Desktop/crypto-trading-broker/.venv/lib/python3.13/site-packages/django/core/servers/basehttp.py:213 - "GET /.well-known/appspecific/com.chrome.devtools.json HTTP/1.1" 404 20299
[2025-11-30 11:40:46,599] INFO django.server /Users/NETPHIX_DEV/Desktop/crypto-trading-broker/.venv/lib/python3.13/site-packages/django/core/servers/basehttp.py:213 - "GET /api/v1/trading/config/ HTTP/1.1" 200 1299
[2025-11-30 11:40:46,720] INFO django.server /Users/NETPHIX_DEV/Desktop/crypto-trading-broker/.venv/lib/python3.13/site-packages/django/core/servers/basehttp.py:213 - "GET /api/v1/orders/trading_summary/ HTTP/1.1" 200 291
[2025-11-30 11:40:46,738] INFO django.server /Users/NETPHIX_DEV/Desktop/crypto-trading-broker/.venv/lib/python3.13/site-packages/django/core/servers/basehttp.py:213 - "GET /api/v1/positions/ HTTP/1.1" 200 3959
[2025-11-30 11:40:46,769] INFO django.server /Users/NETPHIX_DEV/Desktop/crypto-trading-broker/.venv/lib/python3.13/site-packages/django/core/servers/basehttp.py:213 - "GET /api/v1/orders/ HTTP/1.1" 200 14596
[2025-11-30 11:40:49,320] INFO django.server /Users/NETPHIX_DEV/Desktop/crypto-trading-broker/.venv/lib/python3.13/site-packages/django/core/servers/basehttp.py:213 - "GET /dashboard/transactions/ HTTP/1.1" 200 75755
[2025-11-30 11:40:49,505] WARNING django.server /Users/NETPHIX_DEV/Desktop/crypto-trading-broker/.venv/lib/python3.13/site-packages/django/core/servers/basehttp.py:213 - "GET /.well-known/appspecific/com.chrome.devtools.json HTTP/1.1" 404 20299
[2025-11-30 11:40:49,839] INFO django.server /Users/NETPHIX_DEV/Desktop/crypto-trading-broker/.venv/lib/python3.13/site-packages/django/core/servers/basehttp.py:213 - "GET /api/v1/trading/config/ HTTP/1.1" 200 1299
[2025-11-30 11:40:49,961] INFO django.server /Users/NETPHIX_DEV/Desktop/crypto-trading-broker/.venv/lib/python3.13/site-packages/django/core/servers/basehttp.py:213 - "GET /api/v1/orders/trading_summary/ HTTP/1.1" 200 291
[2025-11-30 11:40:49,976] INFO django.server /Users/NETPHIX_DEV/Desktop/crypto-trading-broker/.venv/lib/python3.13/site-packages/django/core/servers/basehttp.py:213 - "GET /api/v1/positions/ HTTP/1.1" 200 3959
[2025-11-30 11:40:50,004] INFO django.server /Users/NETPHIX_DEV/Desktop/crypto-trading-broker/.venv/lib/python3.13/site-packages/django/core/servers/basehttp.py:213 - "GET /api/v1/orders/ HTTP/1.1" 200 14596
[2025-11-30 11:41:16,613] WARNING django.server /Users/NETPHIX_DEV/Desktop/crypto-trading-broker/.venv/lib/python3.13/site-packages/django/core/servers/basehttp.py:213 - "GET /.well-known/appspecific/com.chrome.devtools.json HTTP/1.1" 404 20299
[2025-11-30 11:45:02,448] INFO django.utils.autoreload /Users/NETPHIX_DEV/Desktop/crypto-trading-broker/.venv/lib/python3.13/site-packages/django/utils/autoreload.py:265 - /Users/NETPHIX_DEV/Desktop/crypto-trading-broker/trading/models.py changed, reloading.
[2025-11-30 11:45:02,465] INFO django.utils.autoreload /Users/NETPHIX_DEV/Desktop/crypto-trading-broker/.venv/lib/python3.13/site-packages/django/utils/autoreload.py:265 - /Users/NETPHIX_DEV/Desktop/crypto-trading-broker/trading/models.py changed, reloading.
[2025-11-30 11:45:04,522] INFO django.utils.autoreload /Users/NETPHIX_DEV/Desktop/crypto-trading-broker/.venv/lib/python3.13/site-packages/django/utils/autoreload.py:667 - Watching for file changes with StatReloader
[2025-11-30 11:45:04,523] INFO django.utils.autoreload /Users/NETPHIX_DEV/Desktop/crypto-trading-broker/.venv/lib/python3.13/site-packages/django/utils/autoreload.py:667 - Watching for file changes with StatReloader
[2025-11-30 11:45:24,308] INFO django.utils.autoreload /Users/NETPHIX_DEV/Desktop/crypto-trading-broker/.venv/lib/python3.13/site-packages/django/utils/autoreload.py:667 - Watching for file changes with StatReloader
[2025-11-30 11:45:31,357] INFO django.utils.autoreload /Users/NETPHIX_DEV/Desktop/crypto-trading-broker/.venv/lib/python3.13/site-packages/django/utils/autoreload.py:265 - /Users/NETPHIX_DEV/Desktop/crypto-trading-broker/trading/models.py changed, reloading.
[2025-11-30 11:45:31,479] INFO django.utils.autoreload /Users/NETPHIX_DEV/Desktop/crypto-trading-broker/.venv/lib/python3.13/site-packages/django/utils/autoreload.py:265 - /Users/NETPHIX_DEV/Desktop/crypto-trading-broker/trading/models.py changed, reloading.
[2025-11-30 11:45:32,549] INFO django.utils.autoreload /Users/NETPHIX_DEV/Desktop/crypto-trading-broker/.venv/lib/python3.13/site-packages/django/utils/autoreload.py:667 - Watching for file changes with StatReloader
[2025-11-30 11:45:32,634] INFO django.utils.autoreload /Users/NETPHIX_DEV/Desktop/crypto-trading-broker/.venv/lib/python3.13/site-packages/django/utils/autoreload.py:667 - Watching for file changes with StatReloader
[2025-11-30 11:45:57,300] ERROR django.server /Users/NETPHIX_DEV/Desktop/crypto-trading-broker/.venv/lib/python3.13/site-packages/django/core/servers/basehttp.py:213 - "GET /admin/trading/transaction/ HTTP/1.1" 500 226040
[2025-11-30 11:46:08,331] INFO django.utils.autoreload /Users/NETPHIX_DEV/Desktop/crypto-trading-broker/.venv/lib/python3.13/site-packages/django/utils/autoreload.py:265 - /Users/NETPHIX_DEV/Desktop/crypto-trading-broker/trading/models.py changed, reloading.
[2025-11-30 11:46:08,827] INFO django.utils.autoreload /Users/NETPHIX_DEV/Desktop/crypto-trading-broker/.venv/lib/python3.13/site-packages/django/utils/autoreload.py:265 - /Users/NETPHIX_DEV/Desktop/crypto-trading-broker/trading/models.py changed, reloading.
[2025-11-30 11:46:10,105] INFO django.utils.autoreload /Users/NETPHIX_DEV/Desktop/crypto-trading-broker/.venv/lib/python3.13/site-packages/django/utils/autoreload.py:667 - Watching for file changes with StatReloader
[2025-11-30 11:46:10,254] INFO django.utils.autoreload /Users/NETPHIX_DEV/Desktop/crypto-trading-broker/.venv/lib/python3.13/site-packages/django/utils/autoreload.py:667 - Watching for file changes with StatReloader
[2025-11-30 11:46:14,195] INFO django.server /Users/NETPHIX_DEV/Desktop/crypto-trading-broker/.venv/lib/python3.13/site-packages/django/core/servers/basehttp.py:213 - "GET /admin/trading/transaction/ HTTP/1.1" 200 52681
[2025-11-30 11:46:14,222] INFO django.server /Users/NETPHIX_DEV/Desktop/crypto-trading-broker/.venv/lib/python3.13/site-packages/django/core/servers/basehttp.py:213 - "GET /static/vendor/fontawesome-free/css/all.min.css HTTP/1.1" 304 0
[2025-11-30 11:46:14,231] INFO django.server /Users/NETPHIX_DEV/Desktop/crypto-trading-broker/.venv/lib/python3.13/site-packages/django/core/servers/basehttp.py:213 - "GET /static/jazzmin/js/main.js HTTP/1.1" 304 0
[2025-11-30 11:46:14,234] INFO django.server /Users/NETPHIX_DEV/Desktop/crypto-trading-broker/.venv/lib/python3.13/site-packages/django/core/servers/basehttp.py:213 - "GET /static/jazzmin/css/main.css HTTP/1.1" 304 0
[2025-11-30 11:46:14,237] INFO django.server /Users/NETPHIX_DEV/Desktop/crypto-trading-broker/.venv/lib/python3.13/site-packages/django/core/servers/basehttp.py:213 - "GET /static/vendor/adminlte/js/adminlte.min.js HTTP/1.1" 304 0
[2025-11-30 11:46:14,238] INFO django.server /Users/NETPHIX_DEV/Desktop/crypto-trading-broker/.venv/lib/python3.13/site-packages/django/core/servers/basehttp.py:213 - "GET /static/vendor/select2/css/select2.min.css HTTP/1.1" 304 0
[2025-11-30 11:46:14,239] INFO django.server /Users/NETPHIX_DEV/Desktop/crypto-trading-broker/.venv/lib/python3.13/site-packages/django/core/servers/basehttp.py:213 - "GET /static/vendor/adminlte/img/AdminLTELogo.png HTTP/1.1" 304 0
[2025-11-30 11:46:14,241] INFO django.server /Users/NETPHIX_DEV/Desktop/crypto-trading-broker/.venv/lib/python3.13/site-packages/django/core/servers/basehttp.py:213 - "GET /static/vendor/select2/js/select2.min.js HTTP/1.1" 304 0
[2025-11-30 11:46:14,242] INFO django.server /Users/NETPHIX_DEV/Desktop/crypto-trading-broker/.venv/lib/python3.13/site-packages/django/core/servers/basehttp.py:213 - "GET /static/vendor/adminlte/css/adminlte.min.css HTTP/1.1" 304 0
[2025-11-30 11:46:14,242] INFO django.server /Users/NETPHIX_DEV/Desktop/crypto-trading-broker/.venv/lib/python3.13/site-packages/django/core/servers/basehttp.py:213 - "GET /static/jazzmin/js/change_list.js HTTP/1.1" 304 0
[2025-11-30 11:46:14,242] INFO django.server /Users/NETPHIX_DEV/Desktop/crypto-trading-broker/.venv/lib/python3.13/site-packages/django/core/servers/basehttp.py:213 - "GET /static/vendor/bootstrap/js/bootstrap.min.js HTTP/1.1" 304 0
[2025-11-30 11:46:14,248] INFO django.server /Users/NETPHIX_DEV/Desktop/crypto-trading-broker/.venv/lib/python3.13/site-packages/django/core/servers/basehttp.py:213 - "GET /admin/jsi18n/ HTTP/1.1" 200 3342
[2025-11-30 11:46:14,362] INFO django.server /Users/NETPHIX_DEV/Desktop/crypto-trading-broker/.venv/lib/python3.13/site-packages/django/core/servers/basehttp.py:213 - "GET /static/vendor/fontawesome-free/webfonts/fa-regular-400.woff2 HTTP/1.1" 304 0
[2025-11-30 11:46:14,362] INFO django.server /Users/NETPHIX_DEV/Desktop/crypto-trading-broker/.venv/lib/python3.13/site-packages/django/core/servers/basehttp.py:213 - "GET /static/vendor/fontawesome-free/webfonts/fa-solid-900.woff2 HTTP/1.1" 304 0
[2025-11-30 11:48:15,852] INFO django.utils.autoreload /Users/NETPHIX_DEV/Desktop/crypto-trading-broker/.venv/lib/python3.13/site-packages/django/utils/autoreload.py:265 - /Users/NETPHIX_DEV/Desktop/crypto-trading-broker/trading/models.py changed, reloading.
[2025-11-30 11:48:16,019] INFO django.utils.autoreload /Users/NETPHIX_DEV/Desktop/crypto-trading-broker/.venv/lib/python3.13/site-packages/django/utils/autoreload.py:265 - /Users/NETPHIX_DEV/Desktop/crypto-trading-broker/trading/models.py changed, reloading.
[2025-11-30 11:48:17,470] INFO django.utils.autoreload /Users/NETPHIX_DEV/Desktop/crypto-trading-broker/.venv/lib/python3.13/site-packages/django/utils/autoreload.py:667 - Watching for file changes with StatReloader
[2025-11-30 11:48:17,476] INFO django.utils.autoreload /Users/NETPHIX_DEV/Desktop/crypto-trading-broker/.venv/lib/python3.13/site-packages/django/utils/autoreload.py:667 - Watching for file changes with StatReloader
[2025-11-30 11:49:42,328] INFO django.utils.autoreload /Users/NETPHIX_DEV/Desktop/crypto-trading-broker/.venv/lib/python3.13/site-packages/django/utils/autoreload.py:265 - /Users/NETPHIX_DEV/Desktop/crypto-trading-broker/trading/views.py changed, reloading.
[2025-11-30 11:49:42,339] INFO django.utils.autoreload /Users/NETPHIX_DEV/Desktop/crypto-trading-broker/.venv/lib/python3.13/site-packages/django/utils/autoreload.py:265 - /Users/NETPHIX_DEV/Desktop/crypto-trading-broker/trading/views.py changed, reloading.
[2025-11-30 11:49:44,470] INFO django.utils.autoreload /Users/NETPHIX_DEV/Desktop/crypto-trading-broker/.venv/lib/python3.13/site-packages/django/utils/autoreload.py:667 - Watching for file changes with StatReloader
[2025-11-30 11:49:44,470] INFO django.utils.autoreload /Users/NETPHIX_DEV/Desktop/crypto-trading-broker/.venv/lib/python3.13/site-packages/django/utils/autoreload.py:667 - Watching for file changes with StatReloader
[2025-11-30 11:51:19,138] INFO django.utils.autoreload /Users/NETPHIX_DEV/Desktop/crypto-trading-broker/.venv/lib/python3.13/site-packages/django/utils/autoreload.py:265 - /Users/NETPHIX_DEV/Desktop/crypto-trading-broker/trading/views.py changed, reloading.
[2025-11-30 11:51:19,154] INFO django.utils.autoreload /Users/NETPHIX_DEV/Desktop/crypto-trading-broker/.venv/lib/python3.13/site-packages/django/utils/autoreload.py:265 - /Users/NETPHIX_DEV/Desktop/crypto-trading-broker/trading/views.py changed, reloading.
[2025-11-30 11:51:20,860] INFO django.utils.autoreload /Users/NETPHIX_DEV/Desktop/crypto-trading-broker/.venv/lib/python3.13/site-packages/django/utils/autoreload.py:667 - Watching for file changes with StatReloader
[2025-11-30 11:51:20,861] INFO django.utils.autoreload /Users/NETPHIX_DEV/Desktop/crypto-trading-broker/.venv/lib/python3.13/site-packages/django/utils/autoreload.py:667 - Watching for file changes with StatReloader
[2025-11-30 11:51:38,188] INFO django.utils.autoreload /Users/NETPHIX_DEV/Desktop/crypto-trading-broker/.venv/lib/python3.13/site-packages/django/utils/autoreload.py:667 - Watching for file changes with StatReloader
[2025-11-30 11:52:08,060] INFO django.server /Users/NETPHIX_DEV/Desktop/crypto-trading-broker/.venv/lib/python3.13/site-packages/django/core/servers/basehttp.py:213 - "GET /dashboard/trading-view/13/ HTTP/1.1" 200 118715
[2025-11-30 11:52:08,238] WARNING django.server /Users/NETPHIX_DEV/Desktop/crypto-trading-broker/.venv/lib/python3.13/site-packages/django/core/servers/basehttp.py:213 - "GET /.well-known/appspecific/com.chrome.devtools.json HTTP/1.1" 404 20299
[2025-11-30 11:52:08,825] INFO django.server /Users/NETPHIX_DEV/Desktop/crypto-trading-broker/.venv/lib/python3.13/site-packages/django/core/servers/basehttp.py:213 - "GET /static/assets/scripts/api.js HTTP/1.1" 200 32324
[2025-11-30 11:52:08,829] INFO django.server /Users/NETPHIX_DEV/Desktop/crypto-trading-broker/.venv/lib/python3.13/site-packages/django/core/servers/basehttp.py:213 - "GET /static/assets/scripts/order-handler.js HTTP/1.1" 200 16489
[2025-11-30 11:52:08,835] INFO django.server /Users/NETPHIX_DEV/Desktop/crypto-trading-broker/.venv/lib/python3.13/site-packages/django/core/servers/basehttp.py:213 - "GET /static/assets/scripts/trading-single.js HTTP/1.1" 200 41996
[2025-11-30 11:52:10,059] INFO django.server /Users/NETPHIX_DEV/Desktop/crypto-trading-broker/.venv/lib/python3.13/site-packages/django/core/servers/basehttp.py:213 - "GET /api/v1/trading/config/ HTTP/1.1" 200 1299
[2025-11-30 11:52:10,153] INFO django.server /Users/NETPHIX_DEV/Desktop/crypto-trading-broker/.venv/lib/python3.13/site-packages/django/core/servers/basehttp.py:213 - "GET /api/v1/orders/trading_summary/ HTTP/1.1" 200 291
[2025-11-30 11:52:10,174] INFO django.server /Users/NETPHIX_DEV/Desktop/crypto-trading-broker/.venv/lib/python3.13/site-packages/django/core/servers/basehttp.py:213 - "GET /api/v1/positions/ HTTP/1.1" 200 3959
[2025-11-30 11:52:10,219] INFO django.server /Users/NETPHIX_DEV/Desktop/crypto-trading-broker/.venv/lib/python3.13/site-packages/django/core/servers/basehttp.py:213 - "GET /api/v1/orders/ HTTP/1.1" 200 14596
[2025-11-30 11:52:10,233] INFO django.server /Users/NETPHIX_DEV/Desktop/crypto-trading-broker/.venv/lib/python3.13/site-packages/django/core/servers/basehttp.py:213 - "GET /api/v1/trading-pairs/13/ HTTP/1.1" 200 550
[2025-11-30 11:52:12,054] INFO django.server /Users/NETPHIX_DEV/Desktop/crypto-trading-broker/.venv/lib/python3.13/site-packages/django/core/servers/basehttp.py:213 - "GET /static/assets/img/XoR8MfdPTzQDfF4JVKuMIQhGj8HmCdPoBxveN4vK.png HTTP/1.1" 200 8868
[2025-11-30 11:52:14,834] INFO django.server /Users/NETPHIX_DEV/Desktop/crypto-trading-broker/.venv/lib/python3.13/site-packages/django/core/servers/basehttp.py:213 - "GET /api/v1/trading-pairs/13/market_data/ HTTP/1.1" 200 347
[2025-11-30 11:52:14,864] INFO django.server /Users/NETPHIX_DEV/Desktop/crypto-trading-broker/.venv/lib/python3.13/site-packages/django/core/servers/basehttp.py:213 - "GET /api/v1/accounts/balance/ HTTP/1.1" 200 353
[2025-11-30 11:52:14,916] INFO django.server /Users/NETPHIX_DEV/Desktop/crypto-trading-broker/.venv/lib/python3.13/site-packages/django/core/servers/basehttp.py:213 - "GET /api/v1/positions/ HTTP/1.1" 200 3959
[2025-11-30 11:52:14,971] INFO django.server /Users/NETPHIX_DEV/Desktop/crypto-trading-broker/.venv/lib/python3.13/site-packages/django/core/servers/basehttp.py:213 - "GET /api/v1/orders/ HTTP/1.1" 200 14596
[2025-11-30 11:52:15,022] INFO django.server /Users/NETPHIX_DEV/Desktop/crypto-trading-broker/.venv/lib/python3.13/site-packages/django/core/servers/basehttp.py:213 - "GET /api/v1/transactions/ HTTP/1.1" 200 2398
[2025-11-30 11:54:36,512] INFO django.utils.autoreload /Users/NETPHIX_DEV/Desktop/crypto-trading-broker/.venv/lib/python3.13/site-packages/django/utils/autoreload.py:265 - /Users/NETPHIX_DEV/Desktop/crypto-trading-broker/trading/views.py changed, reloading.
[2025-11-30 11:54:36,520] INFO django.utils.autoreload /Users/NETPHIX_DEV/Desktop/crypto-trading-broker/.venv/lib/python3.13/site-packages/django/utils/autoreload.py:265 - /Users/NETPHIX_DEV/Desktop/crypto-trading-broker/trading/views.py changed, reloading.
[2025-11-30 11:54:39,001] INFO django.utils.autoreload /Users/NETPHIX_DEV/Desktop/crypto-trading-broker/.venv/lib/python3.13/site-packages/django/utils/autoreload.py:667 - Watching for file changes with StatReloader
[2025-11-30 11:54:39,001] INFO django.utils.autoreload /Users/NETPHIX_DEV/Desktop/crypto-trading-broker/.venv/lib/python3.13/site-packages/django/utils/autoreload.py:667 - Watching for file changes with StatReloader
[2025-11-30 11:54:44,274] INFO django.server /Users/NETPHIX_DEV/Desktop/crypto-trading-broker/.venv/lib/python3.13/site-packages/django/core/servers/basehttp.py:213 - "GET /dashboard/trading-view/13/ HTTP/1.1" 200 118715
[2025-11-30 11:54:44,430] WARNING django.server /Users/NETPHIX_DEV/Desktop/crypto-trading-broker/.venv/lib/python3.13/site-packages/django/core/servers/basehttp.py:213 - "GET /.well-known/appspecific/com.chrome.devtools.json HTTP/1.1" 404 20299
[2025-11-30 11:54:44,431] INFO django.server /Users/NETPHIX_DEV/Desktop/crypto-trading-broker/.venv/lib/python3.13/site-packages/django/core/servers/basehttp.py:213 - "GET /static/assets/scripts/trading-single.js HTTP/1.1" 304 0
[2025-11-30 11:54:45,075] INFO django.server /Users/NETPHIX_DEV/Desktop/crypto-trading-broker/.venv/lib/python3.13/site-packages/django/core/servers/basehttp.py:213 - "GET /api/v1/trading/config/ HTTP/1.1" 200 1299
[2025-11-30 11:54:45,233] INFO django.server /Users/NETPHIX_DEV/Desktop/crypto-trading-broker/.venv/lib/python3.13/site-packages/django/core/servers/basehttp.py:213 - "GET /api/v1/orders/trading_summary/ HTTP/1.1" 200 291
[2025-11-30 11:54:45,304] INFO django.server /Users/NETPHIX_DEV/Desktop/crypto-trading-broker/.venv/lib/python3.13/site-packages/django/core/servers/basehttp.py:213 - "GET /api/v1/positions/ HTTP/1.1" 200 3959
[2025-11-30 11:54:45,339] INFO django.server /Users/NETPHIX_DEV/Desktop/crypto-trading-broker/.venv/lib/python3.13/site-packages/django/core/servers/basehttp.py:213 - "GET /api/v1/orders/ HTTP/1.1" 200 14596
[2025-11-30 11:54:45,356] INFO django.server /Users/NETPHIX_DEV/Desktop/crypto-trading-broker/.venv/lib/python3.13/site-packages/django/core/servers/basehttp.py:213 - "GET /api/v1/trading-pairs/13/ HTTP/1.1" 200 550
[2025-11-30 11:54:50,164] INFO django.server /Users/NETPHIX_DEV/Desktop/crypto-trading-broker/.venv/lib/python3.13/site-packages/django/core/servers/basehttp.py:213 - "GET /api/v1/trading-pairs/13/market_data/ HTTP/1.1" 200 347
[2025-11-30 11:54:50,178] INFO django.server /Users/NETPHIX_DEV/Desktop/crypto-trading-broker/.venv/lib/python3.13/site-packages/django/core/servers/basehttp.py:213 - "GET /api/v1/accounts/balance/ HTTP/1.1" 200 353
[2025-11-30 11:54:50,217] INFO django.server /Users/NETPHIX_DEV/Desktop/crypto-trading-broker/.venv/lib/python3.13/site-packages/django/core/servers/basehttp.py:213 - "GET /api/v1/positions/ HTTP/1.1" 200 3959
[2025-11-30 11:54:50,244] INFO django.server /Users/NETPHIX_DEV/Desktop/crypto-trading-broker/.venv/lib/python3.13/site-packages/django/core/servers/basehttp.py:213 - "GET /api/v1/orders/ HTTP/1.1" 200 14596
[2025-11-30 11:54:50,291] INFO django.server /Users/NETPHIX_DEV/Desktop/crypto-trading-broker/.venv/lib/python3.13/site-packages/django/core/servers/basehttp.py:213 - "GET /api/v1/transactions/ HTTP/1.1" 200 2398
[2025-11-30 19:29:16,518] INFO django.utils.autoreload /Users/NETPHIX_DEV/Desktop/crypto-trading-broker/.venv/lib/python3.13/site-packages/django/utils/autoreload.py:265 - /Users/NETPHIX_DEV/Desktop/crypto-trading-broker/trading/views.py changed, reloading.
[2025-11-30 19:29:16,545] INFO django.utils.autoreload /Users/NETPHIX_DEV/Desktop/crypto-trading-broker/.venv/lib/python3.13/site-packages/django/utils/autoreload.py:265 - /Users/NETPHIX_DEV/Desktop/crypto-trading-broker/trading/views.py changed, reloading.
[2025-11-30 19:29:18,864] INFO django.utils.autoreload /Users/NETPHIX_DEV/Desktop/crypto-trading-broker/.venv/lib/python3.13/site-packages/django/utils/autoreload.py:667 - Watching for file changes with StatReloader
[2025-11-30 19:29:18,864] INFO django.utils.autoreload /Users/NETPHIX_DEV/Desktop/crypto-trading-broker/.venv/lib/python3.13/site-packages/django/utils/autoreload.py:667 - Watching for file changes with StatReloader
[2025-11-30 19:29:27,609] INFO django.server /Users/NETPHIX_DEV/Desktop/crypto-trading-broker/.venv/lib/python3.13/site-packages/django/core/servers/basehttp.py:213 - "GET /api/v1/transactions/?trading_pair=3 HTTP/1.1" 200 2398
[2025-11-30 19:29:36,938] INFO django.server /Users/NETPHIX_DEV/Desktop/crypto-trading-broker/.venv/lib/python3.13/site-packages/django/core/servers/basehttp.py:213 - "GET /api/v1/transactions/?trading_pair=4 HTTP/1.1" 200 52
[2025-11-30 19:29:42,863] INFO django.server /Users/NETPHIX_DEV/Desktop/crypto-trading-broker/.venv/lib/python3.13/site-packages/django/core/servers/basehttp.py:213 - "GET /api/v1/transactions/?trading_pair=3 HTTP/1.1" 200 2398
[2025-11-30 19:29:49,151] INFO django.utils.autoreload /Users/NETPHIX_DEV/Desktop/crypto-trading-broker/.venv/lib/python3.13/site-packages/django/utils/autoreload.py:265 - /Users/NETPHIX_DEV/Desktop/crypto-trading-broker/trading/views.py changed, reloading.
[2025-11-30 19:29:49,411] INFO django.utils.autoreload /Users/NETPHIX_DEV/Desktop/crypto-trading-broker/.venv/lib/python3.13/site-packages/django/utils/autoreload.py:265 - /Users/NETPHIX_DEV/Desktop/crypto-trading-broker/trading/views.py changed, reloading.
[2025-11-30 19:29:51,508] INFO django.utils.autoreload /Users/NETPHIX_DEV/Desktop/crypto-trading-broker/.venv/lib/python3.13/site-packages/django/utils/autoreload.py:667 - Watching for file changes with StatReloader
[2025-11-30 19:29:51,511] INFO django.utils.autoreload /Users/NETPHIX_DEV/Desktop/crypto-trading-broker/.venv/lib/python3.13/site-packages/django/utils/autoreload.py:667 - Watching for file changes with StatReloader
[2025-11-30 19:30:18,798] INFO django.utils.autoreload /Users/NETPHIX_DEV/Desktop/crypto-trading-broker/.venv/lib/python3.13/site-packages/django/utils/autoreload.py:265 - /Users/NETPHIX_DEV/Desktop/crypto-trading-broker/trading/views.py changed, reloading.
[2025-11-30 19:30:18,801] INFO django.utils.autoreload /Users/NETPHIX_DEV/Desktop/crypto-trading-broker/.venv/lib/python3.13/site-packages/django/utils/autoreload.py:265 - /Users/NETPHIX_DEV/Desktop/crypto-trading-broker/trading/views.py changed, reloading.
[2025-11-30 19:30:20,783] INFO django.utils.autoreload /Users/NETPHIX_DEV/Desktop/crypto-trading-broker/.venv/lib/python3.13/site-packages/django/utils/autoreload.py:667 - Watching for file changes with StatReloader
[2025-11-30 19:30:20,784] INFO django.utils.autoreload /Users/NETPHIX_DEV/Desktop/crypto-trading-broker/.venv/lib/python3.13/site-packages/django/utils/autoreload.py:667 - Watching for file changes with StatReloader
[2025-11-30 19:30:29,361] INFO django.utils.autoreload /Users/NETPHIX_DEV/Desktop/crypto-trading-broker/.venv/lib/python3.13/site-packages/django/utils/autoreload.py:265 - /Users/NETPHIX_DEV/Desktop/crypto-trading-broker/trading/views.py changed, reloading.
[2025-11-30 19:30:29,391] INFO django.utils.autoreload /Users/NETPHIX_DEV/Desktop/crypto-trading-broker/.venv/lib/python3.13/site-packages/django/utils/autoreload.py:265 - /Users/NETPHIX_DEV/Desktop/crypto-trading-broker/trading/views.py changed, reloading.
[2025-11-30 19:30:30,931] INFO django.utils.autoreload /Users/NETPHIX_DEV/Desktop/crypto-trading-broker/.venv/lib/python3.13/site-packages/django/utils/autoreload.py:667 - Watching for file changes with StatReloader
[2025-11-30 19:30:30,960] INFO django.utils.autoreload /Users/NETPHIX_DEV/Desktop/crypto-trading-broker/.venv/lib/python3.13/site-packages/django/utils/autoreload.py:667 - Watching for file changes with StatReloader
[2025-11-30 19:30:40,173] INFO django.utils.autoreload /Users/NETPHIX_DEV/Desktop/crypto-trading-broker/.venv/lib/python3.13/site-packages/django/utils/autoreload.py:265 - /Users/NETPHIX_DEV/Desktop/crypto-trading-broker/trading/views.py changed, reloading.
[2025-11-30 19:30:40,187] INFO django.utils.autoreload /Users/NETPHIX_DEV/Desktop/crypto-trading-broker/.venv/lib/python3.13/site-packages/django/utils/autoreload.py:265 - /Users/NETPHIX_DEV/Desktop/crypto-trading-broker/trading/views.py changed, reloading.
[2025-11-30 19:30:41,655] INFO django.utils.autoreload /Users/NETPHIX_DEV/Desktop/crypto-trading-broker/.venv/lib/python3.13/site-packages/django/utils/autoreload.py:667 - Watching for file changes with StatReloader
[2025-11-30 19:30:41,655] INFO django.utils.autoreload /Users/NETPHIX_DEV/Desktop/crypto-trading-broker/.venv/lib/python3.13/site-packages/django/utils/autoreload.py:667 - Watching for file changes with StatReloader
[2025-11-30 19:31:16,900] INFO django.server /Users/NETPHIX_DEV/Desktop/crypto-trading-broker/.venv/lib/python3.13/site-packages/django/core/servers/basehttp.py:213 - "GET /dashboard/trading-view/13/ HTTP/1.1" 200 118715
[2025-11-30 19:31:16,989] INFO django.server /Users/NETPHIX_DEV/Desktop/crypto-trading-broker/.venv/lib/python3.13/site-packages/django/core/servers/basehttp.py:213 - "GET /static/assets/scripts/order-handler.js HTTP/1.1" 304 0
[2025-11-30 19:31:16,992] INFO django.server /Users/NETPHIX_DEV/Desktop/crypto-trading-broker/.venv/lib/python3.13/site-packages/django/core/servers/basehttp.py:213 - "GET /static/assets/scripts/api.js HTTP/1.1" 304 0
[2025-11-30 19:31:16,995] INFO django.server /Users/NETPHIX_DEV/Desktop/crypto-trading-broker/.venv/lib/python3.13/site-packages/django/core/servers/basehttp.py:213 - "GET /static/assets/scripts/trading-single.js HTTP/1.1" 304 0
[2025-11-30 19:31:17,175] INFO django.server /Users/NETPHIX_DEV/Desktop/crypto-trading-broker/.venv/lib/python3.13/site-packages/django/core/servers/basehttp.py:213 - "GET /api/v1/trading/config/ HTTP/1.1" 200 1299
[2025-11-30 19:31:17,258] WARNING django.server /Users/NETPHIX_DEV/Desktop/crypto-trading-broker/.venv/lib/python3.13/site-packages/django/core/servers/basehttp.py:213 - "GET /.well-known/appspecific/com.chrome.devtools.json HTTP/1.1" 404 20299
[2025-11-30 19:31:17,290] INFO django.server /Users/NETPHIX_DEV/Desktop/crypto-trading-broker/.venv/lib/python3.13/site-packages/django/core/servers/basehttp.py:213 - "GET /api/v1/orders/trading_summary/ HTTP/1.1" 200 291
[2025-11-30 19:31:17,365] INFO django.server /Users/NETPHIX_DEV/Desktop/crypto-trading-broker/.venv/lib/python3.13/site-packages/django/core/servers/basehttp.py:213 - "GET /api/v1/positions/ HTTP/1.1" 200 3959
[2025-11-30 19:31:17,391] INFO django.server /Users/NETPHIX_DEV/Desktop/crypto-trading-broker/.venv/lib/python3.13/site-packages/django/core/servers/basehttp.py:213 - "GET /api/v1/orders/ HTTP/1.1" 200 14596
[2025-11-30 19:31:17,499] INFO django.server /Users/NETPHIX_DEV/Desktop/crypto-trading-broker/.venv/lib/python3.13/site-packages/django/core/servers/basehttp.py:213 - "GET /api/v1/trading-pairs/13/ HTTP/1.1" 200 550
[2025-11-30 19:31:18,777] ERROR django.server /Users/NETPHIX_DEV/Desktop/crypto-trading-broker/.venv/lib/python3.13/site-packages/django/core/servers/basehttp.py:213 - "GET /api/v1/trading-pairs/13/market_data/ HTTP/1.1" 500 107
[2025-11-30 19:31:18,795] INFO django.server /Users/NETPHIX_DEV/Desktop/crypto-trading-broker/.venv/lib/python3.13/site-packages/django/core/servers/basehttp.py:213 - "GET /api/v1/accounts/balance/ HTTP/1.1" 200 353
[2025-11-30 19:31:18,810] INFO django.server /Users/NETPHIX_DEV/Desktop/crypto-trading-broker/.venv/lib/python3.13/site-packages/django/core/servers/basehttp.py:213 - "GET /api/v1/positions/ HTTP/1.1" 200 3959
[2025-11-30 19:31:18,830] INFO django.server /Users/NETPHIX_DEV/Desktop/crypto-trading-broker/.venv/lib/python3.13/site-packages/django/core/servers/basehttp.py:213 - "GET /api/v1/orders/ HTTP/1.1" 200 14596
[2025-11-30 19:31:18,843] INFO django.server /Users/NETPHIX_DEV/Desktop/crypto-trading-broker/.venv/lib/python3.13/site-packages/django/core/servers/basehttp.py:213 - "GET /api/v1/transactions/ HTTP/1.1" 200 2398
[2025-11-30 19:33:54,526] INFO django.server /Users/NETPHIX_DEV/Desktop/crypto-trading-broker/.venv/lib/python3.13/site-packages/django/core/servers/basehttp.py:213 - "GET /dashboard/trading-view/13/ HTTP/1.1" 200 118715
[2025-11-30 19:33:54,647] WARNING django.server /Users/NETPHIX_DEV/Desktop/crypto-trading-broker/.venv/lib/python3.13/site-packages/django/core/servers/basehttp.py:213 - "GET /.well-known/appspecific/com.chrome.devtools.json HTTP/1.1" 404 20299
[2025-11-30 19:33:56,524] INFO django.server /Users/NETPHIX_DEV/Desktop/crypto-trading-broker/.venv/lib/python3.13/site-packages/django/core/servers/basehttp.py:213 - "GET /api/v1/trading/config/ HTTP/1.1" 200 1299
[2025-11-30 19:33:56,744] INFO django.server /Users/NETPHIX_DEV/Desktop/crypto-trading-broker/.venv/lib/python3.13/site-packages/django/core/servers/basehttp.py:213 - "GET /api/v1/orders/trading_summary/ HTTP/1.1" 200 291
[2025-11-30 19:33:56,770] INFO django.server /Users/NETPHIX_DEV/Desktop/crypto-trading-broker/.venv/lib/python3.13/site-packages/django/core/servers/basehttp.py:213 - "GET /api/v1/positions/ HTTP/1.1" 200 3959
[2025-11-30 19:33:56,798] INFO django.server /Users/NETPHIX_DEV/Desktop/crypto-trading-broker/.venv/lib/python3.13/site-packages/django/core/servers/basehttp.py:213 - "GET /api/v1/orders/ HTTP/1.1" 200 14596
[2025-11-30 19:33:56,833] INFO django.server /Users/NETPHIX_DEV/Desktop/crypto-trading-broker/.venv/lib/python3.13/site-packages/django/core/servers/basehttp.py:213 - "GET /api/v1/trading-pairs/13/ HTTP/1.1" 200 550
[2025-11-30 19:34:04,309] INFO django.server /Users/NETPHIX_DEV/Desktop/crypto-trading-broker/.venv/lib/python3.13/site-packages/django/core/servers/basehttp.py:213 - "GET /api/v1/trading-pairs/13/market_data/ HTTP/1.1" 200 347
[2025-11-30 19:34:04,333] INFO django.server /Users/NETPHIX_DEV/Desktop/crypto-trading-broker/.venv/lib/python3.13/site-packages/django/core/servers/basehttp.py:213 - "GET /api/v1/accounts/balance/ HTTP/1.1" 200 353
[2025-11-30 19:34:04,378] INFO django.server /Users/NETPHIX_DEV/Desktop/crypto-trading-broker/.venv/lib/python3.13/site-packages/django/core/servers/basehttp.py:213 - "GET /api/v1/positions/ HTTP/1.1" 200 3959
[2025-11-30 19:34:04,424] INFO django.server /Users/NETPHIX_DEV/Desktop/crypto-trading-broker/.venv/lib/python3.13/site-packages/django/core/servers/basehttp.py:213 - "GET /api/v1/orders/ HTTP/1.1" 200 14596
[2025-11-30 19:34:04,456] INFO django.server /Users/NETPHIX_DEV/Desktop/crypto-trading-broker/.venv/lib/python3.13/site-packages/django/core/servers/basehttp.py:213 - "GET /api/v1/transactions/ HTTP/1.1" 200 2398
[2025-11-30 20:02:03,959] INFO django.server /Users/NETPHIX_DEV/Desktop/crypto-trading-broker/.venv/lib/python3.13/site-packages/django/core/servers/basehttp.py:213 - "GET /dashboard/trading-view/13/ HTTP/1.1" 200 118715
[2025-11-30 20:02:04,224] WARNING django.server /Users/NETPHIX_DEV/Desktop/crypto-trading-broker/.venv/lib/python3.13/site-packages/django/core/servers/basehttp.py:213 - "GET /.well-known/appspecific/com.chrome.devtools.json HTTP/1.1" 404 20299
[2025-11-30 20:02:06,757] INFO django.server /Users/NETPHIX_DEV/Desktop/crypto-trading-broker/.venv/lib/python3.13/site-packages/django/core/servers/basehttp.py:213 - "GET /api/v1/trading/config/ HTTP/1.1" 200 1299
[2025-11-30 20:02:06,927] INFO django.server /Users/NETPHIX_DEV/Desktop/crypto-trading-broker/.venv/lib/python3.13/site-packages/django/core/servers/basehttp.py:213 - "GET /api/v1/orders/trading_summary/ HTTP/1.1" 200 291
[2025-11-30 20:02:06,963] INFO django.server /Users/NETPHIX_DEV/Desktop/crypto-trading-broker/.venv/lib/python3.13/site-packages/django/core/servers/basehttp.py:213 - "GET /api/v1/positions/ HTTP/1.1" 200 3959
[2025-11-30 20:02:07,012] INFO django.server /Users/NETPHIX_DEV/Desktop/crypto-trading-broker/.venv/lib/python3.13/site-packages/django/core/servers/basehttp.py:213 - "GET /api/v1/orders/ HTTP/1.1" 200 14596
[2025-11-30 20:02:07,044] INFO django.server /Users/NETPHIX_DEV/Desktop/crypto-trading-broker/.venv/lib/python3.13/site-packages/django/core/servers/basehttp.py:213 - "GET /api/v1/trading-pairs/13/ HTTP/1.1" 200 550
[2025-11-30 20:02:13,123] INFO django.server /Users/NETPHIX_DEV/Desktop/crypto-trading-broker/.venv/lib/python3.13/site-packages/django/core/servers/basehttp.py:213 - "GET /api/v1/trading-pairs/13/market_data/ HTTP/1.1" 200 347
[2025-11-30 20:02:13,136] INFO django.server /Users/NETPHIX_DEV/Desktop/crypto-trading-broker/.venv/lib/python3.13/site-packages/django/core/servers/basehttp.py:213 - "GET /api/v1/accounts/balance/ HTTP/1.1" 200 353
[2025-11-30 20:02:13,175] INFO django.server /Users/NETPHIX_DEV/Desktop/crypto-trading-broker/.venv/lib/python3.13/site-packages/django/core/servers/basehttp.py:213 - "GET /api/v1/positions/ HTTP/1.1" 200 3959
[2025-11-30 20:02:13,230] INFO django.server /Users/NETPHIX_DEV/Desktop/crypto-trading-broker/.venv/lib/python3.13/site-packages/django/core/servers/basehttp.py:213 - "GET /api/v1/orders/ HTTP/1.1" 200 14596
[2025-11-30 20:02:13,266] INFO django.server /Users/NETPHIX_DEV/Desktop/crypto-trading-broker/.venv/lib/python3.13/site-packages/django/core/servers/basehttp.py:213 - "GET /api/v1/transactions/ HTTP/1.1" 200 2398
[2025-11-30 20:03:20,228] INFO django.server /Users/NETPHIX_DEV/Desktop/crypto-trading-broker/.venv/lib/python3.13/site-packages/django/core/servers/basehttp.py:213 - "GET /api/v1/transactions/?trading_pair=2 HTTP/1.1" 200 52
[2025-11-30 20:05:39,412] INFO django.server /Users/NETPHIX_DEV/Desktop/crypto-trading-broker/.venv/lib/python3.13/site-packages/django/core/servers/basehttp.py:213 - "GET /dashboard/trading HTTP/1.1" 200 87018
[2025-11-30 20:05:39,556] INFO django.server /Users/NETPHIX_DEV/Desktop/crypto-trading-broker/.venv/lib/python3.13/site-packages/django/core/servers/basehttp.py:213 - "GET /static/assets/scripts/trading-handler.js HTTP/1.1" 304 0
[2025-11-30 20:05:39,593] WARNING django.server /Users/NETPHIX_DEV/Desktop/crypto-trading-broker/.venv/lib/python3.13/site-packages/django/core/servers/basehttp.py:213 - "GET /.well-known/appspecific/com.chrome.devtools.json HTTP/1.1" 404 20299
[2025-11-30 20:05:40,413] INFO django.server /Users/NETPHIX_DEV/Desktop/crypto-trading-broker/.venv/lib/python3.13/site-packages/django/core/servers/basehttp.py:213 - "GET /api/v1/trading-pairs/ HTTP/1.1" 200 92358
[2025-11-30 20:05:41,134] INFO django.server /Users/NETPHIX_DEV/Desktop/crypto-trading-broker/.venv/lib/python3.13/site-packages/django/core/servers/basehttp.py:213 - "GET /api/v1/trading-pairs/market_status/ HTTP/1.1" 200 594
[2025-11-30 20:05:44,580] INFO django.server /Users/NETPHIX_DEV/Desktop/crypto-trading-broker/.venv/lib/python3.13/site-packages/django/core/servers/basehttp.py:213 - "GET /dashboard/trading-view/15/ HTTP/1.1" 200 118715
[2025-11-30 20:05:44,697] WARNING django.server /Users/NETPHIX_DEV/Desktop/crypto-trading-broker/.venv/lib/python3.13/site-packages/django/core/servers/basehttp.py:213 - "GET /.well-known/appspecific/com.chrome.devtools.json HTTP/1.1" 404 20299
[2025-11-30 20:05:45,180] INFO django.server /Users/NETPHIX_DEV/Desktop/crypto-trading-broker/.venv/lib/python3.13/site-packages/django/core/servers/basehttp.py:213 - "GET /api/v1/trading/config/ HTTP/1.1" 200 1299
[2025-11-30 20:05:45,345] INFO django.server /Users/NETPHIX_DEV/Desktop/crypto-trading-broker/.venv/lib/python3.13/site-packages/django/core/servers/basehttp.py:213 - "GET /api/v1/orders/trading_summary/ HTTP/1.1" 200 291
[2025-11-30 20:05:45,392] INFO django.server /Users/NETPHIX_DEV/Desktop/crypto-trading-broker/.venv/lib/python3.13/site-packages/django/core/servers/basehttp.py:213 - "GET /api/v1/positions/ HTTP/1.1" 200 3959
[2025-11-30 20:05:45,423] INFO django.server /Users/NETPHIX_DEV/Desktop/crypto-trading-broker/.venv/lib/python3.13/site-packages/django/core/servers/basehttp.py:213 - "GET /api/v1/orders/ HTTP/1.1" 200 14596
[2025-11-30 20:05:45,447] INFO django.server /Users/NETPHIX_DEV/Desktop/crypto-trading-broker/.venv/lib/python3.13/site-packages/django/core/servers/basehttp.py:213 - "GET /api/v1/trading-pairs/15/ HTTP/1.1" 200 556
[2025-11-30 20:05:51,138] INFO django.server /Users/NETPHIX_DEV/Desktop/crypto-trading-broker/.venv/lib/python3.13/site-packages/django/core/servers/basehttp.py:213 - "GET /api/v1/trading-pairs/15/market_data/ HTTP/1.1" 200 292
[2025-11-30 20:05:51,153] INFO django.server /Users/NETPHIX_DEV/Desktop/crypto-trading-broker/.venv/lib/python3.13/site-packages/django/core/servers/basehttp.py:213 - "GET /api/v1/accounts/balance/ HTTP/1.1" 200 353
[2025-11-30 20:05:51,207] INFO django.server /Users/NETPHIX_DEV/Desktop/crypto-trading-broker/.venv/lib/python3.13/site-packages/django/core/servers/basehttp.py:213 - "GET /api/v1/positions/ HTTP/1.1" 200 3959
[2025-11-30 20:05:51,267] INFO django.server /Users/NETPHIX_DEV/Desktop/crypto-trading-broker/.venv/lib/python3.13/site-packages/django/core/servers/basehttp.py:213 - "GET /api/v1/orders/ HTTP/1.1" 200 14596
[2025-11-30 20:05:51,312] INFO django.server /Users/NETPHIX_DEV/Desktop/crypto-trading-broker/.venv/lib/python3.13/site-packages/django/core/servers/basehttp.py:213 - "GET /api/v1/transactions/ HTTP/1.1" 200 2398
[2025-11-30 20:05:56,442] INFO django.server /Users/NETPHIX_DEV/Desktop/crypto-trading-broker/.venv/lib/python3.13/site-packages/django/core/servers/basehttp.py:213 - "GET /api/v1/transactions/?trading_pair=15 HTTP/1.1" 200 52
[2025-11-30 20:05:58,602] INFO django.server /Users/NETPHIX_DEV/Desktop/crypto-trading-broker/.venv/lib/python3.13/site-packages/django/core/servers/basehttp.py:213 - "GET /api/v1/transactions/?trading_pair=15 HTTP/1.1" 200 52
[2025-11-30 20:07:32,158] INFO django.server /Users/NETPHIX_DEV/Desktop/crypto-trading-broker/.venv/lib/python3.13/site-packages/django/core/servers/basehttp.py:213 - "GET /api/v1/trading-pairs/ HTTP/1.1" 200 92358
[2025-11-30 20:07:32,438] WARNING django.server /Users/NETPHIX_DEV/Desktop/crypto-trading-broker/.venv/lib/python3.13/site-packages/django/core/servers/basehttp.py:213 - "GET /.well-known/appspecific/com.chrome.devtools.json HTTP/1.1" 404 20299
[2025-11-30 20:07:32,797] WARNING django.server /Users/NETPHIX_DEV/Desktop/crypto-trading-broker/.venv/lib/python3.13/site-packages/django/core/servers/basehttp.py:213 - "GET /.well-known/appspecific/com.chrome.devtools.json HTTP/1.1" 404 20299
[2025-11-30 20:07:35,368] INFO django.server /Users/NETPHIX_DEV/Desktop/crypto-trading-broker/.venv/lib/python3.13/site-packages/django/core/servers/basehttp.py:213 - "GET /dashboard/trading HTTP/1.1" 200 87018
[2025-11-30 20:07:36,537] INFO django.server /Users/NETPHIX_DEV/Desktop/crypto-trading-broker/.venv/lib/python3.13/site-packages/django/core/servers/basehttp.py:213 - "GET /api/v1/trading-pairs/ HTTP/1.1" 200 92358
[2025-11-30 20:07:37,229] INFO django.server /Users/NETPHIX_DEV/Desktop/crypto-trading-broker/.venv/lib/python3.13/site-packages/django/core/servers/basehttp.py:213 - "GET /api/v1/trading-pairs/market_status/ HTTP/1.1" 200 594
[2025-11-30 20:07:37,455] WARNING django.server /Users/NETPHIX_DEV/Desktop/crypto-trading-broker/.venv/lib/python3.13/site-packages/django/core/servers/basehttp.py:213 - "GET /.well-known/appspecific/com.chrome.devtools.json HTTP/1.1" 404 20299
[2025-11-30 20:07:40,582] INFO django.server /Users/NETPHIX_DEV/Desktop/crypto-trading-broker/.venv/lib/python3.13/site-packages/django/core/servers/basehttp.py:213 - "GET /dashboard/trading-view/3/ HTTP/1.1" 200 118715
[2025-11-30 20:07:40,743] WARNING django.server /Users/NETPHIX_DEV/Desktop/crypto-trading-broker/.venv/lib/python3.13/site-packages/django/core/servers/basehttp.py:213 - "GET /.well-known/appspecific/com.chrome.devtools.json HTTP/1.1" 404 20299
[2025-11-30 20:07:41,061] INFO django.server /Users/NETPHIX_DEV/Desktop/crypto-trading-broker/.venv/lib/python3.13/site-packages/django/core/servers/basehttp.py:213 - "GET /api/v1/trading/config/ HTTP/1.1" 200 1299
[2025-11-30 20:07:41,186] INFO django.server /Users/NETPHIX_DEV/Desktop/crypto-trading-broker/.venv/lib/python3.13/site-packages/django/core/servers/basehttp.py:213 - "GET /api/v1/orders/trading_summary/ HTTP/1.1" 200 291
[2025-11-30 20:07:41,207] INFO django.server /Users/NETPHIX_DEV/Desktop/crypto-trading-broker/.venv/lib/python3.13/site-packages/django/core/servers/basehttp.py:213 - "GET /api/v1/positions/ HTTP/1.1" 200 3959
[2025-11-30 20:07:41,234] INFO django.server /Users/NETPHIX_DEV/Desktop/crypto-trading-broker/.venv/lib/python3.13/site-packages/django/core/servers/basehttp.py:213 - "GET /api/v1/orders/ HTTP/1.1" 200 14596
[2025-11-30 20:07:41,259] INFO django.server /Users/NETPHIX_DEV/Desktop/crypto-trading-broker/.venv/lib/python3.13/site-packages/django/core/servers/basehttp.py:213 - "GET /api/v1/trading-pairs/3/ HTTP/1.1" 200 569
[2025-11-30 20:07:43,529] INFO django.server /Users/NETPHIX_DEV/Desktop/crypto-trading-broker/.venv/lib/python3.13/site-packages/django/core/servers/basehttp.py:213 - "GET /api/v1/trading-pairs/3/market_data/ HTTP/1.1" 200 329
[2025-11-30 20:07:43,547] INFO django.server /Users/NETPHIX_DEV/Desktop/crypto-trading-broker/.venv/lib/python3.13/site-packages/django/core/servers/basehttp.py:213 - "GET /api/v1/accounts/balance/ HTTP/1.1" 200 353
[2025-11-30 20:07:43,596] INFO django.server /Users/NETPHIX_DEV/Desktop/crypto-trading-broker/.venv/lib/python3.13/site-packages/django/core/servers/basehttp.py:213 - "GET /api/v1/positions/ HTTP/1.1" 200 3959
[2025-11-30 20:07:43,645] INFO django.server /Users/NETPHIX_DEV/Desktop/crypto-trading-broker/.venv/lib/python3.13/site-packages/django/core/servers/basehttp.py:213 - "GET /api/v1/orders/ HTTP/1.1" 200 14596
[2025-11-30 20:07:43,694] INFO django.server /Users/NETPHIX_DEV/Desktop/crypto-trading-broker/.venv/lib/python3.13/site-packages/django/core/servers/basehttp.py:213 - "GET /api/v1/transactions/ HTTP/1.1" 200 2398
[2025-11-30 20:08:11,525] INFO django.server /Users/NETPHIX_DEV/Desktop/crypto-trading-broker/.venv/lib/python3.13/site-packages/django/core/servers/basehttp.py:213 - "GET /dashboard/trading-view/3/ HTTP/1.1" 200 118387
[2025-11-30 20:08:11,628] WARNING django.server /Users/NETPHIX_DEV/Desktop/crypto-trading-broker/.venv/lib/python3.13/site-packages/django/core/servers/basehttp.py:213 - "GET /.well-known/appspecific/com.chrome.devtools.json HTTP/1.1" 404 20299
[2025-11-30 20:08:12,208] INFO django.server /Users/NETPHIX_DEV/Desktop/crypto-trading-broker/.venv/lib/python3.13/site-packages/django/core/servers/basehttp.py:213 - "GET /api/v1/trading/config/ HTTP/1.1" 200 1299
[2025-11-30 20:08:12,365] INFO django.server /Users/NETPHIX_DEV/Desktop/crypto-trading-broker/.venv/lib/python3.13/site-packages/django/core/servers/basehttp.py:213 - "GET /api/v1/orders/trading_summary/ HTTP/1.1" 200 291
[2025-11-30 20:08:12,399] INFO django.server /Users/NETPHIX_DEV/Desktop/crypto-trading-broker/.venv/lib/python3.13/site-packages/django/core/servers/basehttp.py:213 - "GET /api/v1/positions/ HTTP/1.1" 200 3959
[2025-11-30 20:08:12,437] INFO django.server /Users/NETPHIX_DEV/Desktop/crypto-trading-broker/.venv/lib/python3.13/site-packages/django/core/servers/basehttp.py:213 - "GET /api/v1/orders/ HTTP/1.1" 200 14596
[2025-11-30 20:08:12,462] INFO django.server /Users/NETPHIX_DEV/Desktop/crypto-trading-broker/.venv/lib/python3.13/site-packages/django/core/servers/basehttp.py:213 - "GET /api/v1/trading-pairs/3/ HTTP/1.1" 200 569
[2025-11-30 20:08:14,234] INFO django.server /Users/NETPHIX_DEV/Desktop/crypto-trading-broker/.venv/lib/python3.13/site-packages/django/core/servers/basehttp.py:213 - "GET /api/v1/trading-pairs/3/market_data/ HTTP/1.1" 200 329
[2025-11-30 20:08:14,251] INFO django.server /Users/NETPHIX_DEV/Desktop/crypto-trading-broker/.venv/lib/python3.13/site-packages/django/core/servers/basehttp.py:213 - "GET /api/v1/accounts/balance/ HTTP/1.1" 200 353
[2025-11-30 20:08:14,300] INFO django.server /Users/NETPHIX_DEV/Desktop/crypto-trading-broker/.venv/lib/python3.13/site-packages/django/core/servers/basehttp.py:213 - "GET /api/v1/positions/ HTTP/1.1" 200 3959
[2025-11-30 20:08:14,355] INFO django.server /Users/NETPHIX_DEV/Desktop/crypto-trading-broker/.venv/lib/python3.13/site-packages/django/core/servers/basehttp.py:213 - "GET /api/v1/orders/ HTTP/1.1" 200 14596
[2025-11-30 20:08:14,394] INFO django.server /Users/NETPHIX_DEV/Desktop/crypto-trading-broker/.venv/lib/python3.13/site-packages/django/core/servers/basehttp.py:213 - "GET /api/v1/transactions/ HTTP/1.1" 200 2398
[2025-11-30 20:08:30,669] INFO django.server /Users/NETPHIX_DEV/Desktop/crypto-trading-broker/.venv/lib/python3.13/site-packages/django/core/servers/basehttp.py:213 - "GET /dashboard/trading-view/3/ HTTP/1.1" 200 117218
[2025-11-30 20:08:30,971] WARNING django.server /Users/NETPHIX_DEV/Desktop/crypto-trading-broker/.venv/lib/python3.13/site-packages/django/core/servers/basehttp.py:213 - "GET /.well-known/appspecific/com.chrome.devtools.json HTTP/1.1" 404 20299
[2025-11-30 20:08:31,167] INFO django.server /Users/NETPHIX_DEV/Desktop/crypto-trading-broker/.venv/lib/python3.13/site-packages/django/core/servers/basehttp.py:213 - "GET /api/v1/trading/config/ HTTP/1.1" 200 1299
[2025-11-30 20:08:31,279] INFO django.server /Users/NETPHIX_DEV/Desktop/crypto-trading-broker/.venv/lib/python3.13/site-packages/django/core/servers/basehttp.py:213 - "GET /api/v1/orders/trading_summary/ HTTP/1.1" 200 291
[2025-11-30 20:08:31,301] INFO django.server /Users/NETPHIX_DEV/Desktop/crypto-trading-broker/.venv/lib/python3.13/site-packages/django/core/servers/basehttp.py:213 - "GET /api/v1/positions/ HTTP/1.1" 200 3959
[2025-11-30 20:08:31,321] INFO django.server /Users/NETPHIX_DEV/Desktop/crypto-trading-broker/.venv/lib/python3.13/site-packages/django/core/servers/basehttp.py:213 - "GET /api/v1/orders/ HTTP/1.1" 200 14596
[2025-11-30 20:08:31,337] INFO django.server /Users/NETPHIX_DEV/Desktop/crypto-trading-broker/.venv/lib/python3.13/site-packages/django/core/servers/basehttp.py:213 - "GET /api/v1/trading-pairs/3/ HTTP/1.1" 200 569
[2025-11-30 20:08:33,614] INFO django.server /Users/NETPHIX_DEV/Desktop/crypto-trading-broker/.venv/lib/python3.13/site-packages/django/core/servers/basehttp.py:213 - "GET /api/v1/trading-pairs/3/market_data/ HTTP/1.1" 200 329
[2025-11-30 20:08:33,700] INFO django.server /Users/NETPHIX_DEV/Desktop/crypto-trading-broker/.venv/lib/python3.13/site-packages/django/core/servers/basehttp.py:213 - "GET /api/v1/accounts/balance/ HTTP/1.1" 200 353
[2025-11-30 20:08:33,772] INFO django.server /Users/NETPHIX_DEV/Desktop/crypto-trading-broker/.venv/lib/python3.13/site-packages/django/core/servers/basehttp.py:213 - "GET /api/v1/positions/ HTTP/1.1" 200 3959
[2025-11-30 20:08:33,866] INFO django.server /Users/NETPHIX_DEV/Desktop/crypto-trading-broker/.venv/lib/python3.13/site-packages/django/core/servers/basehttp.py:213 - "GET /api/v1/orders/ HTTP/1.1" 200 14596
[2025-11-30 20:08:33,946] INFO django.server /Users/NETPHIX_DEV/Desktop/crypto-trading-broker/.venv/lib/python3.13/site-packages/django/core/servers/basehttp.py:213 - "GET /api/v1/transactions/ HTTP/1.1" 200 2398
[2025-11-30 20:08:35,769] INFO django.server /Users/NETPHIX_DEV/Desktop/crypto-trading-broker/.venv/lib/python3.13/site-packages/django/core/servers/basehttp.py:213 - "GET /dashboard/trading-view/3/ HTTP/1.1" 200 117218
[2025-11-30 20:08:36,622] WARNING django.server /Users/NETPHIX_DEV/Desktop/crypto-trading-broker/.venv/lib/python3.13/site-packages/django/core/servers/basehttp.py:213 - "GET /.well-known/appspecific/com.chrome.devtools.json HTTP/1.1" 404 20299
[2025-11-30 20:08:36,699] INFO django.server /Users/NETPHIX_DEV/Desktop/crypto-trading-broker/.venv/lib/python3.13/site-packages/django/core/servers/basehttp.py:213 - "GET /api/v1/trading/config/ HTTP/1.1" 200 1299
[2025-11-30 20:08:36,869] INFO django.server /Users/NETPHIX_DEV/Desktop/crypto-trading-broker/.venv/lib/python3.13/site-packages/django/core/servers/basehttp.py:213 - "GET /api/v1/orders/trading_summary/ HTTP/1.1" 200 291
[2025-11-30 20:08:36,922] INFO django.server /Users/NETPHIX_DEV/Desktop/crypto-trading-broker/.venv/lib/python3.13/site-packages/django/core/servers/basehttp.py:213 - "GET /api/v1/positions/ HTTP/1.1" 200 3959
[2025-11-30 20:08:36,959] INFO django.server /Users/NETPHIX_DEV/Desktop/crypto-trading-broker/.venv/lib/python3.13/site-packages/django/core/servers/basehttp.py:213 - "GET /api/v1/orders/ HTTP/1.1" 200 14596
[2025-11-30 20:08:36,986] INFO django.server /Users/NETPHIX_DEV/Desktop/crypto-trading-broker/.venv/lib/python3.13/site-packages/django/core/servers/basehttp.py:213 - "GET /api/v1/trading-pairs/3/ HTTP/1.1" 200 569
[2025-11-30 20:08:37,063] INFO django.server /Users/NETPHIX_DEV/Desktop/crypto-trading-broker/.venv/lib/python3.13/site-packages/django/core/servers/basehttp.py:213 - "GET /api/v1/trading-pairs/3/market_data/ HTTP/1.1" 200 329
[2025-11-30 20:08:37,090] INFO django.server /Users/NETPHIX_DEV/Desktop/crypto-trading-broker/.venv/lib/python3.13/site-packages/django/core/servers/basehttp.py:213 - "GET /api/v1/accounts/balance/ HTTP/1.1" 200 353
[2025-11-30 20:08:37,123] INFO django.server /Users/NETPHIX_DEV/Desktop/crypto-trading-broker/.venv/lib/python3.13/site-packages/django/core/servers/basehttp.py:213 - "GET /api/v1/positions/ HTTP/1.1" 200 3959
[2025-11-30 20:08:37,162] INFO django.server /Users/NETPHIX_DEV/Desktop/crypto-trading-broker/.venv/lib/python3.13/site-packages/django/core/servers/basehttp.py:213 - "GET /api/v1/orders/ HTTP/1.1" 200 14596
[2025-11-30 20:08:37,252] INFO django.server /Users/NETPHIX_DEV/Desktop/crypto-trading-broker/.venv/lib/python3.13/site-packages/django/core/servers/basehttp.py:213 - "GET /api/v1/transactions/ HTTP/1.1" 200 2398
[2025-11-30 20:08:56,755] INFO django.server /Users/NETPHIX_DEV/Desktop/crypto-trading-broker/.venv/lib/python3.13/site-packages/django/core/servers/basehttp.py:213 - "GET /dashboard/trading-view/3/ HTTP/1.1" 200 119236
[2025-11-30 20:08:56,982] WARNING django.server /Users/NETPHIX_DEV/Desktop/crypto-trading-broker/.venv/lib/python3.13/site-packages/django/core/servers/basehttp.py:213 - "GET /.well-known/appspecific/com.chrome.devtools.json HTTP/1.1" 404 20299
[2025-11-30 20:08:57,829] INFO django.server /Users/NETPHIX_DEV/Desktop/crypto-trading-broker/.venv/lib/python3.13/site-packages/django/core/servers/basehttp.py:213 - "GET /static/assets/scripts/api.js HTTP/1.1" 200 32324
[2025-11-30 20:08:57,835] INFO django.server /Users/NETPHIX_DEV/Desktop/crypto-trading-broker/.venv/lib/python3.13/site-packages/django/core/servers/basehttp.py:213 - "GET /static/assets/scripts/order-handler.js HTTP/1.1" 200 16489
[2025-11-30 20:08:57,843] INFO django.server /Users/NETPHIX_DEV/Desktop/crypto-trading-broker/.venv/lib/python3.13/site-packages/django/core/servers/basehttp.py:213 - "GET /static/assets/scripts/trading-single.js HTTP/1.1" 200 40705
[2025-11-30 20:08:59,312] INFO django.server /Users/NETPHIX_DEV/Desktop/crypto-trading-broker/.venv/lib/python3.13/site-packages/django/core/servers/basehttp.py:213 - "GET /api/v1/trading/config/ HTTP/1.1" 200 1299
[2025-11-30 20:08:59,426] INFO django.server /Users/NETPHIX_DEV/Desktop/crypto-trading-broker/.venv/lib/python3.13/site-packages/django/core/servers/basehttp.py:213 - "GET /api/v1/orders/trading_summary/ HTTP/1.1" 200 291
[2025-11-30 20:08:59,470] INFO django.server /Users/NETPHIX_DEV/Desktop/crypto-trading-broker/.venv/lib/python3.13/site-packages/django/core/servers/basehttp.py:213 - "GET /api/v1/positions/ HTTP/1.1" 200 3959
[2025-11-30 20:08:59,508] INFO django.server /Users/NETPHIX_DEV/Desktop/crypto-trading-broker/.venv/lib/python3.13/site-packages/django/core/servers/basehttp.py:213 - "GET /api/v1/orders/ HTTP/1.1" 200 14596
[2025-11-30 20:08:59,524] INFO django.server /Users/NETPHIX_DEV/Desktop/crypto-trading-broker/.venv/lib/python3.13/site-packages/django/core/servers/basehttp.py:213 - "GET /api/v1/trading-pairs/3/ HTTP/1.1" 200 569
[2025-11-30 20:09:00,952] INFO django.server /Users/NETPHIX_DEV/Desktop/crypto-trading-broker/.venv/lib/python3.13/site-packages/django/core/servers/basehttp.py:213 - "GET /static/assets/img/XoR8MfdPTzQDfF4JVKuMIQhGj8HmCdPoBxveN4vK.png HTTP/1.1" 200 8868
[2025-11-30 20:09:01,530] INFO django.server /Users/NETPHIX_DEV/Desktop/crypto-trading-broker/.venv/lib/python3.13/site-packages/django/core/servers/basehttp.py:213 - "GET /api/v1/trading-pairs/3/market_data/ HTTP/1.1" 200 329
[2025-11-30 20:09:01,543] INFO django.server /Users/NETPHIX_DEV/Desktop/crypto-trading-broker/.venv/lib/python3.13/site-packages/django/core/servers/basehttp.py:213 - "GET /api/v1/accounts/balance/ HTTP/1.1" 200 353
[2025-11-30 20:09:01,588] INFO django.server /Users/NETPHIX_DEV/Desktop/crypto-trading-broker/.venv/lib/python3.13/site-packages/django/core/servers/basehttp.py:213 - "GET /api/v1/positions/ HTTP/1.1" 200 3959
[2025-11-30 20:09:01,644] INFO django.server /Users/NETPHIX_DEV/Desktop/crypto-trading-broker/.venv/lib/python3.13/site-packages/django/core/servers/basehttp.py:213 - "GET /api/v1/orders/ HTTP/1.1" 200 14596
[2025-11-30 20:09:01,689] INFO django.server /Users/NETPHIX_DEV/Desktop/crypto-trading-broker/.venv/lib/python3.13/site-packages/django/core/servers/basehttp.py:213 - "GET /api/v1/transactions/ HTTP/1.1" 200 2398
[2025-11-30 20:09:26,699] INFO django.server /Users/NETPHIX_DEV/Desktop/crypto-trading-broker/.venv/lib/python3.13/site-packages/django/core/servers/basehttp.py:213 - "GET /dashboard/trading-view/3/ HTTP/1.1" 200 119028
[2025-11-30 20:09:26,811] WARNING django.server /Users/NETPHIX_DEV/Desktop/crypto-trading-broker/.venv/lib/python3.13/site-packages/django/core/servers/basehttp.py:213 - "GET /.well-known/appspecific/com.chrome.devtools.json HTTP/1.1" 404 20299
[2025-11-30 20:09:27,215] INFO django.server /Users/NETPHIX_DEV/Desktop/crypto-trading-broker/.venv/lib/python3.13/site-packages/django/core/servers/basehttp.py:213 - "GET /static/assets/scripts/api.js HTTP/1.1" 200 32324
[2025-11-30 20:09:27,218] INFO django.server /Users/NETPHIX_DEV/Desktop/crypto-trading-broker/.venv/lib/python3.13/site-packages/django/core/servers/basehttp.py:213 - "GET /static/assets/scripts/order-handler.js HTTP/1.1" 200 16489
[2025-11-30 20:09:27,225] INFO django.server /Users/NETPHIX_DEV/Desktop/crypto-trading-broker/.venv/lib/python3.13/site-packages/django/core/servers/basehttp.py:213 - "GET /static/assets/scripts/trading-single.js HTTP/1.1" 200 40705
[2025-11-30 20:09:28,488] INFO django.server /Users/NETPHIX_DEV/Desktop/crypto-trading-broker/.venv/lib/python3.13/site-packages/django/core/servers/basehttp.py:213 - "GET /api/v1/trading/config/ HTTP/1.1" 200 1299
[2025-11-30 20:09:28,622] INFO django.server /Users/NETPHIX_DEV/Desktop/crypto-trading-broker/.venv/lib/python3.13/site-packages/django/core/servers/basehttp.py:213 - "GET /api/v1/orders/trading_summary/ HTTP/1.1" 200 291
[2025-11-30 20:09:28,656] INFO django.server /Users/NETPHIX_DEV/Desktop/crypto-trading-broker/.venv/lib/python3.13/site-packages/django/core/servers/basehttp.py:213 - "GET /api/v1/positions/ HTTP/1.1" 200 3959
[2025-11-30 20:09:28,689] INFO django.server /Users/NETPHIX_DEV/Desktop/crypto-trading-broker/.venv/lib/python3.13/site-packages/django/core/servers/basehttp.py:213 - "GET /api/v1/orders/ HTTP/1.1" 200 14596
[2025-11-30 20:09:28,714] INFO django.server /Users/NETPHIX_DEV/Desktop/crypto-trading-broker/.venv/lib/python3.13/site-packages/django/core/servers/basehttp.py:213 - "GET /api/v1/trading-pairs/3/ HTTP/1.1" 200 569
[2025-11-30 20:09:29,881] INFO django.server /Users/NETPHIX_DEV/Desktop/crypto-trading-broker/.venv/lib/python3.13/site-packages/django/core/servers/basehttp.py:213 - "GET /static/assets/img/XoR8MfdPTzQDfF4JVKuMIQhGj8HmCdPoBxveN4vK.png HTTP/1.1" 200 8868
[2025-11-30 20:09:30,857] INFO django.server /Users/NETPHIX_DEV/Desktop/crypto-trading-broker/.venv/lib/python3.13/site-packages/django/core/servers/basehttp.py:213 - "GET /api/v1/trading-pairs/3/market_data/ HTTP/1.1" 200 329
[2025-11-30 20:09:30,876] INFO django.server /Users/NETPHIX_DEV/Desktop/crypto-trading-broker/.venv/lib/python3.13/site-packages/django/core/servers/basehttp.py:213 - "GET /api/v1/accounts/balance/ HTTP/1.1" 200 353
[2025-11-30 20:09:30,909] INFO django.server /Users/NETPHIX_DEV/Desktop/crypto-trading-broker/.venv/lib/python3.13/site-packages/django/core/servers/basehttp.py:213 - "GET /api/v1/positions/ HTTP/1.1" 200 3959
[2025-11-30 20:09:30,956] INFO django.server /Users/NETPHIX_DEV/Desktop/crypto-trading-broker/.venv/lib/python3.13/site-packages/django/core/servers/basehttp.py:213 - "GET /api/v1/orders/ HTTP/1.1" 200 14596
[2025-11-30 20:09:31,021] INFO django.server /Users/NETPHIX_DEV/Desktop/crypto-trading-broker/.venv/lib/python3.13/site-packages/django/core/servers/basehttp.py:213 - "GET /api/v1/transactions/ HTTP/1.1" 200 2398
[2025-11-30 20:10:35,126] INFO django.server /Users/NETPHIX_DEV/Desktop/crypto-trading-broker/.venv/lib/python3.13/site-packages/django/core/servers/basehttp.py:213 - "GET /dashboard/trading-view/3/ HTTP/1.1" 200 119012
[2025-11-30 20:10:35,180] INFO django.server /Users/NETPHIX_DEV/Desktop/crypto-trading-broker/.venv/lib/python3.13/site-packages/django/core/servers/basehttp.py:213 - "GET /static/assets/scripts/trading-single.js HTTP/1.1" 304 0
[2025-11-30 20:10:35,362] WARNING django.server /Users/NETPHIX_DEV/Desktop/crypto-trading-broker/.venv/lib/python3.13/site-packages/django/core/servers/basehttp.py:213 - "GET /.well-known/appspecific/com.chrome.devtools.json HTTP/1.1" 404 20299
[2025-11-30 20:10:36,206] INFO django.server /Users/NETPHIX_DEV/Desktop/crypto-trading-broker/.venv/lib/python3.13/site-packages/django/core/servers/basehttp.py:213 - "GET /api/v1/trading/config/ HTTP/1.1" 200 1299
[2025-11-30 20:10:36,427] INFO django.server /Users/NETPHIX_DEV/Desktop/crypto-trading-broker/.venv/lib/python3.13/site-packages/django/core/servers/basehttp.py:213 - "GET /api/v1/orders/trading_summary/ HTTP/1.1" 200 291
[2025-11-30 20:10:36,471] INFO django.server /Users/NETPHIX_DEV/Desktop/crypto-trading-broker/.venv/lib/python3.13/site-packages/django/core/servers/basehttp.py:213 - "GET /api/v1/positions/ HTTP/1.1" 200 3959
[2025-11-30 20:10:36,500] INFO django.server /Users/NETPHIX_DEV/Desktop/crypto-trading-broker/.venv/lib/python3.13/site-packages/django/core/servers/basehttp.py:213 - "GET /api/v1/orders/ HTTP/1.1" 200 14596
[2025-11-30 20:10:36,516] INFO django.server /Users/NETPHIX_DEV/Desktop/crypto-trading-broker/.venv/lib/python3.13/site-packages/django/core/servers/basehttp.py:213 - "GET /api/v1/trading-pairs/3/ HTTP/1.1" 200 569
[2025-11-30 20:10:38,248] INFO django.server /Users/NETPHIX_DEV/Desktop/crypto-trading-broker/.venv/lib/python3.13/site-packages/django/core/servers/basehttp.py:213 - "GET /api/v1/trading-pairs/3/market_data/ HTTP/1.1" 200 329
[2025-11-30 20:10:38,298] INFO django.server /Users/NETPHIX_DEV/Desktop/crypto-trading-broker/.venv/lib/python3.13/site-packages/django/core/servers/basehttp.py:213 - "GET /api/v1/accounts/balance/ HTTP/1.1" 200 353
[2025-11-30 20:10:38,348] INFO django.server /Users/NETPHIX_DEV/Desktop/crypto-trading-broker/.venv/lib/python3.13/site-packages/django/core/servers/basehttp.py:213 - "GET /api/v1/positions/ HTTP/1.1" 200 3959
[2025-11-30 20:10:38,401] INFO django.server /Users/NETPHIX_DEV/Desktop/crypto-trading-broker/.venv/lib/python3.13/site-packages/django/core/servers/basehttp.py:213 - "GET /api/v1/orders/ HTTP/1.1" 200 14596
[2025-11-30 20:10:38,455] INFO django.server /Users/NETPHIX_DEV/Desktop/crypto-trading-broker/.venv/lib/python3.13/site-packages/django/core/servers/basehttp.py:213 - "GET /api/v1/transactions/ HTTP/1.1" 200 2398
[2025-11-30 20:12:31,799] INFO django.server /Users/NETPHIX_DEV/Desktop/crypto-trading-broker/.venv/lib/python3.13/site-packages/django/core/servers/basehttp.py:213 - "GET /dashboard/trading-view/3/ HTTP/1.1" 200 118711
[2025-11-30 20:12:31,924] WARNING django.server /Users/NETPHIX_DEV/Desktop/crypto-trading-broker/.venv/lib/python3.13/site-packages/django/core/servers/basehttp.py:213 - "GET /.well-known/appspecific/com.chrome.devtools.json HTTP/1.1" 404 20299
[2025-11-30 20:12:32,572] INFO django.server /Users/NETPHIX_DEV/Desktop/crypto-trading-broker/.venv/lib/python3.13/site-packages/django/core/servers/basehttp.py:213 - "GET /static/assets/scripts/api.js HTTP/1.1" 200 32324
[2025-11-30 20:12:32,576] INFO django.server /Users/NETPHIX_DEV/Desktop/crypto-trading-broker/.venv/lib/python3.13/site-packages/django/core/servers/basehttp.py:213 - "GET /static/assets/scripts/order-handler.js HTTP/1.1" 200 16489
[2025-11-30 20:12:32,585] INFO django.server /Users/NETPHIX_DEV/Desktop/crypto-trading-broker/.venv/lib/python3.13/site-packages/django/core/servers/basehttp.py:213 - "GET /static/assets/scripts/trading-single.js HTTP/1.1" 200 40705
[2025-11-30 20:12:33,632] INFO django.server /Users/NETPHIX_DEV/Desktop/crypto-trading-broker/.venv/lib/python3.13/site-packages/django/core/servers/basehttp.py:213 - "GET /api/v1/trading/config/ HTTP/1.1" 200 1299
[2025-11-30 20:12:33,747] INFO django.server /Users/NETPHIX_DEV/Desktop/crypto-trading-broker/.venv/lib/python3.13/site-packages/django/core/servers/basehttp.py:213 - "GET /api/v1/orders/trading_summary/ HTTP/1.1" 200 291
[2025-11-30 20:12:33,769] INFO django.server /Users/NETPHIX_DEV/Desktop/crypto-trading-broker/.venv/lib/python3.13/site-packages/django/core/servers/basehttp.py:213 - "GET /api/v1/positions/ HTTP/1.1" 200 3959
[2025-11-30 20:12:33,803] INFO django.server /Users/NETPHIX_DEV/Desktop/crypto-trading-broker/.venv/lib/python3.13/site-packages/django/core/servers/basehttp.py:213 - "GET /api/v1/orders/ HTTP/1.1" 200 14596
[2025-11-30 20:12:33,827] INFO django.server /Users/NETPHIX_DEV/Desktop/crypto-trading-broker/.venv/lib/python3.13/site-packages/django/core/servers/basehttp.py:213 - "GET /api/v1/trading-pairs/3/ HTTP/1.1" 200 569
[2025-11-30 20:12:34,466] INFO django.server /Users/NETPHIX_DEV/Desktop/crypto-trading-broker/.venv/lib/python3.13/site-packages/django/core/servers/basehttp.py:213 - "GET /static/assets/img/XoR8MfdPTzQDfF4JVKuMIQhGj8HmCdPoBxveN4vK.png HTTP/1.1" 200 8868
[2025-11-30 20:12:35,584] INFO django.server /Users/NETPHIX_DEV/Desktop/crypto-trading-broker/.venv/lib/python3.13/site-packages/django/core/servers/basehttp.py:213 - "GET /api/v1/trading-pairs/3/market_data/ HTTP/1.1" 200 328
[2025-11-30 20:12:35,604] INFO django.server /Users/NETPHIX_DEV/Desktop/crypto-trading-broker/.venv/lib/python3.13/site-packages/django/core/servers/basehttp.py:213 - "GET /api/v1/accounts/balance/ HTTP/1.1" 200 353
[2025-11-30 20:12:35,634] INFO django.server /Users/NETPHIX_DEV/Desktop/crypto-trading-broker/.venv/lib/python3.13/site-packages/django/core/servers/basehttp.py:213 - "GET /api/v1/positions/ HTTP/1.1" 200 3959
[2025-11-30 20:12:35,687] INFO django.server /Users/NETPHIX_DEV/Desktop/crypto-trading-broker/.venv/lib/python3.13/site-packages/django/core/servers/basehttp.py:213 - "GET /api/v1/orders/ HTTP/1.1" 200 14596
[2025-11-30 20:12:35,723] INFO django.server /Users/NETPHIX_DEV/Desktop/crypto-trading-broker/.venv/lib/python3.13/site-packages/django/core/servers/basehttp.py:213 - "GET /api/v1/transactions/ HTTP/1.1" 200 2398
[2025-11-30 20:13:03,478] INFO django.server /Users/NETPHIX_DEV/Desktop/crypto-trading-broker/.venv/lib/python3.13/site-packages/django/core/servers/basehttp.py:213 - "GET /dashboard/trading-view/3/ HTTP/1.1" 200 118738
[2025-11-30 20:13:03,691] WARNING django.server /Users/NETPHIX_DEV/Desktop/crypto-trading-broker/.venv/lib/python3.13/site-packages/django/core/servers/basehttp.py:213 - "GET /.well-known/appspecific/com.chrome.devtools.json HTTP/1.1" 404 20299
[2025-11-30 20:13:04,431] INFO django.server /Users/NETPHIX_DEV/Desktop/crypto-trading-broker/.venv/lib/python3.13/site-packages/django/core/servers/basehttp.py:213 - "GET /api/v1/trading/config/ HTTP/1.1" 200 1299
[2025-11-30 20:13:04,591] INFO django.server /Users/NETPHIX_DEV/Desktop/crypto-trading-broker/.venv/lib/python3.13/site-packages/django/core/servers/basehttp.py:213 - "GET /api/v1/orders/trading_summary/ HTTP/1.1" 200 291
[2025-11-30 20:13:04,616] INFO django.server /Users/NETPHIX_DEV/Desktop/crypto-trading-broker/.venv/lib/python3.13/site-packages/django/core/servers/basehttp.py:213 - "GET /api/v1/positions/ HTTP/1.1" 200 3959
[2025-11-30 20:13:04,654] INFO django.server /Users/NETPHIX_DEV/Desktop/crypto-trading-broker/.venv/lib/python3.13/site-packages/django/core/servers/basehttp.py:213 - "GET /api/v1/orders/ HTTP/1.1" 200 14596
[2025-11-30 20:13:04,834] INFO django.server /Users/NETPHIX_DEV/Desktop/crypto-trading-broker/.venv/lib/python3.13/site-packages/django/core/servers/basehttp.py:213 - "GET /api/v1/trading-pairs/3/ HTTP/1.1" 200 569
[2025-11-30 20:13:06,952] INFO django.server /Users/NETPHIX_DEV/Desktop/crypto-trading-broker/.venv/lib/python3.13/site-packages/django/core/servers/basehttp.py:213 - "GET /api/v1/trading-pairs/3/market_data/ HTTP/1.1" 200 328
[2025-11-30 20:13:06,970] INFO django.server /Users/NETPHIX_DEV/Desktop/crypto-trading-broker/.venv/lib/python3.13/site-packages/django/core/servers/basehttp.py:213 - "GET /api/v1/accounts/balance/ HTTP/1.1" 200 353
[2025-11-30 20:13:07,012] INFO django.server /Users/NETPHIX_DEV/Desktop/crypto-trading-broker/.venv/lib/python3.13/site-packages/django/core/servers/basehttp.py:213 - "GET /api/v1/positions/ HTTP/1.1" 200 3959
[2025-11-30 20:13:07,052] INFO django.server /Users/NETPHIX_DEV/Desktop/crypto-trading-broker/.venv/lib/python3.13/site-packages/django/core/servers/basehttp.py:213 - "GET /api/v1/orders/ HTTP/1.1" 200 14596
[2025-11-30 20:13:07,112] INFO django.server /Users/NETPHIX_DEV/Desktop/crypto-trading-broker/.venv/lib/python3.13/site-packages/django/core/servers/basehttp.py:213 - "GET /api/v1/transactions/ HTTP/1.1" 200 2398
[2025-11-30 20:14:17,776] INFO django.server /Users/NETPHIX_DEV/Desktop/crypto-trading-broker/.venv/lib/python3.13/site-packages/django/core/servers/basehttp.py:213 - "GET /dashboard/trading-view/3/ HTTP/1.1" 200 118714
[2025-11-30 20:14:17,822] INFO django.server /Users/NETPHIX_DEV/Desktop/crypto-trading-broker/.venv/lib/python3.13/site-packages/django/core/servers/basehttp.py:213 - "GET /static/assets/scripts/trading-single.js HTTP/1.1" 304 0
[2025-11-30 20:14:17,918] WARNING django.server /Users/NETPHIX_DEV/Desktop/crypto-trading-broker/.venv/lib/python3.13/site-packages/django/core/servers/basehttp.py:213 - "GET /.well-known/appspecific/com.chrome.devtools.json HTTP/1.1" 404 20299
[2025-11-30 20:14:18,681] INFO django.server /Users/NETPHIX_DEV/Desktop/crypto-trading-broker/.venv/lib/python3.13/site-packages/django/core/servers/basehttp.py:213 - "GET /api/v1/trading/config/ HTTP/1.1" 200 1299
[2025-11-30 20:14:18,836] INFO django.server /Users/NETPHIX_DEV/Desktop/crypto-trading-broker/.venv/lib/python3.13/site-packages/django/core/servers/basehttp.py:213 - "GET /api/v1/orders/trading_summary/ HTTP/1.1" 200 291
[2025-11-30 20:14:18,884] INFO django.server /Users/NETPHIX_DEV/Desktop/crypto-trading-broker/.venv/lib/python3.13/site-packages/django/core/servers/basehttp.py:213 - "GET /api/v1/positions/ HTTP/1.1" 200 3959
[2025-11-30 20:14:18,908] INFO django.server /Users/NETPHIX_DEV/Desktop/crypto-trading-broker/.venv/lib/python3.13/site-packages/django/core/servers/basehttp.py:213 - "GET /api/v1/orders/ HTTP/1.1" 200 14596
[2025-11-30 20:14:18,924] INFO django.server /Users/NETPHIX_DEV/Desktop/crypto-trading-broker/.venv/lib/python3.13/site-packages/django/core/servers/basehttp.py:213 - "GET /api/v1/trading-pairs/3/ HTTP/1.1" 200 569
[2025-11-30 20:14:20,789] INFO django.server /Users/NETPHIX_DEV/Desktop/crypto-trading-broker/.venv/lib/python3.13/site-packages/django/core/servers/basehttp.py:213 - "GET /api/v1/trading-pairs/3/market_data/ HTTP/1.1" 200 329
[2025-11-30 20:14:20,806] INFO django.server /Users/NETPHIX_DEV/Desktop/crypto-trading-broker/.venv/lib/python3.13/site-packages/django/core/servers/basehttp.py:213 - "GET /api/v1/accounts/balance/ HTTP/1.1" 200 353
[2025-11-30 20:14:20,836] INFO django.server /Users/NETPHIX_DEV/Desktop/crypto-trading-broker/.venv/lib/python3.13/site-packages/django/core/servers/basehttp.py:213 - "GET /api/v1/positions/ HTTP/1.1" 200 3959
[2025-11-30 20:14:20,883] INFO django.server /Users/NETPHIX_DEV/Desktop/crypto-trading-broker/.venv/lib/python3.13/site-packages/django/core/servers/basehttp.py:213 - "GET /api/v1/orders/ HTTP/1.1" 200 14596
[2025-11-30 20:14:20,938] INFO django.server /Users/NETPHIX_DEV/Desktop/crypto-trading-broker/.venv/lib/python3.13/site-packages/django/core/servers/basehttp.py:213 - "GET /api/v1/transactions/ HTTP/1.1" 200 2398
[2025-11-30 20:14:48,956] INFO django.server /Users/NETPHIX_DEV/Desktop/crypto-trading-broker/.venv/lib/python3.13/site-packages/django/core/servers/basehttp.py:213 - "GET /dashboard/trading-view/3/ HTTP/1.1" 200 118706
[2025-11-30 20:14:49,135] WARNING django.server /Users/NETPHIX_DEV/Desktop/crypto-trading-broker/.venv/lib/python3.13/site-packages/django/core/servers/basehttp.py:213 - "GET /.well-known/appspecific/com.chrome.devtools.json HTTP/1.1" 404 20299
[2025-11-30 20:14:49,621] INFO django.server /Users/NETPHIX_DEV/Desktop/crypto-trading-broker/.venv/lib/python3.13/site-packages/django/core/servers/basehttp.py:213 - "GET /api/v1/trading/config/ HTTP/1.1" 200 1299
[2025-11-30 20:14:49,806] INFO django.server /Users/NETPHIX_DEV/Desktop/crypto-trading-broker/.venv/lib/python3.13/site-packages/django/core/servers/basehttp.py:213 - "GET /api/v1/orders/trading_summary/ HTTP/1.1" 200 291
[2025-11-30 20:14:49,827] INFO django.server /Users/NETPHIX_DEV/Desktop/crypto-trading-broker/.venv/lib/python3.13/site-packages/django/core/servers/basehttp.py:213 - "GET /api/v1/positions/ HTTP/1.1" 200 3959
[2025-11-30 20:14:49,877] INFO django.server /Users/NETPHIX_DEV/Desktop/crypto-trading-broker/.venv/lib/python3.13/site-packages/django/core/servers/basehttp.py:213 - "GET /api/v1/orders/ HTTP/1.1" 200 14596
[2025-11-30 20:14:49,905] INFO django.server /Users/NETPHIX_DEV/Desktop/crypto-trading-broker/.venv/lib/python3.13/site-packages/django/core/servers/basehttp.py:213 - "GET /api/v1/trading-pairs/3/ HTTP/1.1" 200 569
[2025-11-30 20:14:52,174] INFO django.server /Users/NETPHIX_DEV/Desktop/crypto-trading-broker/.venv/lib/python3.13/site-packages/django/core/servers/basehttp.py:213 - "GET /api/v1/trading-pairs/3/market_data/ HTTP/1.1" 200 329
[2025-11-30 20:14:52,195] INFO django.server /Users/NETPHIX_DEV/Desktop/crypto-trading-broker/.venv/lib/python3.13/site-packages/django/core/servers/basehttp.py:213 - "GET /api/v1/accounts/balance/ HTTP/1.1" 200 353
[2025-11-30 20:14:52,242] INFO django.server /Users/NETPHIX_DEV/Desktop/crypto-trading-broker/.venv/lib/python3.13/site-packages/django/core/servers/basehttp.py:213 - "GET /api/v1/positions/ HTTP/1.1" 200 3959
[2025-11-30 20:14:52,302] INFO django.server /Users/NETPHIX_DEV/Desktop/crypto-trading-broker/.venv/lib/python3.13/site-packages/django/core/servers/basehttp.py:213 - "GET /api/v1/orders/ HTTP/1.1" 200 14596
[2025-11-30 20:14:52,370] INFO django.server /Users/NETPHIX_DEV/Desktop/crypto-trading-broker/.venv/lib/python3.13/site-packages/django/core/servers/basehttp.py:213 - "GET /api/v1/transactions/ HTTP/1.1" 200 2398
[2025-11-30 20:14:59,326] INFO django.server /Users/NETPHIX_DEV/Desktop/crypto-trading-broker/.venv/lib/python3.13/site-packages/django/core/servers/basehttp.py:213 - "GET /dashboard/transactions/ HTTP/1.1" 200 75755
[2025-11-30 20:14:59,445] WARNING django.server /Users/NETPHIX_DEV/Desktop/crypto-trading-broker/.venv/lib/python3.13/site-packages/django/core/servers/basehttp.py:213 - "GET /.well-known/appspecific/com.chrome.devtools.json HTTP/1.1" 404 20299
[2025-11-30 20:14:59,731] INFO django.server /Users/NETPHIX_DEV/Desktop/crypto-trading-broker/.venv/lib/python3.13/site-packages/django/core/servers/basehttp.py:213 - "GET /api/v1/trading/config/ HTTP/1.1" 200 1299
[2025-11-30 20:14:59,831] INFO django.server /Users/NETPHIX_DEV/Desktop/crypto-trading-broker/.venv/lib/python3.13/site-packages/django/core/servers/basehttp.py:213 - "GET /api/v1/orders/trading_summary/ HTTP/1.1" 200 291
[2025-11-30 20:14:59,849] INFO django.server /Users/NETPHIX_DEV/Desktop/crypto-trading-broker/.venv/lib/python3.13/site-packages/django/core/servers/basehttp.py:213 - "GET /api/v1/positions/ HTTP/1.1" 200 3959
[2025-11-30 20:14:59,872] INFO django.server /Users/NETPHIX_DEV/Desktop/crypto-trading-broker/.venv/lib/python3.13/site-packages/django/core/servers/basehttp.py:213 - "GET /api/v1/orders/ HTTP/1.1" 200 14596
[2025-11-30 20:15:02,746] WARNING django.server /Users/NETPHIX_DEV/Desktop/crypto-trading-broker/.venv/lib/python3.13/site-packages/django/core/servers/basehttp.py:213 - "GET /.well-known/appspecific/com.chrome.devtools.json HTTP/1.1" 404 20299
[2025-11-30 20:16:12,617] INFO django.server /Users/NETPHIX_DEV/Desktop/crypto-trading-broker/.venv/lib/python3.13/site-packages/django/core/servers/basehttp.py:213 - "GET /dashboard/ HTTP/1.1" 200 152934
[2025-11-30 20:16:12,751] WARNING django.server /Users/NETPHIX_DEV/Desktop/crypto-trading-broker/.venv/lib/python3.13/site-packages/django/core/servers/basehttp.py:213 - "GET /.well-known/appspecific/com.chrome.devtools.json HTTP/1.1" 404 20299
[2025-11-30 20:16:19,653] INFO django.server /Users/NETPHIX_DEV/Desktop/crypto-trading-broker/.venv/lib/python3.13/site-packages/django/core/servers/basehttp.py:213 - "GET /dashboard/trading HTTP/1.1" 200 87018
[2025-11-30 20:16:20,232] INFO django.server /Users/NETPHIX_DEV/Desktop/crypto-trading-broker/.venv/lib/python3.13/site-packages/django/core/servers/basehttp.py:213 - "GET /api/v1/trading-pairs/ HTTP/1.1" 200 92358
[2025-11-30 20:16:20,365] WARNING django.server /Users/NETPHIX_DEV/Desktop/crypto-trading-broker/.venv/lib/python3.13/site-packages/django/core/servers/basehttp.py:213 - "GET /.well-known/appspecific/com.chrome.devtools.json HTTP/1.1" 404 20299
[2025-11-30 20:16:20,803] INFO django.server /Users/NETPHIX_DEV/Desktop/crypto-trading-broker/.venv/lib/python3.13/site-packages/django/core/servers/basehttp.py:213 - "GET /api/v1/trading-pairs/market_status/ HTTP/1.1" 200 594
[2025-11-30 20:16:24,865] INFO django.server /Users/NETPHIX_DEV/Desktop/crypto-trading-broker/.venv/lib/python3.13/site-packages/django/core/servers/basehttp.py:213 - "GET /dashboard/trading-view/1/ HTTP/1.1" 200 118706
[2025-11-30 20:16:24,961] INFO django.server /Users/NETPHIX_DEV/Desktop/crypto-trading-broker/.venv/lib/python3.13/site-packages/django/core/servers/basehttp.py:213 - "GET /static/assets/scripts/trading-single.js HTTP/1.1" 304 0
[2025-11-30 20:16:24,993] WARNING django.server /Users/NETPHIX_DEV/Desktop/crypto-trading-broker/.venv/lib/python3.13/site-packages/django/core/servers/basehttp.py:213 - "GET /.well-known/appspecific/com.chrome.devtools.json HTTP/1.1" 404 20299
[2025-11-30 20:16:25,411] INFO django.server /Users/NETPHIX_DEV/Desktop/crypto-trading-broker/.venv/lib/python3.13/site-packages/django/core/servers/basehttp.py:213 - "GET /api/v1/trading/config/ HTTP/1.1" 200 1299
[2025-11-30 20:16:25,562] INFO django.server /Users/NETPHIX_DEV/Desktop/crypto-trading-broker/.venv/lib/python3.13/site-packages/django/core/servers/basehttp.py:213 - "GET /api/v1/orders/trading_summary/ HTTP/1.1" 200 291
[2025-11-30 20:16:25,593] INFO django.server /Users/NETPHIX_DEV/Desktop/crypto-trading-broker/.venv/lib/python3.13/site-packages/django/core/servers/basehttp.py:213 - "GET /api/v1/positions/ HTTP/1.1" 200 3959
[2025-11-30 20:16:25,624] INFO django.server /Users/NETPHIX_DEV/Desktop/crypto-trading-broker/.venv/lib/python3.13/site-packages/django/core/servers/basehttp.py:213 - "GET /api/v1/orders/ HTTP/1.1" 200 14596
[2025-11-30 20:16:25,658] INFO django.server /Users/NETPHIX_DEV/Desktop/crypto-trading-broker/.venv/lib/python3.13/site-packages/django/core/servers/basehttp.py:213 - "GET /api/v1/trading-pairs/1/ HTTP/1.1" 200 590
[2025-11-30 20:16:27,899] INFO django.server /Users/NETPHIX_DEV/Desktop/crypto-trading-broker/.venv/lib/python3.13/site-packages/django/core/servers/basehttp.py:213 - "GET /api/v1/trading-pairs/1/market_data/ HTTP/1.1" 200 334
[2025-11-30 20:16:27,915] INFO django.server /Users/NETPHIX_DEV/Desktop/crypto-trading-broker/.venv/lib/python3.13/site-packages/django/core/servers/basehttp.py:213 - "GET /api/v1/accounts/balance/ HTTP/1.1" 200 353
[2025-11-30 20:16:27,956] INFO django.server /Users/NETPHIX_DEV/Desktop/crypto-trading-broker/.venv/lib/python3.13/site-packages/django/core/servers/basehttp.py:213 - "GET /api/v1/positions/ HTTP/1.1" 200 3959
[2025-11-30 20:16:28,010] INFO django.server /Users/NETPHIX_DEV/Desktop/crypto-trading-broker/.venv/lib/python3.13/site-packages/django/core/servers/basehttp.py:213 - "GET /api/v1/orders/ HTTP/1.1" 200 14596
[2025-11-30 20:16:28,046] INFO django.server /Users/NETPHIX_DEV/Desktop/crypto-trading-broker/.venv/lib/python3.13/site-packages/django/core/servers/basehttp.py:213 - "GET /api/v1/transactions/ HTTP/1.1" 200 2398
[2025-11-30 20:16:46,748] INFO django.server /Users/NETPHIX_DEV/Desktop/crypto-trading-broker/.venv/lib/python3.13/site-packages/django/core/servers/basehttp.py:213 - "GET /api/v1/trading-pairs/1/ticker/ HTTP/1.1" 200 798
[2025-11-30 20:16:46,825] INFO django.server /Users/NETPHIX_DEV/Desktop/crypto-trading-broker/.venv/lib/python3.13/site-packages/django/core/servers/basehttp.py:213 - "POST /api/v1/orders/ HTTP/1.1" 201 1443
[2025-11-30 20:16:46,849] INFO django.server /Users/NETPHIX_DEV/Desktop/crypto-trading-broker/.venv/lib/python3.13/site-packages/django/core/servers/basehttp.py:213 - "GET /api/v1/positions/ HTTP/1.1" 200 4956
[2025-11-30 20:16:46,867] INFO django.server /Users/NETPHIX_DEV/Desktop/crypto-trading-broker/.venv/lib/python3.13/site-packages/django/core/servers/basehttp.py:213 - "GET /api/v1/orders/trading_summary/ HTTP/1.1" 200 291
[2025-11-30 20:16:46,890] INFO django.server /Users/NETPHIX_DEV/Desktop/crypto-trading-broker/.venv/lib/python3.13/site-packages/django/core/servers/basehttp.py:213 - "GET /api/v1/positions/ HTTP/1.1" 200 4956
[2025-11-30 20:16:47,018] INFO django.server /Users/NETPHIX_DEV/Desktop/crypto-trading-broker/.venv/lib/python3.13/site-packages/django/core/servers/basehttp.py:213 - "GET /api/v1/orders/ HTTP/1.1" 200 15740
[2025-11-30 20:16:47,082] INFO django.server /Users/NETPHIX_DEV/Desktop/crypto-trading-broker/.venv/lib/python3.13/site-packages/django/core/servers/basehttp.py:213 - "GET /api/v1/accounts/balance/ HTTP/1.1" 200 353
[2025-11-30 20:16:47,144] INFO django.server /Users/NETPHIX_DEV/Desktop/crypto-trading-broker/.venv/lib/python3.13/site-packages/django/core/servers/basehttp.py:213 - "GET /api/v1/transactions/ HTTP/1.1" 200 3569
[2025-11-30 20:19:11,438] INFO django.server /Users/NETPHIX_DEV/Desktop/crypto-trading-broker/.venv/lib/python3.13/site-packages/django/core/servers/basehttp.py:213 - "GET /dashboard/trading-view/1/ HTTP/1.1" 200 118178
[2025-11-30 20:19:11,487] INFO django.server /Users/NETPHIX_DEV/Desktop/crypto-trading-broker/.venv/lib/python3.13/site-packages/django/core/servers/basehttp.py:213 - "GET /static/assets/scripts/trading-single.js HTTP/1.1" 304 0
[2025-11-30 20:19:11,578] WARNING django.server /Users/NETPHIX_DEV/Desktop/crypto-trading-broker/.venv/lib/python3.13/site-packages/django/core/servers/basehttp.py:213 - "GET /.well-known/appspecific/com.chrome.devtools.json HTTP/1.1" 404 20299
[2025-11-30 20:19:12,734] INFO django.server /Users/NETPHIX_DEV/Desktop/crypto-trading-broker/.venv/lib/python3.13/site-packages/django/core/servers/basehttp.py:213 - "GET /api/v1/trading/config/ HTTP/1.1" 200 1299
[2025-11-30 20:19:12,941] INFO django.server /Users/NETPHIX_DEV/Desktop/crypto-trading-broker/.venv/lib/python3.13/site-packages/django/core/servers/basehttp.py:213 - "GET /api/v1/orders/trading_summary/ HTTP/1.1" 200 291
[2025-11-30 20:19:12,975] INFO django.server /Users/NETPHIX_DEV/Desktop/crypto-trading-broker/.venv/lib/python3.13/site-packages/django/core/servers/basehttp.py:213 - "GET /api/v1/positions/ HTTP/1.1" 200 4956
[2025-11-30 20:19:12,996] INFO django.server /Users/NETPHIX_DEV/Desktop/crypto-trading-broker/.venv/lib/python3.13/site-packages/django/core/servers/basehttp.py:213 - "GET /api/v1/orders/ HTTP/1.1" 200 15740
[2025-11-30 20:19:13,011] INFO django.server /Users/NETPHIX_DEV/Desktop/crypto-trading-broker/.venv/lib/python3.13/site-packages/django/core/servers/basehttp.py:213 - "GET /api/v1/trading-pairs/1/ HTTP/1.1" 200 590
[2025-11-30 20:19:15,097] INFO django.server /Users/NETPHIX_DEV/Desktop/crypto-trading-broker/.venv/lib/python3.13/site-packages/django/core/servers/basehttp.py:213 - "GET /api/v1/trading-pairs/1/market_data/ HTTP/1.1" 200 335
[2025-11-30 20:19:15,126] INFO django.server /Users/NETPHIX_DEV/Desktop/crypto-trading-broker/.venv/lib/python3.13/site-packages/django/core/servers/basehttp.py:213 - "GET /api/v1/accounts/balance/ HTTP/1.1" 200 353
[2025-11-30 20:19:15,153] INFO django.server /Users/NETPHIX_DEV/Desktop/crypto-trading-broker/.venv/lib/python3.13/site-packages/django/core/servers/basehttp.py:213 - "GET /api/v1/positions/ HTTP/1.1" 200 4956
[2025-11-30 20:19:15,209] INFO django.server /Users/NETPHIX_DEV/Desktop/crypto-trading-broker/.venv/lib/python3.13/site-packages/django/core/servers/basehttp.py:213 - "GET /api/v1/orders/ HTTP/1.1" 200 15740
[2025-11-30 20:19:15,299] INFO django.server /Users/NETPHIX_DEV/Desktop/crypto-trading-broker/.venv/lib/python3.13/site-packages/django/core/servers/basehttp.py:213 - "GET /api/v1/transactions/ HTTP/1.1" 200 3569
[2025-11-30 20:19:28,710] INFO django.server /Users/NETPHIX_DEV/Desktop/crypto-trading-broker/.venv/lib/python3.13/site-packages/django/core/servers/basehttp.py:213 - "GET /dashboard/trading-view/1/ HTTP/1.1" 200 118178
[2025-11-30 20:19:28,898] WARNING django.server /Users/NETPHIX_DEV/Desktop/crypto-trading-broker/.venv/lib/python3.13/site-packages/django/core/servers/basehttp.py:213 - "GET /.well-known/appspecific/com.chrome.devtools.json HTTP/1.1" 404 20299
[2025-11-30 20:19:29,434] INFO django.server /Users/NETPHIX_DEV/Desktop/crypto-trading-broker/.venv/lib/python3.13/site-packages/django/core/servers/basehttp.py:213 - "GET /api/v1/trading/config/ HTTP/1.1" 200 1299
[2025-11-30 20:19:29,572] INFO django.server /Users/NETPHIX_DEV/Desktop/crypto-trading-broker/.venv/lib/python3.13/site-packages/django/core/servers/basehttp.py:213 - "GET /api/v1/orders/trading_summary/ HTTP/1.1" 200 291
[2025-11-30 20:19:29,593] INFO django.server /Users/NETPHIX_DEV/Desktop/crypto-trading-broker/.venv/lib/python3.13/site-packages/django/core/servers/basehttp.py:213 - "GET /api/v1/positions/ HTTP/1.1" 200 4956
[2025-11-30 20:19:29,646] INFO django.server /Users/NETPHIX_DEV/Desktop/crypto-trading-broker/.venv/lib/python3.13/site-packages/django/core/servers/basehttp.py:213 - "GET /api/v1/orders/ HTTP/1.1" 200 15740
[2025-11-30 20:19:29,665] INFO django.server /Users/NETPHIX_DEV/Desktop/crypto-trading-broker/.venv/lib/python3.13/site-packages/django/core/servers/basehttp.py:213 - "GET /api/v1/trading-pairs/1/ HTTP/1.1" 200 590
[2025-11-30 20:19:31,942] INFO django.server /Users/NETPHIX_DEV/Desktop/crypto-trading-broker/.venv/lib/python3.13/site-packages/django/core/servers/basehttp.py:213 - "GET /api/v1/trading-pairs/1/market_data/ HTTP/1.1" 200 335
[2025-11-30 20:19:32,135] INFO django.server /Users/NETPHIX_DEV/Desktop/crypto-trading-broker/.venv/lib/python3.13/site-packages/django/core/servers/basehttp.py:213 - "GET /api/v1/accounts/balance/ HTTP/1.1" 200 353
[2025-11-30 20:19:32,702] INFO django.server /Users/NETPHIX_DEV/Desktop/crypto-trading-broker/.venv/lib/python3.13/site-packages/django/core/servers/basehttp.py:213 - "GET /api/v1/positions/ HTTP/1.1" 200 4956
[2025-11-30 20:19:32,709] INFO django.server /Users/NETPHIX_DEV/Desktop/crypto-trading-broker/.venv/lib/python3.13/site-packages/django/core/servers/basehttp.py:213 - "GET /dashboard/trading-view/1/ HTTP/1.1" 200 118178
[2025-11-30 20:19:33,208] WARNING django.server /Users/NETPHIX_DEV/Desktop/crypto-trading-broker/.venv/lib/python3.13/site-packages/django/core/servers/basehttp.py:213 - "GET /.well-known/appspecific/com.chrome.devtools.json HTTP/1.1" 404 20299
[2025-11-30 20:19:33,213] INFO django.server /Users/NETPHIX_DEV/Desktop/crypto-trading-broker/.venv/lib/python3.13/site-packages/django/core/servers/basehttp.py:213 - "GET /static/assets/scripts/api.js HTTP/1.1" 200 32324
[2025-11-30 20:19:33,222] INFO django.server /Users/NETPHIX_DEV/Desktop/crypto-trading-broker/.venv/lib/python3.13/site-packages/django/core/servers/basehttp.py:213 - "GET /static/assets/scripts/order-handler.js HTTP/1.1" 200 16489
[2025-11-30 20:19:33,235] INFO django.server /Users/NETPHIX_DEV/Desktop/crypto-trading-broker/.venv/lib/python3.13/site-packages/django/core/servers/basehttp.py:213 - "GET /static/assets/scripts/trading-single.js HTTP/1.1" 200 40705
[2025-11-30 20:19:34,830] INFO django.server /Users/NETPHIX_DEV/Desktop/crypto-trading-broker/.venv/lib/python3.13/site-packages/django/core/servers/basehttp.py:213 - "GET /api/v1/trading/config/ HTTP/1.1" 200 1299
[2025-11-30 20:19:34,972] INFO django.server /Users/NETPHIX_DEV/Desktop/crypto-trading-broker/.venv/lib/python3.13/site-packages/django/core/servers/basehttp.py:213 - "GET /api/v1/orders/trading_summary/ HTTP/1.1" 200 291
[2025-11-30 20:19:34,990] INFO django.server /Users/NETPHIX_DEV/Desktop/crypto-trading-broker/.venv/lib/python3.13/site-packages/django/core/servers/basehttp.py:213 - "GET /api/v1/positions/ HTTP/1.1" 200 4956
[2025-11-30 20:19:35,031] INFO django.server /Users/NETPHIX_DEV/Desktop/crypto-trading-broker/.venv/lib/python3.13/site-packages/django/core/servers/basehttp.py:213 - "GET /api/v1/orders/ HTTP/1.1" 200 15740
[2025-11-30 20:19:35,049] INFO django.server /Users/NETPHIX_DEV/Desktop/crypto-trading-broker/.venv/lib/python3.13/site-packages/django/core/servers/basehttp.py:213 - "GET /api/v1/trading-pairs/1/ HTTP/1.1" 200 590
[2025-11-30 20:19:35,112] INFO django.server /Users/NETPHIX_DEV/Desktop/crypto-trading-broker/.venv/lib/python3.13/site-packages/django/core/servers/basehttp.py:213 - "GET /api/v1/trading-pairs/1/market_data/ HTTP/1.1" 200 335
[2025-11-30 20:19:35,127] INFO django.server /Users/NETPHIX_DEV/Desktop/crypto-trading-broker/.venv/lib/python3.13/site-packages/django/core/servers/basehttp.py:213 - "GET /api/v1/accounts/balance/ HTTP/1.1" 200 353
[2025-11-30 20:19:35,175] INFO django.server /Users/NETPHIX_DEV/Desktop/crypto-trading-broker/.venv/lib/python3.13/site-packages/django/core/servers/basehttp.py:213 - "GET /api/v1/positions/ HTTP/1.1" 200 4956
[2025-11-30 20:19:35,229] INFO django.server /Users/NETPHIX_DEV/Desktop/crypto-trading-broker/.venv/lib/python3.13/site-packages/django/core/servers/basehttp.py:213 - "GET /api/v1/orders/ HTTP/1.1" 200 15740
[2025-11-30 20:19:35,291] INFO django.server /Users/NETPHIX_DEV/Desktop/crypto-trading-broker/.venv/lib/python3.13/site-packages/django/core/servers/basehttp.py:213 - "GET /api/v1/transactions/ HTTP/1.1" 200 3569
[2025-11-30 20:19:44,144] INFO django.server /Users/NETPHIX_DEV/Desktop/crypto-trading-broker/.venv/lib/python3.13/site-packages/django/core/servers/basehttp.py:213 - "GET /static/assets/img/XoR8MfdPTzQDfF4JVKuMIQhGj8HmCdPoBxveN4vK.png HTTP/1.1" 200 8868
[2025-11-30 20:23:15,952] INFO django.server /Users/NETPHIX_DEV/Desktop/crypto-trading-broker/.venv/lib/python3.13/site-packages/django/core/servers/basehttp.py:213 - "POST /api/v1/cron/expire-orders/?token=5Pm-SoiK_WTo2hU1sfsprv4qaUTqp_s0rdbdag45k9M= HTTP/1.1" 200 131
[2025-11-30 20:24:00,527] INFO django.server /Users/NETPHIX_DEV/Desktop/crypto-trading-broker/.venv/lib/python3.13/site-packages/django/core/servers/basehttp.py:213 - "POST /api/v1/cron/execute-orders/?token=5Pm-SoiK_WTo2hU1sfsprv4qaUTqp_s0rdbdag45k9M= HTTP/1.1" 200 168
[2025-11-30 20:24:10,603] INFO django.server /Users/NETPHIX_DEV/Desktop/crypto-trading-broker/.venv/lib/python3.13/site-packages/django/core/servers/basehttp.py:213 - "POST /api/v1/cron/update-positions/?token=5Pm-SoiK_WTo2hU1sfsprv4qaUTqp_s0rdbdag45k9M= HTTP/1.1" 200 416
[2025-11-30 20:25:00,437] INFO django.server /Users/NETPHIX_DEV/Desktop/crypto-trading-broker/.venv/lib/python3.13/site-packages/django/core/servers/basehttp.py:213 - "POST /api/v1/cron/execute-orders/?token=5Pm-SoiK_WTo2hU1sfsprv4qaUTqp_s0rdbdag45k9M= HTTP/1.1" 200 168
[2025-11-30 20:25:01,116] INFO django.server /Users/NETPHIX_DEV/Desktop/crypto-trading-broker/.venv/lib/python3.13/site-packages/django/core/servers/basehttp.py:213 - "POST /api/v1/cron/expire-orders/?token=5Pm-SoiK_WTo2hU1sfsprv4qaUTqp_s0rdbdag45k9M= HTTP/1.1" 200 131
[2025-11-30 20:25:08,375] INFO django.server /Users/NETPHIX_DEV/Desktop/crypto-trading-broker/.venv/lib/python3.13/site-packages/django/core/servers/basehttp.py:213 - "POST /api/v1/cron/update-positions/?token=5Pm-SoiK_WTo2hU1sfsprv4qaUTqp_s0rdbdag45k9M= HTTP/1.1" 200 416
[2025-11-30 20:26:00,491] INFO django.server /Users/NETPHIX_DEV/Desktop/crypto-trading-broker/.venv/lib/python3.13/site-packages/django/core/servers/basehttp.py:213 - "POST /api/v1/cron/execute-orders/?token=5Pm-SoiK_WTo2hU1sfsprv4qaUTqp_s0rdbdag45k9M= HTTP/1.1" 200 168
[2025-11-30 20:26:00,529] INFO django.server /Users/NETPHIX_DEV/Desktop/crypto-trading-broker/.venv/lib/python3.13/site-packages/django/core/servers/basehttp.py:213 - "POST /api/v1/cron/expire-orders/?token=5Pm-SoiK_WTo2hU1sfsprv4qaUTqp_s0rdbdag45k9M= HTTP/1.1" 200 131
[2025-11-30 20:26:13,772] INFO django.server /Users/NETPHIX_DEV/Desktop/crypto-trading-broker/.venv/lib/python3.13/site-packages/django/core/servers/basehttp.py:213 - "POST /api/v1/cron/update-positions/?token=5Pm-SoiK_WTo2hU1sfsprv4qaUTqp_s0rdbdag45k9M= HTTP/1.1" 200 416
[2025-11-30 20:26:51,010] INFO django.server /Users/NETPHIX_DEV/Desktop/crypto-trading-broker/.venv/lib/python3.13/site-packages/django/core/servers/basehttp.py:213 - "GET /dashboard/trading-view/13/ HTTP/1.1" 200 119591
[2025-11-30 20:26:51,084] INFO django.server /Users/NETPHIX_DEV/Desktop/crypto-trading-broker/.venv/lib/python3.13/site-packages/django/core/servers/basehttp.py:213 - "GET /static/assets/scripts/trading-single.js HTTP/1.1" 304 0
[2025-11-30 20:26:52,410] INFO django.server /Users/NETPHIX_DEV/Desktop/crypto-trading-broker/.venv/lib/python3.13/site-packages/django/core/servers/basehttp.py:213 - "GET /api/v1/trading/config/ HTTP/1.1" 200 1299
[2025-11-30 20:26:52,525] INFO django.server /Users/NETPHIX_DEV/Desktop/crypto-trading-broker/.venv/lib/python3.13/site-packages/django/core/servers/basehttp.py:213 - "GET /api/v1/orders/trading_summary/ HTTP/1.1" 200 290
[2025-11-30 20:26:52,551] INFO django.server /Users/NETPHIX_DEV/Desktop/crypto-trading-broker/.venv/lib/python3.13/site-packages/django/core/servers/basehttp.py:213 - "GET /api/v1/positions/ HTTP/1.1" 200 4952
[2025-11-30 20:26:52,573] INFO django.server /Users/NETPHIX_DEV/Desktop/crypto-trading-broker/.venv/lib/python3.13/site-packages/django/core/servers/basehttp.py:213 - "GET /api/v1/orders/ HTTP/1.1" 200 15740
[2025-11-30 20:26:52,588] INFO django.server /Users/NETPHIX_DEV/Desktop/crypto-trading-broker/.venv/lib/python3.13/site-packages/django/core/servers/basehttp.py:213 - "GET /api/v1/trading-pairs/13/ HTTP/1.1" 200 550
[2025-11-30 20:26:57,486] INFO django.server /Users/NETPHIX_DEV/Desktop/crypto-trading-broker/.venv/lib/python3.13/site-packages/django/core/servers/basehttp.py:213 - "GET /api/v1/trading-pairs/13/market_data/ HTTP/1.1" 200 347
[2025-11-30 20:26:57,500] INFO django.server /Users/NETPHIX_DEV/Desktop/crypto-trading-broker/.venv/lib/python3.13/site-packages/django/core/servers/basehttp.py:213 - "GET /api/v1/accounts/balance/ HTTP/1.1" 200 353
[2025-11-30 20:26:57,527] INFO django.server /Users/NETPHIX_DEV/Desktop/crypto-trading-broker/.venv/lib/python3.13/site-packages/django/core/servers/basehttp.py:213 - "GET /api/v1/positions/ HTTP/1.1" 200 4952
[2025-11-30 20:26:57,552] INFO django.server /Users/NETPHIX_DEV/Desktop/crypto-trading-broker/.venv/lib/python3.13/site-packages/django/core/servers/basehttp.py:213 - "GET /api/v1/orders/ HTTP/1.1" 200 15740
[2025-11-30 20:26:57,573] INFO django.server /Users/NETPHIX_DEV/Desktop/crypto-trading-broker/.venv/lib/python3.13/site-packages/django/core/servers/basehttp.py:213 - "GET /api/v1/transactions/ HTTP/1.1" 200 3569
[2025-11-30 20:27:00,618] INFO django.server /Users/NETPHIX_DEV/Desktop/crypto-trading-broker/.venv/lib/python3.13/site-packages/django/core/servers/basehttp.py:213 - "POST /api/v1/cron/execute-orders/?token=5Pm-SoiK_WTo2hU1sfsprv4qaUTqp_s0rdbdag45k9M= HTTP/1.1" 200 168
[2025-11-30 20:27:01,048] INFO django.server /Users/NETPHIX_DEV/Desktop/crypto-trading-broker/.venv/lib/python3.13/site-packages/django/core/servers/basehttp.py:213 - "POST /api/v1/cron/expire-orders/?token=5Pm-SoiK_WTo2hU1sfsprv4qaUTqp_s0rdbdag45k9M= HTTP/1.1" 200 131
[2025-11-30 20:27:08,728] INFO django.server /Users/NETPHIX_DEV/Desktop/crypto-trading-broker/.venv/lib/python3.13/site-packages/django/core/servers/basehttp.py:213 - "POST /api/v1/cron/update-positions/?token=5Pm-SoiK_WTo2hU1sfsprv4qaUTqp_s0rdbdag45k9M= HTTP/1.1" 200 416
[2025-11-30 20:28:01,803] INFO django.server /Users/NETPHIX_DEV/Desktop/crypto-trading-broker/.venv/lib/python3.13/site-packages/django/core/servers/basehttp.py:213 - "POST /api/v1/cron/execute-orders/?token=5Pm-SoiK_WTo2hU1sfsprv4qaUTqp_s0rdbdag45k9M= HTTP/1.1" 200 168
[2025-11-30 20:28:01,806] INFO django.server /Users/NETPHIX_DEV/Desktop/crypto-trading-broker/.venv/lib/python3.13/site-packages/django/core/servers/basehttp.py:213 - "POST /api/v1/cron/expire-orders/?token=5Pm-SoiK_WTo2hU1sfsprv4qaUTqp_s0rdbdag45k9M= HTTP/1.1" 200 131
[2025-11-30 20:28:14,765] INFO django.server /Users/NETPHIX_DEV/Desktop/crypto-trading-broker/.venv/lib/python3.13/site-packages/django/core/servers/basehttp.py:213 - "POST /api/v1/cron/update-positions/?token=5Pm-SoiK_WTo2hU1sfsprv4qaUTqp_s0rdbdag45k9M= HTTP/1.1" 200 416
[2025-11-30 20:29:00,704] INFO django.server /Users/NETPHIX_DEV/Desktop/crypto-trading-broker/.venv/lib/python3.13/site-packages/django/core/servers/basehttp.py:213 - "POST /api/v1/cron/execute-orders/?token=5Pm-SoiK_WTo2hU1sfsprv4qaUTqp_s0rdbdag45k9M= HTTP/1.1" 200 168
[2025-11-30 20:29:00,705] INFO django.server /Users/NETPHIX_DEV/Desktop/crypto-trading-broker/.venv/lib/python3.13/site-packages/django/core/servers/basehttp.py:213 - "POST /api/v1/cron/expire-orders/?token=5Pm-SoiK_WTo2hU1sfsprv4qaUTqp_s0rdbdag45k9M= HTTP/1.1" 200 131
[2025-11-30 20:29:07,734] INFO django.server /Users/NETPHIX_DEV/Desktop/crypto-trading-broker/.venv/lib/python3.13/site-packages/django/core/servers/basehttp.py:213 - "POST /api/v1/cron/update-positions/?token=5Pm-SoiK_WTo2hU1sfsprv4qaUTqp_s0rdbdag45k9M= HTTP/1.1" 200 416
[2025-11-30 20:30:03,093] INFO django.server /Users/NETPHIX_DEV/Desktop/crypto-trading-broker/.venv/lib/python3.13/site-packages/django/core/servers/basehttp.py:213 - "POST /api/v1/cron/execute-orders/?token=5Pm-SoiK_WTo2hU1sfsprv4qaUTqp_s0rdbdag45k9M= HTTP/1.1" 200 168
[2025-11-30 20:30:03,498] INFO django.server /Users/NETPHIX_DEV/Desktop/crypto-trading-broker/.venv/lib/python3.13/site-packages/django/core/servers/basehttp.py:213 - "POST /api/v1/cron/expire-orders/?token=5Pm-SoiK_WTo2hU1sfsprv4qaUTqp_s0rdbdag45k9M= HTTP/1.1" 200 131
[2025-11-30 20:30:15,307] INFO django.server /Users/NETPHIX_DEV/Desktop/crypto-trading-broker/.venv/lib/python3.13/site-packages/django/core/servers/basehttp.py:213 - "POST /api/v1/cron/update-positions/?token=5Pm-SoiK_WTo2hU1sfsprv4qaUTqp_s0rdbdag45k9M= HTTP/1.1" 200 416
[2025-11-30 20:31:01,352] INFO django.server /Users/NETPHIX_DEV/Desktop/crypto-trading-broker/.venv/lib/python3.13/site-packages/django/core/servers/basehttp.py:213 - "POST /api/v1/cron/execute-orders/?token=5Pm-SoiK_WTo2hU1sfsprv4qaUTqp_s0rdbdag45k9M= HTTP/1.1" 200 168
[2025-11-30 20:31:01,353] INFO django.server /Users/NETPHIX_DEV/Desktop/crypto-trading-broker/.venv/lib/python3.13/site-packages/django/core/servers/basehttp.py:213 - "POST /api/v1/cron/expire-orders/?token=5Pm-SoiK_WTo2hU1sfsprv4qaUTqp_s0rdbdag45k9M= HTTP/1.1" 200 131
[2025-11-30 20:31:08,392] INFO django.server /Users/NETPHIX_DEV/Desktop/crypto-trading-broker/.venv/lib/python3.13/site-packages/django/core/servers/basehttp.py:213 - "POST /api/v1/cron/update-positions/?token=5Pm-SoiK_WTo2hU1sfsprv4qaUTqp_s0rdbdag45k9M= HTTP/1.1" 200 416
[2025-11-30 20:32:00,526] INFO django.server /Users/NETPHIX_DEV/Desktop/crypto-trading-broker/.venv/lib/python3.13/site-packages/django/core/servers/basehttp.py:213 - "POST /api/v1/cron/expire-orders/?token=5Pm-SoiK_WTo2hU1sfsprv4qaUTqp_s0rdbdag45k9M= HTTP/1.1" 200 131
[2025-11-30 20:32:00,529] INFO django.server /Users/NETPHIX_DEV/Desktop/crypto-trading-broker/.venv/lib/python3.13/site-packages/django/core/servers/basehttp.py:213 - "POST /api/v1/cron/execute-orders/?token=5Pm-SoiK_WTo2hU1sfsprv4qaUTqp_s0rdbdag45k9M= HTTP/1.1" 200 168
[2025-11-30 20:32:13,500] INFO django.server /Users/NETPHIX_DEV/Desktop/crypto-trading-broker/.venv/lib/python3.13/site-packages/django/core/servers/basehttp.py:213 - "POST /api/v1/cron/update-positions/?token=5Pm-SoiK_WTo2hU1sfsprv4qaUTqp_s0rdbdag45k9M= HTTP/1.1" 200 417
[2025-11-30 20:33:00,459] INFO django.server /Users/NETPHIX_DEV/Desktop/crypto-trading-broker/.venv/lib/python3.13/site-packages/django/core/servers/basehttp.py:213 - "POST /api/v1/cron/expire-orders/?token=5Pm-SoiK_WTo2hU1sfsprv4qaUTqp_s0rdbdag45k9M= HTTP/1.1" 200 131
[2025-11-30 20:33:00,524] INFO django.server /Users/NETPHIX_DEV/Desktop/crypto-trading-broker/.venv/lib/python3.13/site-packages/django/core/servers/basehttp.py:213 - "POST /api/v1/cron/execute-orders/?token=5Pm-SoiK_WTo2hU1sfsprv4qaUTqp_s0rdbdag45k9M= HTTP/1.1" 200 168
[2025-11-30 20:33:10,124] INFO django.server /Users/NETPHIX_DEV/Desktop/crypto-trading-broker/.venv/lib/python3.13/site-packages/django/core/servers/basehttp.py:213 - "POST /api/v1/cron/update-positions/?token=5Pm-SoiK_WTo2hU1sfsprv4qaUTqp_s0rdbdag45k9M= HTTP/1.1" 200 417
[2025-11-30 20:34:00,539] INFO django.server /Users/NETPHIX_DEV/Desktop/crypto-trading-broker/.venv/lib/python3.13/site-packages/django/core/servers/basehttp.py:213 - "POST /api/v1/cron/expire-orders/?token=5Pm-SoiK_WTo2hU1sfsprv4qaUTqp_s0rdbdag45k9M= HTTP/1.1" 200 131
[2025-11-30 20:34:00,915] INFO django.server /Users/NETPHIX_DEV/Desktop/crypto-trading-broker/.venv/lib/python3.13/site-packages/django/core/servers/basehttp.py:213 - "POST /api/v1/cron/execute-orders/?token=5Pm-SoiK_WTo2hU1sfsprv4qaUTqp_s0rdbdag45k9M= HTTP/1.1" 200 168
[2025-11-30 20:34:14,022] INFO django.server /Users/NETPHIX_DEV/Desktop/crypto-trading-broker/.venv/lib/python3.13/site-packages/django/core/servers/basehttp.py:213 - "POST /api/v1/cron/update-positions/?token=5Pm-SoiK_WTo2hU1sfsprv4qaUTqp_s0rdbdag45k9M= HTTP/1.1" 200 417
[2025-11-30 20:35:00,912] INFO django.server /Users/NETPHIX_DEV/Desktop/crypto-trading-broker/.venv/lib/python3.13/site-packages/django/core/servers/basehttp.py:213 - "POST /api/v1/cron/expire-orders/?token=5Pm-SoiK_WTo2hU1sfsprv4qaUTqp_s0rdbdag45k9M= HTTP/1.1" 200 131
[2025-11-30 20:35:00,953] INFO django.server /Users/NETPHIX_DEV/Desktop/crypto-trading-broker/.venv/lib/python3.13/site-packages/django/core/servers/basehttp.py:213 - "POST /api/v1/cron/execute-orders/?token=5Pm-SoiK_WTo2hU1sfsprv4qaUTqp_s0rdbdag45k9M= HTTP/1.1" 200 168
[2025-11-30 20:35:07,295] INFO django.server /Users/NETPHIX_DEV/Desktop/crypto-trading-broker/.venv/lib/python3.13/site-packages/django/core/servers/basehttp.py:213 - "POST /api/v1/cron/update-positions/?token=5Pm-SoiK_WTo2hU1sfsprv4qaUTqp_s0rdbdag45k9M= HTTP/1.1" 200 417
[2025-11-30 20:37:00,480] INFO django.server /Users/NETPHIX_DEV/Desktop/crypto-trading-broker/.venv/lib/python3.13/site-packages/django/core/servers/basehttp.py:213 - "POST /api/v1/cron/expire-orders/?token=5Pm-SoiK_WTo2hU1sfsprv4qaUTqp_s0rdbdag45k9M= HTTP/1.1" 200 131
[2025-11-30 20:37:00,522] INFO django.server /Users/NETPHIX_DEV/Desktop/crypto-trading-broker/.venv/lib/python3.13/site-packages/django/core/servers/basehttp.py:213 - "POST /api/v1/cron/execute-orders/?token=5Pm-SoiK_WTo2hU1sfsprv4qaUTqp_s0rdbdag45k9M= HTTP/1.1" 200 168
[2025-11-30 20:37:27,317] INFO django.server /Users/NETPHIX_DEV/Desktop/crypto-trading-broker/.venv/lib/python3.13/site-packages/django/core/servers/basehttp.py:213 - "POST /api/v1/cron/update-positions/?token=5Pm-SoiK_WTo2hU1sfsprv4qaUTqp_s0rdbdag45k9M= HTTP/1.1" 200 594
[2025-11-30 20:37:27,318] INFO django.server /Users/NETPHIX_DEV/Desktop/crypto-trading-broker/.venv/lib/python3.13/site-packages/django/core/servers/basehttp.py:81 - - Broken pipe from ('127.0.0.1', 61402)
[2025-11-30 20:39:00,467] INFO django.server /Users/NETPHIX_DEV/Desktop/crypto-trading-broker/.venv/lib/python3.13/site-packages/django/core/servers/basehttp.py:213 - "POST /api/v1/cron/execute-orders/?token=5Pm-SoiK_WTo2hU1sfsprv4qaUTqp_s0rdbdag45k9M= HTTP/1.1" 200 168
[2025-11-30 20:39:00,581] INFO django.server /Users/NETPHIX_DEV/Desktop/crypto-trading-broker/.venv/lib/python3.13/site-packages/django/core/servers/basehttp.py:213 - "POST /api/v1/cron/expire-orders/?token=5Pm-SoiK_WTo2hU1sfsprv4qaUTqp_s0rdbdag45k9M= HTTP/1.1" 200 131
[2025-11-30 20:39:13,927] INFO django.server /Users/NETPHIX_DEV/Desktop/crypto-trading-broker/.venv/lib/python3.13/site-packages/django/core/servers/basehttp.py:213 - "POST /api/v1/cron/update-positions/?token=5Pm-SoiK_WTo2hU1sfsprv4qaUTqp_s0rdbdag45k9M= HTTP/1.1" 200 417
[2025-11-30 20:39:41,500] WARNING django.server /Users/NETPHIX_DEV/Desktop/crypto-trading-broker/.venv/lib/python3.13/site-packages/django/core/servers/basehttp.py:213 - "GET /api/v1/transactions/?trading_pair=3 HTTP/1.1" 401 10077
[2025-11-30 20:39:41,950] INFO django.server /Users/NETPHIX_DEV/Desktop/crypto-trading-broker/.venv/lib/python3.13/site-packages/django/core/servers/basehttp.py:213 - "GET /static/rest_framework/css/default.css HTTP/1.1" 200 1152
[2025-11-30 20:39:41,950] INFO django.server /Users/NETPHIX_DEV/Desktop/crypto-trading-broker/.venv/lib/python3.13/site-packages/django/core/servers/basehttp.py:213 - "GET /static/rest_framework/css/bootstrap-tweaks.css HTTP/1.1" 200 3426
[2025-11-30 20:39:41,951] INFO django.server /Users/NETPHIX_DEV/Desktop/crypto-trading-broker/.venv/lib/python3.13/site-packages/django/core/servers/basehttp.py:213 - "GET /static/rest_framework/css/prettify.css HTTP/1.1" 200 817
[2025-11-30 20:39:41,951] INFO django.server /Users/NETPHIX_DEV/Desktop/crypto-trading-broker/.venv/lib/python3.13/site-packages/django/core/servers/basehttp.py:213 - "GET /static/rest_framework/js/ajax-form.js HTTP/1.1" 200 3796
[2025-11-30 20:39:41,964] INFO django.server /Users/NETPHIX_DEV/Desktop/crypto-trading-broker/.venv/lib/python3.13/site-packages/django/core/servers/basehttp.py:213 - "GET /static/rest_framework/js/csrf.js HTTP/1.1" 200 1793
[2025-11-30 20:39:41,966] INFO django.server /Users/NETPHIX_DEV/Desktop/crypto-trading-broker/.venv/lib/python3.13/site-packages/django/core/servers/basehttp.py:213 - "GET /static/rest_framework/js/prettify-min.js HTTP/1.1" 200 13632
[2025-11-30 20:39:41,966] INFO django.server /Users/NETPHIX_DEV/Desktop/crypto-trading-broker/.venv/lib/python3.13/site-packages/django/core/servers/basehttp.py:213 - "GET /static/rest_framework/js/default.js HTTP/1.1" 200 1268
[2025-11-30 20:39:41,967] INFO django.server /Users/NETPHIX_DEV/Desktop/crypto-trading-broker/.venv/lib/python3.13/site-packages/django/core/servers/basehttp.py:213 - "GET /static/rest_framework/js/jquery-3.7.1.min.js HTTP/1.1" 200 87533
[2025-11-30 20:39:41,968] INFO django.server /Users/NETPHIX_DEV/Desktop/crypto-trading-broker/.venv/lib/python3.13/site-packages/django/core/servers/basehttp.py:213 - "GET /static/rest_framework/js/bootstrap.min.js HTTP/1.1" 200 39680
[2025-11-30 20:39:41,970] INFO django.server /Users/NETPHIX_DEV/Desktop/crypto-trading-broker/.venv/lib/python3.13/site-packages/django/core/servers/basehttp.py:213 - "GET /static/rest_framework/js/load-ajax-form.js HTTP/1.1" 200 59
[2025-11-30 20:39:41,971] INFO django.server /Users/NETPHIX_DEV/Desktop/crypto-trading-broker/.venv/lib/python3.13/site-packages/django/core/servers/basehttp.py:213 - "GET /static/rest_framework/css/bootstrap.min.css HTTP/1.1" 200 121457
[2025-11-30 20:39:42,034] INFO django.server /Users/NETPHIX_DEV/Desktop/crypto-trading-broker/.venv/lib/python3.13/site-packages/django/core/servers/basehttp.py:213 - "GET /static/rest_framework/img/grid.png HTTP/1.1" 200 1458
[2025-11-30 20:39:42,229] WARNING django.server /Users/NETPHIX_DEV/Desktop/crypto-trading-broker/.venv/lib/python3.13/site-packages/django/core/servers/basehttp.py:213 - "GET /apple-touch-icon-precomposed.png HTTP/1.1" 404 20251
[2025-11-30 20:39:42,260] WARNING django.server /Users/NETPHIX_DEV/Desktop/crypto-trading-broker/.venv/lib/python3.13/site-packages/django/core/servers/basehttp.py:213 - "GET /apple-touch-icon.png HTTP/1.1" 404 20215
[2025-11-30 20:40:02,045] INFO django.server /Users/NETPHIX_DEV/Desktop/crypto-trading-broker/.venv/lib/python3.13/site-packages/django/core/servers/basehttp.py:213 - "POST /api/v1/cron/expire-orders/?token=5Pm-SoiK_WTo2hU1sfsprv4qaUTqp_s0rdbdag45k9M= HTTP/1.1" 200 131
[2025-11-30 20:40:02,325] INFO django.server /Users/NETPHIX_DEV/Desktop/crypto-trading-broker/.venv/lib/python3.13/site-packages/django/core/servers/basehttp.py:213 - "POST /api/v1/cron/execute-orders/?token=5Pm-SoiK_WTo2hU1sfsprv4qaUTqp_s0rdbdag45k9M= HTTP/1.1" 200 168
[2025-11-30 20:40:11,159] INFO django.server /Users/NETPHIX_DEV/Desktop/crypto-trading-broker/.venv/lib/python3.13/site-packages/django/core/servers/basehttp.py:213 - "POST /api/v1/cron/update-positions/?token=5Pm-SoiK_WTo2hU1sfsprv4qaUTqp_s0rdbdag45k9M= HTTP/1.1" 200 417
[2025-11-30 20:41:00,472] INFO django.server /Users/NETPHIX_DEV/Desktop/crypto-trading-broker/.venv/lib/python3.13/site-packages/django/core/servers/basehttp.py:213 - "POST /api/v1/cron/execute-orders/?token=5Pm-SoiK_WTo2hU1sfsprv4qaUTqp_s0rdbdag45k9M= HTTP/1.1" 200 168
[2025-11-30 20:41:00,705] INFO django.server /Users/NETPHIX_DEV/Desktop/crypto-trading-broker/.venv/lib/python3.13/site-packages/django/core/servers/basehttp.py:213 - "POST /api/v1/cron/expire-orders/?token=5Pm-SoiK_WTo2hU1sfsprv4qaUTqp_s0rdbdag45k9M= HTTP/1.1" 200 131
[2025-11-30 20:41:12,899] INFO django.server /Users/NETPHIX_DEV/Desktop/crypto-trading-broker/.venv/lib/python3.13/site-packages/django/core/servers/basehttp.py:213 - "POST /api/v1/cron/update-positions/?token=5Pm-SoiK_WTo2hU1sfsprv4qaUTqp_s0rdbdag45k9M= HTTP/1.1" 200 417
[2025-11-30 20:42:00,298] INFO django.server /Users/NETPHIX_DEV/Desktop/crypto-trading-broker/.venv/lib/python3.13/site-packages/django/core/servers/basehttp.py:213 - "POST /api/v1/cron/execute-orders/?token=5Pm-SoiK_WTo2hU1sfsprv4qaUTqp_s0rdbdag45k9M= HTTP/1.1" 200 168
[2025-11-30 20:42:00,414] INFO django.server /Users/NETPHIX_DEV/Desktop/crypto-trading-broker/.venv/lib/python3.13/site-packages/django/core/servers/basehttp.py:213 - "POST /api/v1/cron/expire-orders/?token=5Pm-SoiK_WTo2hU1sfsprv4qaUTqp_s0rdbdag45k9M= HTTP/1.1" 200 131
[2025-11-30 20:42:07,587] INFO django.server /Users/NETPHIX_DEV/Desktop/crypto-trading-broker/.venv/lib/python3.13/site-packages/django/core/servers/basehttp.py:213 - "POST /api/v1/cron/update-positions/?token=5Pm-SoiK_WTo2hU1sfsprv4qaUTqp_s0rdbdag45k9M= HTTP/1.1" 200 417
[2025-11-30 20:43:00,570] INFO django.server /Users/NETPHIX_DEV/Desktop/crypto-trading-broker/.venv/lib/python3.13/site-packages/django/core/servers/basehttp.py:213 - "POST /api/v1/cron/expire-orders/?token=5Pm-SoiK_WTo2hU1sfsprv4qaUTqp_s0rdbdag45k9M= HTTP/1.1" 200 131
[2025-11-30 20:43:00,840] INFO django.server /Users/NETPHIX_DEV/Desktop/crypto-trading-broker/.venv/lib/python3.13/site-packages/django/core/servers/basehttp.py:213 - "POST /api/v1/cron/execute-orders/?token=5Pm-SoiK_WTo2hU1sfsprv4qaUTqp_s0rdbdag45k9M= HTTP/1.1" 200 168
[2025-11-30 20:43:14,973] INFO django.server /Users/NETPHIX_DEV/Desktop/crypto-trading-broker/.venv/lib/python3.13/site-packages/django/core/servers/basehttp.py:213 - "POST /api/v1/cron/update-positions/?token=5Pm-SoiK_WTo2hU1sfsprv4qaUTqp_s0rdbdag45k9M= HTTP/1.1" 200 417
[2025-11-30 20:44:00,769] INFO django.server /Users/NETPHIX_DEV/Desktop/crypto-trading-broker/.venv/lib/python3.13/site-packages/django/core/servers/basehttp.py:213 - "POST /api/v1/cron/execute-orders/?token=5Pm-SoiK_WTo2hU1sfsprv4qaUTqp_s0rdbdag45k9M= HTTP/1.1" 200 168
[2025-11-30 20:44:00,800] INFO django.server /Users/NETPHIX_DEV/Desktop/crypto-trading-broker/.venv/lib/python3.13/site-packages/django/core/servers/basehttp.py:213 - "POST /api/v1/cron/expire-orders/?token=5Pm-SoiK_WTo2hU1sfsprv4qaUTqp_s0rdbdag45k9M= HTTP/1.1" 200 131
[2025-11-30 20:44:07,860] INFO django.server /Users/NETPHIX_DEV/Desktop/crypto-trading-broker/.venv/lib/python3.13/site-packages/django/core/servers/basehttp.py:213 - "POST /api/v1/cron/update-positions/?token=5Pm-SoiK_WTo2hU1sfsprv4qaUTqp_s0rdbdag45k9M= HTTP/1.1" 200 417
[2025-11-30 20:45:01,756] INFO django.server /Users/NETPHIX_DEV/Desktop/crypto-trading-broker/.venv/lib/python3.13/site-packages/django/core/servers/basehttp.py:213 - "POST /api/v1/cron/expire-orders/?token=5Pm-SoiK_WTo2hU1sfsprv4qaUTqp_s0rdbdag45k9M= HTTP/1.1" 200 131
[2025-11-30 20:45:01,901] INFO django.server /Users/NETPHIX_DEV/Desktop/crypto-trading-broker/.venv/lib/python3.13/site-packages/django/core/servers/basehttp.py:213 - "POST /api/v1/cron/execute-orders/?token=5Pm-SoiK_WTo2hU1sfsprv4qaUTqp_s0rdbdag45k9M= HTTP/1.1" 200 168
[2025-11-30 20:45:13,621] INFO django.server /Users/NETPHIX_DEV/Desktop/crypto-trading-broker/.venv/lib/python3.13/site-packages/django/core/servers/basehttp.py:213 - "POST /api/v1/cron/update-positions/?token=5Pm-SoiK_WTo2hU1sfsprv4qaUTqp_s0rdbdag45k9M= HTTP/1.1" 200 417
[2025-11-30 20:46:00,298] INFO django.server /Users/NETPHIX_DEV/Desktop/crypto-trading-broker/.venv/lib/python3.13/site-packages/django/core/servers/basehttp.py:213 - "POST /api/v1/cron/execute-orders/?token=5Pm-SoiK_WTo2hU1sfsprv4qaUTqp_s0rdbdag45k9M= HTTP/1.1" 200 168
[2025-11-30 20:46:00,404] INFO django.server /Users/NETPHIX_DEV/Desktop/crypto-trading-broker/.venv/lib/python3.13/site-packages/django/core/servers/basehttp.py:213 - "POST /api/v1/cron/expire-orders/?token=5Pm-SoiK_WTo2hU1sfsprv4qaUTqp_s0rdbdag45k9M= HTTP/1.1" 200 131
[2025-11-30 20:46:06,786] INFO django.server /Users/NETPHIX_DEV/Desktop/crypto-trading-broker/.venv/lib/python3.13/site-packages/django/core/servers/basehttp.py:213 - "POST /api/v1/cron/update-positions/?token=5Pm-SoiK_WTo2hU1sfsprv4qaUTqp_s0rdbdag45k9M= HTTP/1.1" 200 417
[2025-11-30 20:47:00,562] INFO django.server /Users/NETPHIX_DEV/Desktop/crypto-trading-broker/.venv/lib/python3.13/site-packages/django/core/servers/basehttp.py:213 - "POST /api/v1/cron/execute-orders/?token=5Pm-SoiK_WTo2hU1sfsprv4qaUTqp_s0rdbdag45k9M= HTTP/1.1" 200 168
[2025-11-30 20:47:00,571] INFO django.server /Users/NETPHIX_DEV/Desktop/crypto-trading-broker/.venv/lib/python3.13/site-packages/django/core/servers/basehttp.py:213 - "POST /api/v1/cron/expire-orders/?token=5Pm-SoiK_WTo2hU1sfsprv4qaUTqp_s0rdbdag45k9M= HTTP/1.1" 200 131
[2025-11-30 20:47:13,259] INFO django.server /Users/NETPHIX_DEV/Desktop/crypto-trading-broker/.venv/lib/python3.13/site-packages/django/core/servers/basehttp.py:213 - "POST /api/v1/cron/update-positions/?token=5Pm-SoiK_WTo2hU1sfsprv4qaUTqp_s0rdbdag45k9M= HTTP/1.1" 200 417
[2025-11-30 20:48:00,806] INFO django.server /Users/NETPHIX_DEV/Desktop/crypto-trading-broker/.venv/lib/python3.13/site-packages/django/core/servers/basehttp.py:213 - "POST /api/v1/cron/expire-orders/?token=5Pm-SoiK_WTo2hU1sfsprv4qaUTqp_s0rdbdag45k9M= HTTP/1.1" 200 131
[2025-11-30 20:48:01,020] INFO django.server /Users/NETPHIX_DEV/Desktop/crypto-trading-broker/.venv/lib/python3.13/site-packages/django/core/servers/basehttp.py:213 - "POST /api/v1/cron/execute-orders/?token=5Pm-SoiK_WTo2hU1sfsprv4qaUTqp_s0rdbdag45k9M= HTTP/1.1" 200 168
[2025-11-30 20:48:09,238] INFO django.server /Users/NETPHIX_DEV/Desktop/crypto-trading-broker/.venv/lib/python3.13/site-packages/django/core/servers/basehttp.py:213 - "POST /api/v1/cron/update-positions/?token=5Pm-SoiK_WTo2hU1sfsprv4qaUTqp_s0rdbdag45k9M= HTTP/1.1" 200 417
[2025-11-30 20:48:31,732] INFO django.server /Users/NETPHIX_DEV/Desktop/crypto-trading-broker/.venv/lib/python3.13/site-packages/django/core/servers/basehttp.py:213 - "GET /dashboard/trading-view/13/ HTTP/1.1" 200 119591
[2025-11-30 20:48:31,808] INFO django.server /Users/NETPHIX_DEV/Desktop/crypto-trading-broker/.venv/lib/python3.13/site-packages/django/core/servers/basehttp.py:213 - "GET /static/assets/scripts/trading-single.js HTTP/1.1" 200 41363
[2025-11-30 20:48:33,273] INFO django.server /Users/NETPHIX_DEV/Desktop/crypto-trading-broker/.venv/lib/python3.13/site-packages/django/core/servers/basehttp.py:213 - "GET /api/v1/trading/config/ HTTP/1.1" 200 1299
[2025-11-30 20:48:33,391] INFO django.server /Users/NETPHIX_DEV/Desktop/crypto-trading-broker/.venv/lib/python3.13/site-packages/django/core/servers/basehttp.py:213 - "GET /api/v1/orders/trading_summary/ HTTP/1.1" 200 290
[2025-11-30 20:48:33,416] INFO django.server /Users/NETPHIX_DEV/Desktop/crypto-trading-broker/.venv/lib/python3.13/site-packages/django/core/servers/basehttp.py:213 - "GET /api/v1/positions/ HTTP/1.1" 200 4952
[2025-11-30 20:48:33,456] INFO django.server /Users/NETPHIX_DEV/Desktop/crypto-trading-broker/.venv/lib/python3.13/site-packages/django/core/servers/basehttp.py:213 - "GET /api/v1/orders/ HTTP/1.1" 200 15740
[2025-11-30 20:48:33,473] INFO django.server /Users/NETPHIX_DEV/Desktop/crypto-trading-broker/.venv/lib/python3.13/site-packages/django/core/servers/basehttp.py:213 - "GET /api/v1/trading-pairs/13/ HTTP/1.1" 200 550
[2025-11-30 20:48:38,142] INFO django.server /Users/NETPHIX_DEV/Desktop/crypto-trading-broker/.venv/lib/python3.13/site-packages/django/core/servers/basehttp.py:213 - "GET /api/v1/trading-pairs/13/market_data/ HTTP/1.1" 200 347
[2025-11-30 20:48:38,156] INFO django.server /Users/NETPHIX_DEV/Desktop/crypto-trading-broker/.venv/lib/python3.13/site-packages/django/core/servers/basehttp.py:213 - "GET /api/v1/accounts/balance/ HTTP/1.1" 200 353
[2025-11-30 20:48:38,172] INFO django.server /Users/NETPHIX_DEV/Desktop/crypto-trading-broker/.venv/lib/python3.13/site-packages/django/core/servers/basehttp.py:213 - "GET /api/v1/positions/ HTTP/1.1" 200 4952
[2025-11-30 20:48:38,199] INFO django.server /Users/NETPHIX_DEV/Desktop/crypto-trading-broker/.venv/lib/python3.13/site-packages/django/core/servers/basehttp.py:213 - "GET /api/v1/orders/ HTTP/1.1" 200 15740
[2025-11-30 20:48:38,251] INFO django.server /Users/NETPHIX_DEV/Desktop/crypto-trading-broker/.venv/lib/python3.13/site-packages/django/core/servers/basehttp.py:213 - "GET /api/v1/transactions/ HTTP/1.1" 200 3569
[2025-11-30 20:48:57,428] INFO django.server /Users/NETPHIX_DEV/Desktop/crypto-trading-broker/.venv/lib/python3.13/site-packages/django/core/servers/basehttp.py:213 - "GET /dashboard/trading-view/1/ HTTP/1.1" 200 119591
[2025-11-30 20:48:57,581] INFO django.server /Users/NETPHIX_DEV/Desktop/crypto-trading-broker/.venv/lib/python3.13/site-packages/django/core/servers/basehttp.py:213 - "GET /static/assets/scripts/trading-single.js HTTP/1.1" 304 0
[2025-11-30 20:48:57,786] WARNING django.server /Users/NETPHIX_DEV/Desktop/crypto-trading-broker/.venv/lib/python3.13/site-packages/django/core/servers/basehttp.py:213 - "GET /.well-known/appspecific/com.chrome.devtools.json HTTP/1.1" 404 20299
[2025-11-30 20:48:58,602] INFO django.server /Users/NETPHIX_DEV/Desktop/crypto-trading-broker/.venv/lib/python3.13/site-packages/django/core/servers/basehttp.py:213 - "GET /api/v1/trading/config/ HTTP/1.1" 200 1299
[2025-11-30 20:48:58,781] INFO django.server /Users/NETPHIX_DEV/Desktop/crypto-trading-broker/.venv/lib/python3.13/site-packages/django/core/servers/basehttp.py:213 - "GET /api/v1/orders/trading_summary/ HTTP/1.1" 200 290
[2025-11-30 20:48:58,840] INFO django.server /Users/NETPHIX_DEV/Desktop/crypto-trading-broker/.venv/lib/python3.13/site-packages/django/core/servers/basehttp.py:213 - "GET /api/v1/positions/ HTTP/1.1" 200 4952
[2025-11-30 20:48:58,886] INFO django.server /Users/NETPHIX_DEV/Desktop/crypto-trading-broker/.venv/lib/python3.13/site-packages/django/core/servers/basehttp.py:213 - "GET /api/v1/orders/ HTTP/1.1" 200 15740
[2025-11-30 20:48:58,907] INFO django.server /Users/NETPHIX_DEV/Desktop/crypto-trading-broker/.venv/lib/python3.13/site-packages/django/core/servers/basehttp.py:213 - "GET /api/v1/trading-pairs/1/ HTTP/1.1" 200 590
[2025-11-30 20:49:00,465] INFO django.server /Users/NETPHIX_DEV/Desktop/crypto-trading-broker/.venv/lib/python3.13/site-packages/django/core/servers/basehttp.py:213 - "POST /api/v1/cron/execute-orders/?token=5Pm-SoiK_WTo2hU1sfsprv4qaUTqp_s0rdbdag45k9M= HTTP/1.1" 200 168
[2025-11-30 20:49:00,545] INFO django.server /Users/NETPHIX_DEV/Desktop/crypto-trading-broker/.venv/lib/python3.13/site-packages/django/core/servers/basehttp.py:213 - "POST /api/v1/cron/expire-orders/?token=5Pm-SoiK_WTo2hU1sfsprv4qaUTqp_s0rdbdag45k9M= HTTP/1.1" 200 131
[2025-11-30 20:49:00,572] INFO django.server /Users/NETPHIX_DEV/Desktop/crypto-trading-broker/.venv/lib/python3.13/site-packages/django/core/servers/basehttp.py:213 - "GET /api/v1/trading-pairs/1/market_data/ HTTP/1.1" 200 334
[2025-11-30 20:49:00,593] INFO django.server /Users/NETPHIX_DEV/Desktop/crypto-trading-broker/.venv/lib/python3.13/site-packages/django/core/servers/basehttp.py:213 - "GET /api/v1/accounts/balance/ HTTP/1.1" 200 353
[2025-11-30 20:49:00,642] INFO django.server /Users/NETPHIX_DEV/Desktop/crypto-trading-broker/.venv/lib/python3.13/site-packages/django/core/servers/basehttp.py:213 - "GET /api/v1/positions/ HTTP/1.1" 200 4952
[2025-11-30 20:49:00,696] INFO django.server /Users/NETPHIX_DEV/Desktop/crypto-trading-broker/.venv/lib/python3.13/site-packages/django/core/servers/basehttp.py:213 - "GET /api/v1/orders/ HTTP/1.1" 200 15740
[2025-11-30 20:49:00,774] INFO django.server /Users/NETPHIX_DEV/Desktop/crypto-trading-broker/.venv/lib/python3.13/site-packages/django/core/servers/basehttp.py:213 - "GET /api/v1/transactions/ HTTP/1.1" 200 3569
[2025-11-30 20:49:11,800] INFO django.server /Users/NETPHIX_DEV/Desktop/crypto-trading-broker/.venv/lib/python3.13/site-packages/django/core/servers/basehttp.py:213 - "POST /api/v1/cron/update-positions/?token=5Pm-SoiK_WTo2hU1sfsprv4qaUTqp_s0rdbdag45k9M= HTTP/1.1" 200 417
[2025-11-30 20:49:43,195] INFO django.server /Users/NETPHIX_DEV/Desktop/crypto-trading-broker/.venv/lib/python3.13/site-packages/django/core/servers/basehttp.py:213 - "GET /dashboard/trading-view/1/ HTTP/1.1" 200 119591
[2025-11-30 20:49:43,250] INFO django.server /Users/NETPHIX_DEV/Desktop/crypto-trading-broker/.venv/lib/python3.13/site-packages/django/core/servers/basehttp.py:213 - "GET /static/assets/scripts/trading-single.js HTTP/1.1" 304 0
[2025-11-30 20:49:43,410] WARNING django.server /Users/NETPHIX_DEV/Desktop/crypto-trading-broker/.venv/lib/python3.13/site-packages/django/core/servers/basehttp.py:213 - "GET /.well-known/appspecific/com.chrome.devtools.json HTTP/1.1" 404 20299
[2025-11-30 20:49:44,427] INFO django.server /Users/NETPHIX_DEV/Desktop/crypto-trading-broker/.venv/lib/python3.13/site-packages/django/core/servers/basehttp.py:213 - "GET /api/v1/trading/config/ HTTP/1.1" 200 1299
[2025-11-30 20:49:44,542] INFO django.server /Users/NETPHIX_DEV/Desktop/crypto-trading-broker/.venv/lib/python3.13/site-packages/django/core/servers/basehttp.py:213 - "GET /api/v1/orders/trading_summary/ HTTP/1.1" 200 290
[2025-11-30 20:49:44,598] INFO django.server /Users/NETPHIX_DEV/Desktop/crypto-trading-broker/.venv/lib/python3.13/site-packages/django/core/servers/basehttp.py:213 - "GET /api/v1/positions/ HTTP/1.1" 200 4951
[2025-11-30 20:49:44,660] INFO django.server /Users/NETPHIX_DEV/Desktop/crypto-trading-broker/.venv/lib/python3.13/site-packages/django/core/servers/basehttp.py:213 - "GET /api/v1/orders/ HTTP/1.1" 200 15740
[2025-11-30 20:49:44,711] INFO django.server /Users/NETPHIX_DEV/Desktop/crypto-trading-broker/.venv/lib/python3.13/site-packages/django/core/servers/basehttp.py:213 - "GET /api/v1/trading-pairs/1/ HTTP/1.1" 200 590
[2025-11-30 20:49:47,413] INFO django.server /Users/NETPHIX_DEV/Desktop/crypto-trading-broker/.venv/lib/python3.13/site-packages/django/core/servers/basehttp.py:213 - "GET /api/v1/trading-pairs/1/market_data/ HTTP/1.1" 200 335
[2025-11-30 20:49:47,427] INFO django.server /Users/NETPHIX_DEV/Desktop/crypto-trading-broker/.venv/lib/python3.13/site-packages/django/core/servers/basehttp.py:213 - "GET /api/v1/accounts/balance/ HTTP/1.1" 200 353
[2025-11-30 20:49:47,507] INFO django.server /Users/NETPHIX_DEV/Desktop/crypto-trading-broker/.venv/lib/python3.13/site-packages/django/core/servers/basehttp.py:213 - "GET /api/v1/positions/ HTTP/1.1" 200 4951
[2025-11-30 20:49:47,555] INFO django.server /Users/NETPHIX_DEV/Desktop/crypto-trading-broker/.venv/lib/python3.13/site-packages/django/core/servers/basehttp.py:213 - "GET /api/v1/orders/ HTTP/1.1" 200 15740
[2025-11-30 20:49:47,616] INFO django.server /Users/NETPHIX_DEV/Desktop/crypto-trading-broker/.venv/lib/python3.13/site-packages/django/core/servers/basehttp.py:213 - "GET /api/v1/transactions/ HTTP/1.1" 200 3569
[2025-11-30 20:49:49,681] INFO django.server /Users/NETPHIX_DEV/Desktop/crypto-trading-broker/.venv/lib/python3.13/site-packages/django/core/servers/basehttp.py:213 - "GET /dashboard/trading-view/1/ HTTP/1.1" 200 119591
[2025-11-30 20:49:49,819] WARNING django.server /Users/NETPHIX_DEV/Desktop/crypto-trading-broker/.venv/lib/python3.13/site-packages/django/core/servers/basehttp.py:213 - "GET /.well-known/appspecific/com.chrome.devtools.json HTTP/1.1" 404 20299
[2025-11-30 20:49:50,335] INFO django.server /Users/NETPHIX_DEV/Desktop/crypto-trading-broker/.venv/lib/python3.13/site-packages/django/core/servers/basehttp.py:213 - "GET /api/v1/trading/config/ HTTP/1.1" 200 1299
[2025-11-30 20:49:50,520] INFO django.server /Users/NETPHIX_DEV/Desktop/crypto-trading-broker/.venv/lib/python3.13/site-packages/django/core/servers/basehttp.py:213 - "GET /api/v1/orders/trading_summary/ HTTP/1.1" 200 290
[2025-11-30 20:49:50,553] INFO django.server /Users/NETPHIX_DEV/Desktop/crypto-trading-broker/.venv/lib/python3.13/site-packages/django/core/servers/basehttp.py:213 - "GET /api/v1/positions/ HTTP/1.1" 200 4951
[2025-11-30 20:49:50,586] INFO django.server /Users/NETPHIX_DEV/Desktop/crypto-trading-broker/.venv/lib/python3.13/site-packages/django/core/servers/basehttp.py:213 - "GET /api/v1/orders/ HTTP/1.1" 200 15740
[2025-11-30 20:49:50,625] INFO django.server /Users/NETPHIX_DEV/Desktop/crypto-trading-broker/.venv/lib/python3.13/site-packages/django/core/servers/basehttp.py:213 - "GET /api/v1/trading-pairs/1/ HTTP/1.1" 200 590
[2025-11-30 20:49:50,682] INFO django.server /Users/NETPHIX_DEV/Desktop/crypto-trading-broker/.venv/lib/python3.13/site-packages/django/core/servers/basehttp.py:213 - "GET /api/v1/trading-pairs/1/market_data/ HTTP/1.1" 200 335
[2025-11-30 20:49:50,703] INFO django.server /Users/NETPHIX_DEV/Desktop/crypto-trading-broker/.venv/lib/python3.13/site-packages/django/core/servers/basehttp.py:213 - "GET /api/v1/accounts/balance/ HTTP/1.1" 200 353
[2025-11-30 20:49:50,761] INFO django.server /Users/NETPHIX_DEV/Desktop/crypto-trading-broker/.venv/lib/python3.13/site-packages/django/core/servers/basehttp.py:213 - "GET /api/v1/positions/ HTTP/1.1" 200 4951
[2025-11-30 20:49:50,809] INFO django.server /Users/NETPHIX_DEV/Desktop/crypto-trading-broker/.venv/lib/python3.13/site-packages/django/core/servers/basehttp.py:213 - "GET /api/v1/orders/ HTTP/1.1" 200 15740
[2025-11-30 20:49:50,911] INFO django.server /Users/NETPHIX_DEV/Desktop/crypto-trading-broker/.venv/lib/python3.13/site-packages/django/core/servers/basehttp.py:213 - "GET /api/v1/transactions/ HTTP/1.1" 200 3569
[2025-11-30 20:49:56,306] INFO django.server /Users/NETPHIX_DEV/Desktop/crypto-trading-broker/.venv/lib/python3.13/site-packages/django/core/servers/basehttp.py:213 - "GET /dashboard/trading-view/1/ HTTP/1.1" 200 119591
[2025-11-30 20:49:56,460] WARNING django.server /Users/NETPHIX_DEV/Desktop/crypto-trading-broker/.venv/lib/python3.13/site-packages/django/core/servers/basehttp.py:213 - "GET /.well-known/appspecific/com.chrome.devtools.json HTTP/1.1" 404 20299
[2025-11-30 20:49:57,103] INFO django.server /Users/NETPHIX_DEV/Desktop/crypto-trading-broker/.venv/lib/python3.13/site-packages/django/core/servers/basehttp.py:213 - "GET /static/assets/scripts/api.js HTTP/1.1" 200 32324
[2025-11-30 20:49:57,113] INFO django.server /Users/NETPHIX_DEV/Desktop/crypto-trading-broker/.venv/lib/python3.13/site-packages/django/core/servers/basehttp.py:213 - "GET /static/assets/scripts/order-handler.js HTTP/1.1" 200 16489
[2025-11-30 20:49:57,119] INFO django.server /Users/NETPHIX_DEV/Desktop/crypto-trading-broker/.venv/lib/python3.13/site-packages/django/core/servers/basehttp.py:213 - "GET /static/assets/scripts/trading-single.js HTTP/1.1" 200 41363
[2025-11-30 20:49:58,543] INFO django.server /Users/NETPHIX_DEV/Desktop/crypto-trading-broker/.venv/lib/python3.13/site-packages/django/core/servers/basehttp.py:213 - "GET /api/v1/trading/config/ HTTP/1.1" 200 1299
[2025-11-30 20:49:58,698] INFO django.server /Users/NETPHIX_DEV/Desktop/crypto-trading-broker/.venv/lib/python3.13/site-packages/django/core/servers/basehttp.py:213 - "GET /api/v1/orders/trading_summary/ HTTP/1.1" 200 290
[2025-11-30 20:49:58,726] INFO django.server /Users/NETPHIX_DEV/Desktop/crypto-trading-broker/.venv/lib/python3.13/site-packages/django/core/servers/basehttp.py:213 - "GET /api/v1/positions/ HTTP/1.1" 200 4951
[2025-11-30 20:49:58,761] INFO django.server /Users/NETPHIX_DEV/Desktop/crypto-trading-broker/.venv/lib/python3.13/site-packages/django/core/servers/basehttp.py:213 - "GET /api/v1/orders/ HTTP/1.1" 200 15740
[2025-11-30 20:49:58,785] INFO django.server /Users/NETPHIX_DEV/Desktop/crypto-trading-broker/.venv/lib/python3.13/site-packages/django/core/servers/basehttp.py:213 - "GET /api/v1/trading-pairs/1/ HTTP/1.1" 200 590
[2025-11-30 20:50:00,811] INFO django.server /Users/NETPHIX_DEV/Desktop/crypto-trading-broker/.venv/lib/python3.13/site-packages/django/core/servers/basehttp.py:213 - "GET /static/assets/img/XoR8MfdPTzQDfF4JVKuMIQhGj8HmCdPoBxveN4vK.png HTTP/1.1" 200 8868
[2025-11-30 20:50:01,453] INFO django.server /Users/NETPHIX_DEV/Desktop/crypto-trading-broker/.venv/lib/python3.13/site-packages/django/core/servers/basehttp.py:213 - "GET /api/v1/trading-pairs/1/market_data/ HTTP/1.1" 200 335
[2025-11-30 20:50:01,471] INFO django.server /Users/NETPHIX_DEV/Desktop/crypto-trading-broker/.venv/lib/python3.13/site-packages/django/core/servers/basehttp.py:213 - "GET /api/v1/accounts/balance/ HTTP/1.1" 200 353
[2025-11-30 20:50:01,533] INFO django.server /Users/NETPHIX_DEV/Desktop/crypto-trading-broker/.venv/lib/python3.13/site-packages/django/core/servers/basehttp.py:213 - "GET /api/v1/positions/ HTTP/1.1" 200 4951
[2025-11-30 20:50:01,580] INFO django.server /Users/NETPHIX_DEV/Desktop/crypto-trading-broker/.venv/lib/python3.13/site-packages/django/core/servers/basehttp.py:213 - "GET /api/v1/orders/ HTTP/1.1" 200 15740
[2025-11-30 20:50:01,646] INFO django.server /Users/NETPHIX_DEV/Desktop/crypto-trading-broker/.venv/lib/python3.13/site-packages/django/core/servers/basehttp.py:213 - "GET /api/v1/transactions/ HTTP/1.1" 200 3569
[2025-11-30 20:50:01,691] INFO django.server /Users/NETPHIX_DEV/Desktop/crypto-trading-broker/.venv/lib/python3.13/site-packages/django/core/servers/basehttp.py:213 - "POST /api/v1/cron/expire-orders/?token=5Pm-SoiK_WTo2hU1sfsprv4qaUTqp_s0rdbdag45k9M= HTTP/1.1" 200 131
[2025-11-30 20:50:02,067] INFO django.server /Users/NETPHIX_DEV/Desktop/crypto-trading-broker/.venv/lib/python3.13/site-packages/django/core/servers/basehttp.py:213 - "POST /api/v1/cron/execute-orders/?token=5Pm-SoiK_WTo2hU1sfsprv4qaUTqp_s0rdbdag45k9M= HTTP/1.1" 200 168
[2025-11-30 20:50:08,112] INFO django.server /Users/NETPHIX_DEV/Desktop/crypto-trading-broker/.venv/lib/python3.13/site-packages/django/core/servers/basehttp.py:213 - "POST /api/v1/cron/update-positions/?token=5Pm-SoiK_WTo2hU1sfsprv4qaUTqp_s0rdbdag45k9M= HTTP/1.1" 200 417
[2025-11-30 20:50:53,443] INFO django.server /Users/NETPHIX_DEV/Desktop/crypto-trading-broker/.venv/lib/python3.13/site-packages/django/core/servers/basehttp.py:213 - "GET /dashboard/trading HTTP/1.1" 200 87018
[2025-11-30 20:50:53,639] WARNING django.server /Users/NETPHIX_DEV/Desktop/crypto-trading-broker/.venv/lib/python3.13/site-packages/django/core/servers/basehttp.py:213 - "GET /.well-known/appspecific/com.chrome.devtools.json HTTP/1.1" 404 20299
[2025-11-30 20:50:54,187] INFO django.server /Users/NETPHIX_DEV/Desktop/crypto-trading-broker/.venv/lib/python3.13/site-packages/django/core/servers/basehttp.py:213 - "GET /api/v1/trading-pairs/ HTTP/1.1" 200 92358
[2025-11-30 20:50:54,986] INFO django.server /Users/NETPHIX_DEV/Desktop/crypto-trading-broker/.venv/lib/python3.13/site-packages/django/core/servers/basehttp.py:213 - "GET /api/v1/trading-pairs/market_status/ HTTP/1.1" 200 594
[2025-11-30 20:51:00,529] INFO django.server /Users/NETPHIX_DEV/Desktop/crypto-trading-broker/.venv/lib/python3.13/site-packages/django/core/servers/basehttp.py:213 - "POST /api/v1/cron/expire-orders/?token=5Pm-SoiK_WTo2hU1sfsprv4qaUTqp_s0rdbdag45k9M= HTTP/1.1" 200 131
[2025-11-30 20:51:00,539] INFO django.server /Users/NETPHIX_DEV/Desktop/crypto-trading-broker/.venv/lib/python3.13/site-packages/django/core/servers/basehttp.py:213 - "POST /api/v1/cron/execute-orders/?token=5Pm-SoiK_WTo2hU1sfsprv4qaUTqp_s0rdbdag45k9M= HTTP/1.1" 200 168
[2025-11-30 20:51:08,206] INFO django.server /Users/NETPHIX_DEV/Desktop/crypto-trading-broker/.venv/lib/python3.13/site-packages/django/core/servers/basehttp.py:213 - "GET /dashboard/trading-view/10/ HTTP/1.1" 200 119591
[2025-11-30 20:51:08,326] INFO django.server /Users/NETPHIX_DEV/Desktop/crypto-trading-broker/.venv/lib/python3.13/site-packages/django/core/servers/basehttp.py:213 - "GET /static/assets/scripts/trading-single.js HTTP/1.1" 304 0
[2025-11-30 20:51:08,357] WARNING django.server /Users/NETPHIX_DEV/Desktop/crypto-trading-broker/.venv/lib/python3.13/site-packages/django/core/servers/basehttp.py:213 - "GET /.well-known/appspecific/com.chrome.devtools.json HTTP/1.1" 404 20299
[2025-11-30 20:51:09,015] INFO django.server /Users/NETPHIX_DEV/Desktop/crypto-trading-broker/.venv/lib/python3.13/site-packages/django/core/servers/basehttp.py:213 - "GET /api/v1/trading/config/ HTTP/1.1" 200 1299
[2025-11-30 20:51:09,138] INFO django.server /Users/NETPHIX_DEV/Desktop/crypto-trading-broker/.venv/lib/python3.13/site-packages/django/core/servers/basehttp.py:213 - "GET /api/v1/orders/trading_summary/ HTTP/1.1" 200 290
[2025-11-30 20:51:09,183] INFO django.server /Users/NETPHIX_DEV/Desktop/crypto-trading-broker/.venv/lib/python3.13/site-packages/django/core/servers/basehttp.py:213 - "GET /api/v1/positions/ HTTP/1.1" 200 4953
[2025-11-30 20:51:09,213] INFO django.server /Users/NETPHIX_DEV/Desktop/crypto-trading-broker/.venv/lib/python3.13/site-packages/django/core/servers/basehttp.py:213 - "GET /api/v1/orders/ HTTP/1.1" 200 15740
[2025-11-30 20:51:09,252] INFO django.server /Users/NETPHIX_DEV/Desktop/crypto-trading-broker/.venv/lib/python3.13/site-packages/django/core/servers/basehttp.py:213 - "GET /api/v1/trading-pairs/10/ HTTP/1.1" 200 566
[2025-11-30 20:51:12,361] INFO django.server /Users/NETPHIX_DEV/Desktop/crypto-trading-broker/.venv/lib/python3.13/site-packages/django/core/servers/basehttp.py:213 - "POST /api/v1/cron/update-positions/?token=5Pm-SoiK_WTo2hU1sfsprv4qaUTqp_s0rdbdag45k9M= HTTP/1.1" 200 417
[2025-11-30 20:51:14,265] INFO django.server /Users/NETPHIX_DEV/Desktop/crypto-trading-broker/.venv/lib/python3.13/site-packages/django/core/servers/basehttp.py:213 - "GET /api/v1/trading-pairs/10/market_data/ HTTP/1.1" 200 344
[2025-11-30 20:51:14,289] INFO django.server /Users/NETPHIX_DEV/Desktop/crypto-trading-broker/.venv/lib/python3.13/site-packages/django/core/servers/basehttp.py:213 - "GET /api/v1/accounts/balance/ HTTP/1.1" 200 353
[2025-11-30 20:51:14,321] INFO django.server /Users/NETPHIX_DEV/Desktop/crypto-trading-broker/.venv/lib/python3.13/site-packages/django/core/servers/basehttp.py:213 - "GET /api/v1/positions/ HTTP/1.1" 200 4953
[2025-11-30 20:51:14,381] INFO django.server /Users/NETPHIX_DEV/Desktop/crypto-trading-broker/.venv/lib/python3.13/site-packages/django/core/servers/basehttp.py:213 - "GET /api/v1/orders/ HTTP/1.1" 200 15740
[2025-11-30 20:51:14,408] INFO django.server /Users/NETPHIX_DEV/Desktop/crypto-trading-broker/.venv/lib/python3.13/site-packages/django/core/servers/basehttp.py:213 - "GET /api/v1/transactions/ HTTP/1.1" 200 3569
[2025-11-30 20:52:00,522] INFO django.server /Users/NETPHIX_DEV/Desktop/crypto-trading-broker/.venv/lib/python3.13/site-packages/django/core/servers/basehttp.py:213 - "POST /api/v1/cron/expire-orders/?token=5Pm-SoiK_WTo2hU1sfsprv4qaUTqp_s0rdbdag45k9M= HTTP/1.1" 200 131
[2025-11-30 20:52:00,523] INFO django.server /Users/NETPHIX_DEV/Desktop/crypto-trading-broker/.venv/lib/python3.13/site-packages/django/core/servers/basehttp.py:213 - "POST /api/v1/cron/execute-orders/?token=5Pm-SoiK_WTo2hU1sfsprv4qaUTqp_s0rdbdag45k9M= HTTP/1.1" 200 168
[2025-11-30 20:52:06,989] INFO django.server /Users/NETPHIX_DEV/Desktop/crypto-trading-broker/.venv/lib/python3.13/site-packages/django/core/servers/basehttp.py:213 - "POST /api/v1/cron/update-positions/?token=5Pm-SoiK_WTo2hU1sfsprv4qaUTqp_s0rdbdag45k9M= HTTP/1.1" 200 417
[2025-11-30 20:53:00,502] INFO django.server /Users/NETPHIX_DEV/Desktop/crypto-trading-broker/.venv/lib/python3.13/site-packages/django/core/servers/basehttp.py:213 - "POST /api/v1/cron/expire-orders/?token=5Pm-SoiK_WTo2hU1sfsprv4qaUTqp_s0rdbdag45k9M= HTTP/1.1" 200 131
[2025-11-30 20:53:00,506] INFO django.server /Users/NETPHIX_DEV/Desktop/crypto-trading-broker/.venv/lib/python3.13/site-packages/django/core/servers/basehttp.py:213 - "POST /api/v1/cron/execute-orders/?token=5Pm-SoiK_WTo2hU1sfsprv4qaUTqp_s0rdbdag45k9M= HTTP/1.1" 200 168
[2025-11-30 20:53:12,841] INFO django.server /Users/NETPHIX_DEV/Desktop/crypto-trading-broker/.venv/lib/python3.13/site-packages/django/core/servers/basehttp.py:213 - "POST /api/v1/cron/update-positions/?token=5Pm-SoiK_WTo2hU1sfsprv4qaUTqp_s0rdbdag45k9M= HTTP/1.1" 200 417
[2025-11-30 20:54:00,431] INFO django.server /Users/NETPHIX_DEV/Desktop/crypto-trading-broker/.venv/lib/python3.13/site-packages/django/core/servers/basehttp.py:213 - "POST /api/v1/cron/execute-orders/?token=5Pm-SoiK_WTo2hU1sfsprv4qaUTqp_s0rdbdag45k9M= HTTP/1.1" 200 168
[2025-11-30 20:54:00,434] INFO django.server /Users/NETPHIX_DEV/Desktop/crypto-trading-broker/.venv/lib/python3.13/site-packages/django/core/servers/basehttp.py:213 - "POST /api/v1/cron/expire-orders/?token=5Pm-SoiK_WTo2hU1sfsprv4qaUTqp_s0rdbdag45k9M= HTTP/1.1" 200 131
[2025-11-30 20:54:08,689] INFO django.server /Users/NETPHIX_DEV/Desktop/crypto-trading-broker/.venv/lib/python3.13/site-packages/django/core/servers/basehttp.py:213 - "POST /api/v1/cron/update-positions/?token=5Pm-SoiK_WTo2hU1sfsprv4qaUTqp_s0rdbdag45k9M= HTTP/1.1" 200 417
[2025-11-30 20:55:00,893] INFO django.server /Users/NETPHIX_DEV/Desktop/crypto-trading-broker/.venv/lib/python3.13/site-packages/django/core/servers/basehttp.py:213 - "POST /api/v1/cron/expire-orders/?token=5Pm-SoiK_WTo2hU1sfsprv4qaUTqp_s0rdbdag45k9M= HTTP/1.1" 200 131
[2025-11-30 20:55:01,128] INFO django.server /Users/NETPHIX_DEV/Desktop/crypto-trading-broker/.venv/lib/python3.13/site-packages/django/core/servers/basehttp.py:213 - "POST /api/v1/cron/execute-orders/?token=5Pm-SoiK_WTo2hU1sfsprv4qaUTqp_s0rdbdag45k9M= HTTP/1.1" 200 168
[2025-11-30 20:55:11,079] INFO django.server /Users/NETPHIX_DEV/Desktop/crypto-trading-broker/.venv/lib/python3.13/site-packages/django/core/servers/basehttp.py:213 - "POST /api/v1/cron/update-positions/?token=5Pm-SoiK_WTo2hU1sfsprv4qaUTqp_s0rdbdag45k9M= HTTP/1.1" 200 417
[2025-11-30 22:22:52,380] INFO django.server /Users/NETPHIX_DEV/Desktop/crypto-trading-broker/.venv/lib/python3.13/site-packages/django/core/servers/basehttp.py:213 - "GET /dashboard/trading-view/10/ HTTP/1.1" 200 119591
[2025-11-30 22:22:52,519] INFO django.server /Users/NETPHIX_DEV/Desktop/crypto-trading-broker/.venv/lib/python3.13/site-packages/django/core/servers/basehttp.py:213 - "GET /static/assets/scripts/trading-single.js HTTP/1.1" 304 0
[2025-11-30 22:22:52,850] WARNING django.server /Users/NETPHIX_DEV/Desktop/crypto-trading-broker/.venv/lib/python3.13/site-packages/django/core/servers/basehttp.py:213 - "GET /.well-known/appspecific/com.chrome.devtools.json HTTP/1.1" 404 20299
[2025-11-30 22:22:55,019] INFO django.server /Users/NETPHIX_DEV/Desktop/crypto-trading-broker/.venv/lib/python3.13/site-packages/django/core/servers/basehttp.py:213 - "GET /api/v1/trading/config/ HTTP/1.1" 200 1299
[2025-11-30 22:22:55,391] INFO django.server /Users/NETPHIX_DEV/Desktop/crypto-trading-broker/.venv/lib/python3.13/site-packages/django/core/servers/basehttp.py:213 - "GET /api/v1/orders/trading_summary/ HTTP/1.1" 200 290
[2025-11-30 22:22:55,455] INFO django.server /Users/NETPHIX_DEV/Desktop/crypto-trading-broker/.venv/lib/python3.13/site-packages/django/core/servers/basehttp.py:213 - "GET /api/v1/positions/ HTTP/1.1" 200 4953
[2025-11-30 22:22:55,547] INFO django.server /Users/NETPHIX_DEV/Desktop/crypto-trading-broker/.venv/lib/python3.13/site-packages/django/core/servers/basehttp.py:213 - "GET /api/v1/orders/ HTTP/1.1" 200 15740
[2025-11-30 22:22:55,652] INFO django.server /Users/NETPHIX_DEV/Desktop/crypto-trading-broker/.venv/lib/python3.13/site-packages/django/core/servers/basehttp.py:213 - "GET /api/v1/trading-pairs/10/ HTTP/1.1" 200 566
[2025-11-30 22:23:02,110] INFO django.server /Users/NETPHIX_DEV/Desktop/crypto-trading-broker/.venv/lib/python3.13/site-packages/django/core/servers/basehttp.py:213 - "GET /api/v1/trading-pairs/10/market_data/ HTTP/1.1" 200 344
[2025-11-30 22:23:02,131] INFO django.server /Users/NETPHIX_DEV/Desktop/crypto-trading-broker/.venv/lib/python3.13/site-packages/django/core/servers/basehttp.py:213 - "GET /api/v1/accounts/balance/ HTTP/1.1" 200 353
[2025-11-30 22:23:02,167] INFO django.server /Users/NETPHIX_DEV/Desktop/crypto-trading-broker/.venv/lib/python3.13/site-packages/django/core/servers/basehttp.py:213 - "GET /api/v1/positions/ HTTP/1.1" 200 4953
[2025-11-30 22:23:02,221] INFO django.server /Users/NETPHIX_DEV/Desktop/crypto-trading-broker/.venv/lib/python3.13/site-packages/django/core/servers/basehttp.py:213 - "GET /api/v1/orders/ HTTP/1.1" 200 15740
[2025-11-30 22:23:02,251] INFO django.server /Users/NETPHIX_DEV/Desktop/crypto-trading-broker/.venv/lib/python3.13/site-packages/django/core/servers/basehttp.py:213 - "GET /api/v1/transactions/ HTTP/1.1" 200 3569
[2025-11-30 22:23:14,241] INFO django.server /Users/NETPHIX_DEV/Desktop/crypto-trading-broker/.venv/lib/python3.13/site-packages/django/core/servers/basehttp.py:213 - "GET /dashboard/transactions/ HTTP/1.1" 200 75755
[2025-11-30 22:23:14,333] WARNING django.server /Users/NETPHIX_DEV/Desktop/crypto-trading-broker/.venv/lib/python3.13/site-packages/django/core/servers/basehttp.py:213 - "GET /.well-known/appspecific/com.chrome.devtools.json HTTP/1.1" 404 20299
[2025-11-30 22:23:14,733] INFO django.server /Users/NETPHIX_DEV/Desktop/crypto-trading-broker/.venv/lib/python3.13/site-packages/django/core/servers/basehttp.py:213 - "GET /api/v1/trading/config/ HTTP/1.1" 200 1299
[2025-11-30 22:23:14,852] INFO django.server /Users/NETPHIX_DEV/Desktop/crypto-trading-broker/.venv/lib/python3.13/site-packages/django/core/servers/basehttp.py:213 - "GET /api/v1/orders/trading_summary/ HTTP/1.1" 200 290
[2025-11-30 22:23:14,889] INFO django.server /Users/NETPHIX_DEV/Desktop/crypto-trading-broker/.venv/lib/python3.13/site-packages/django/core/servers/basehttp.py:213 - "GET /api/v1/positions/ HTTP/1.1" 200 4953
[2025-11-30 22:23:14,918] INFO django.server /Users/NETPHIX_DEV/Desktop/crypto-trading-broker/.venv/lib/python3.13/site-packages/django/core/servers/basehttp.py:213 - "GET /api/v1/orders/ HTTP/1.1" 200 15740
[2025-11-30 22:23:18,082] WARNING django.server /Users/NETPHIX_DEV/Desktop/crypto-trading-broker/.venv/lib/python3.13/site-packages/django/core/servers/basehttp.py:213 - "GET /.well-known/appspecific/com.chrome.devtools.json HTTP/1.1" 404 20299
[2025-11-30 22:31:40,086] WARNING django.server /Users/NETPHIX_DEV/Desktop/crypto-trading-broker/.venv/lib/python3.13/site-packages/django/core/servers/basehttp.py:213 - "GET /.well-known/appspecific/com.chrome.devtools.json HTTP/1.1" 404 20299
[2025-11-30 22:31:51,426] INFO django.server /Users/NETPHIX_DEV/Desktop/crypto-trading-broker/.venv/lib/python3.13/site-packages/django/core/servers/basehttp.py:213 - "GET /dashboard/trading-view/1/ HTTP/1.1" 200 119591
[2025-11-30 22:31:51,540] WARNING django.server /Users/NETPHIX_DEV/Desktop/crypto-trading-broker/.venv/lib/python3.13/site-packages/django/core/servers/basehttp.py:213 - "GET /.well-known/appspecific/com.chrome.devtools.json HTTP/1.1" 404 20299
[2025-11-30 22:31:52,362] INFO django.server /Users/NETPHIX_DEV/Desktop/crypto-trading-broker/.venv/lib/python3.13/site-packages/django/core/servers/basehttp.py:213 - "GET /api/v1/trading/config/ HTTP/1.1" 200 1299
[2025-11-30 22:31:52,467] INFO django.server /Users/NETPHIX_DEV/Desktop/crypto-trading-broker/.venv/lib/python3.13/site-packages/django/core/servers/basehttp.py:213 - "GET /api/v1/orders/trading_summary/ HTTP/1.1" 200 290
[2025-11-30 22:31:52,509] INFO django.server /Users/NETPHIX_DEV/Desktop/crypto-trading-broker/.venv/lib/python3.13/site-packages/django/core/servers/basehttp.py:213 - "GET /api/v1/positions/ HTTP/1.1" 200 4951
[2025-11-30 22:31:52,550] INFO django.server /Users/NETPHIX_DEV/Desktop/crypto-trading-broker/.venv/lib/python3.13/site-packages/django/core/servers/basehttp.py:213 - "GET /api/v1/orders/ HTTP/1.1" 200 15737
[2025-11-30 22:31:52,580] INFO django.server /Users/NETPHIX_DEV/Desktop/crypto-trading-broker/.venv/lib/python3.13/site-packages/django/core/servers/basehttp.py:213 - "GET /api/v1/trading-pairs/1/ HTTP/1.1" 200 589
[2025-11-30 22:31:54,560] INFO django.server /Users/NETPHIX_DEV/Desktop/crypto-trading-broker/.venv/lib/python3.13/site-packages/django/core/servers/basehttp.py:213 - "GET /api/v1/trading-pairs/1/market_data/ HTTP/1.1" 200 333
[2025-11-30 22:31:54,593] INFO django.server /Users/NETPHIX_DEV/Desktop/crypto-trading-broker/.venv/lib/python3.13/site-packages/django/core/servers/basehttp.py:213 - "GET /api/v1/accounts/balance/ HTTP/1.1" 200 353
[2025-11-30 22:31:54,641] INFO django.server /Users/NETPHIX_DEV/Desktop/crypto-trading-broker/.venv/lib/python3.13/site-packages/django/core/servers/basehttp.py:213 - "GET /api/v1/positions/ HTTP/1.1" 200 4950
[2025-11-30 22:31:54,732] INFO django.server /Users/NETPHIX_DEV/Desktop/crypto-trading-broker/.venv/lib/python3.13/site-packages/django/core/servers/basehttp.py:213 - "GET /api/v1/orders/ HTTP/1.1" 200 15734
[2025-11-30 22:31:54,772] INFO django.server /Users/NETPHIX_DEV/Desktop/crypto-trading-broker/.venv/lib/python3.13/site-packages/django/core/servers/basehttp.py:213 - "GET /api/v1/transactions/ HTTP/1.1" 200 3569
[2025-11-30 22:32:03,731] INFO django.server /Users/NETPHIX_DEV/Desktop/crypto-trading-broker/.venv/lib/python3.13/site-packages/django/core/servers/basehttp.py:213 - "GET /api/v1/transactions/?trading_pair=1 HTTP/1.1" 200 1222
[2025-11-30 22:39:25,045] INFO django.server /Users/NETPHIX_DEV/Desktop/crypto-trading-broker/.venv/lib/python3.13/site-packages/django/core/servers/basehttp.py:213 - "GET /dashboard/trading HTTP/1.1" 200 87018
[2025-11-30 22:39:25,177] WARNING django.server /Users/NETPHIX_DEV/Desktop/crypto-trading-broker/.venv/lib/python3.13/site-packages/django/core/servers/basehttp.py:213 - "GET /.well-known/appspecific/com.chrome.devtools.json HTTP/1.1" 404 20299
[2025-11-30 22:39:26,893] INFO django.server /Users/NETPHIX_DEV/Desktop/crypto-trading-broker/.venv/lib/python3.13/site-packages/django/core/servers/basehttp.py:213 - "GET /api/v1/trading-pairs/ HTTP/1.1" 200 92355
[2025-11-30 22:39:28,373] INFO django.server /Users/NETPHIX_DEV/Desktop/crypto-trading-broker/.venv/lib/python3.13/site-packages/django/core/servers/basehttp.py:213 - "GET /api/v1/trading-pairs/market_status/ HTTP/1.1" 200 594
[2025-11-30 22:39:28,913] INFO django.server /Users/NETPHIX_DEV/Desktop/crypto-trading-broker/.venv/lib/python3.13/site-packages/django/core/servers/basehttp.py:213 - "GET /dashboard/trading HTTP/1.1" 200 87018
[2025-11-30 22:39:30,140] INFO django.server /Users/NETPHIX_DEV/Desktop/crypto-trading-broker/.venv/lib/python3.13/site-packages/django/core/servers/basehttp.py:213 - "GET /api/v1/trading-pairs/ HTTP/1.1" 200 92355
[2025-11-30 22:39:30,624] INFO django.server /Users/NETPHIX_DEV/Desktop/crypto-trading-broker/.venv/lib/python3.13/site-packages/django/core/servers/basehttp.py:213 - "GET /api/v1/trading-pairs/market_status/ HTTP/1.1" 200 594
[2025-11-30 22:39:36,521] INFO django.server /Users/NETPHIX_DEV/Desktop/crypto-trading-broker/.venv/lib/python3.13/site-packages/django/core/servers/basehttp.py:213 - "GET /dashboard/trading-view/43/ HTTP/1.1" 200 119591
[2025-11-30 22:39:36,577] INFO django.server /Users/NETPHIX_DEV/Desktop/crypto-trading-broker/.venv/lib/python3.13/site-packages/django/core/servers/basehttp.py:213 - "GET /static/assets/scripts/trading-single.js HTTP/1.1" 200 41618
[2025-11-30 22:39:36,855] INFO django.server /Users/NETPHIX_DEV/Desktop/crypto-trading-broker/.venv/lib/python3.13/site-packages/django/core/servers/basehttp.py:213 - "GET /api/v1/trading/config/ HTTP/1.1" 200 1299
[2025-11-30 22:39:36,962] INFO django.server /Users/NETPHIX_DEV/Desktop/crypto-trading-broker/.venv/lib/python3.13/site-packages/django/core/servers/basehttp.py:213 - "GET /api/v1/orders/trading_summary/ HTTP/1.1" 200 290
[2025-11-30 22:39:36,983] INFO django.server /Users/NETPHIX_DEV/Desktop/crypto-trading-broker/.venv/lib/python3.13/site-packages/django/core/servers/basehttp.py:213 - "GET /api/v1/positions/ HTTP/1.1" 200 4949
[2025-11-30 22:39:37,020] INFO django.server /Users/NETPHIX_DEV/Desktop/crypto-trading-broker/.venv/lib/python3.13/site-packages/django/core/servers/basehttp.py:213 - "GET /api/v1/orders/ HTTP/1.1" 200 15735
[2025-11-30 22:39:37,042] INFO django.server /Users/NETPHIX_DEV/Desktop/crypto-trading-broker/.venv/lib/python3.13/site-packages/django/core/servers/basehttp.py:213 - "GET /api/v1/trading-pairs/43/ HTTP/1.1" 200 570
[2025-11-30 22:39:38,998] INFO django.server /Users/NETPHIX_DEV/Desktop/crypto-trading-broker/.venv/lib/python3.13/site-packages/django/core/servers/basehttp.py:213 - "GET /api/v1/trading-pairs/43/market_data/ HTTP/1.1" 200 310
[2025-11-30 22:39:41,506] INFO django.server /Users/NETPHIX_DEV/Desktop/crypto-trading-broker/.venv/lib/python3.13/site-packages/django/core/servers/basehttp.py:213 - "GET /dashboard/trading-view/1/ HTTP/1.1" 200 119591
[2025-11-30 22:39:41,777] INFO django.server /Users/NETPHIX_DEV/Desktop/crypto-trading-broker/.venv/lib/python3.13/site-packages/django/core/servers/basehttp.py:213 - "GET /api/v1/trading/config/ HTTP/1.1" 200 1299
[2025-11-30 22:39:41,875] INFO django.server /Users/NETPHIX_DEV/Desktop/crypto-trading-broker/.venv/lib/python3.13/site-packages/django/core/servers/basehttp.py:213 - "GET /api/v1/orders/trading_summary/ HTTP/1.1" 200 290
[2025-11-30 22:39:41,892] INFO django.server /Users/NETPHIX_DEV/Desktop/crypto-trading-broker/.venv/lib/python3.13/site-packages/django/core/servers/basehttp.py:213 - "GET /api/v1/positions/ HTTP/1.1" 200 4949
[2025-11-30 22:39:41,914] INFO django.server /Users/NETPHIX_DEV/Desktop/crypto-trading-broker/.venv/lib/python3.13/site-packages/django/core/servers/basehttp.py:213 - "GET /api/v1/orders/ HTTP/1.1" 200 15735
[2025-11-30 22:39:41,927] INFO django.server /Users/NETPHIX_DEV/Desktop/crypto-trading-broker/.venv/lib/python3.13/site-packages/django/core/servers/basehttp.py:213 - "GET /api/v1/trading-pairs/1/ HTTP/1.1" 200 589
[2025-11-30 22:39:44,110] INFO django.server /Users/NETPHIX_DEV/Desktop/crypto-trading-broker/.venv/lib/python3.13/site-packages/django/core/servers/basehttp.py:213 - "GET /api/v1/trading-pairs/1/market_data/ HTTP/1.1" 200 333
[2025-11-30 22:39:44,125] INFO django.server /Users/NETPHIX_DEV/Desktop/crypto-trading-broker/.venv/lib/python3.13/site-packages/django/core/servers/basehttp.py:213 - "GET /api/v1/accounts/balance/ HTTP/1.1" 200 353
[2025-11-30 22:39:44,148] INFO django.server /Users/NETPHIX_DEV/Desktop/crypto-trading-broker/.venv/lib/python3.13/site-packages/django/core/servers/basehttp.py:213 - "GET /api/v1/positions/ HTTP/1.1" 200 4949
[2025-11-30 22:39:44,210] INFO django.server /Users/NETPHIX_DEV/Desktop/crypto-trading-broker/.venv/lib/python3.13/site-packages/django/core/servers/basehttp.py:213 - "GET /api/v1/orders/ HTTP/1.1" 200 15735
[2025-11-30 22:39:44,263] INFO django.server /Users/NETPHIX_DEV/Desktop/crypto-trading-broker/.venv/lib/python3.13/site-packages/django/core/servers/basehttp.py:213 - "GET /api/v1/transactions/ HTTP/1.1" 200 3569
[2025-11-30 22:40:28,414] INFO django.server /Users/NETPHIX_DEV/Desktop/crypto-trading-broker/.venv/lib/python3.13/site-packages/django/core/servers/basehttp.py:213 - "POST /api/v1/cron/execute-orders/?token=5Pm-SoiK_WTo2hU1sfsprv4qaUTqp_s0rdbdag45k9M= HTTP/1.1" 200 168
[2025-11-30 22:40:47,405] INFO django.server /Users/NETPHIX_DEV/Desktop/crypto-trading-broker/.venv/lib/python3.13/site-packages/django/core/servers/basehttp.py:213 - "POST /api/v1/cron/expire-orders/?token=5Pm-SoiK_WTo2hU1sfsprv4qaUTqp_s0rdbdag45k9M= HTTP/1.1" 200 131
[2025-11-30 22:41:22,400] INFO django.server /Users/NETPHIX_DEV/Desktop/crypto-trading-broker/.venv/lib/python3.13/site-packages/django/core/servers/basehttp.py:213 - "POST /api/v1/cron/update-positions/?token=5Pm-SoiK_WTo2hU1sfsprv4qaUTqp_s0rdbdag45k9M= HTTP/1.1" 200 417
[2025-11-30 22:42:00,376] INFO django.server /Users/NETPHIX_DEV/Desktop/crypto-trading-broker/.venv/lib/python3.13/site-packages/django/core/servers/basehttp.py:213 - "POST /api/v1/cron/execute-orders/?token=5Pm-SoiK_WTo2hU1sfsprv4qaUTqp_s0rdbdag45k9M= HTTP/1.1" 200 168
[2025-11-30 22:42:00,488] INFO django.server /Users/NETPHIX_DEV/Desktop/crypto-trading-broker/.venv/lib/python3.13/site-packages/django/core/servers/basehttp.py:213 - "POST /api/v1/cron/expire-orders/?token=5Pm-SoiK_WTo2hU1sfsprv4qaUTqp_s0rdbdag45k9M= HTTP/1.1" 200 131
[2025-11-30 22:43:00,423] INFO django.server /Users/NETPHIX_DEV/Desktop/crypto-trading-broker/.venv/lib/python3.13/site-packages/django/core/servers/basehttp.py:213 - "POST /api/v1/cron/execute-orders/?token=5Pm-SoiK_WTo2hU1sfsprv4qaUTqp_s0rdbdag45k9M= HTTP/1.1" 200 168
[2025-11-30 22:43:00,529] INFO django.server /Users/NETPHIX_DEV/Desktop/crypto-trading-broker/.venv/lib/python3.13/site-packages/django/core/servers/basehttp.py:213 - "POST /api/v1/cron/expire-orders/?token=5Pm-SoiK_WTo2hU1sfsprv4qaUTqp_s0rdbdag45k9M= HTTP/1.1" 200 131
[2025-11-30 22:43:04,061] INFO django.server /Users/NETPHIX_DEV/Desktop/crypto-trading-broker/.venv/lib/python3.13/site-packages/django/core/servers/basehttp.py:213 - "GET /dashboard/trading-view/1/ HTTP/1.1" 200 119591
[2025-11-30 22:43:04,110] INFO django.server /Users/NETPHIX_DEV/Desktop/crypto-trading-broker/.venv/lib/python3.13/site-packages/django/core/servers/basehttp.py:213 - "GET /static/assets/scripts/trading-single.js HTTP/1.1" 304 0
[2025-11-30 22:43:04,911] INFO django.server /Users/NETPHIX_DEV/Desktop/crypto-trading-broker/.venv/lib/python3.13/site-packages/django/core/servers/basehttp.py:213 - "GET /api/v1/trading/config/ HTTP/1.1" 200 1299
[2025-11-30 22:43:05,023] INFO django.server /Users/NETPHIX_DEV/Desktop/crypto-trading-broker/.venv/lib/python3.13/site-packages/django/core/servers/basehttp.py:213 - "GET /api/v1/orders/trading_summary/ HTTP/1.1" 200 291
[2025-11-30 22:43:05,048] INFO django.server /Users/NETPHIX_DEV/Desktop/crypto-trading-broker/.venv/lib/python3.13/site-packages/django/core/servers/basehttp.py:213 - "GET /api/v1/positions/ HTTP/1.1" 200 4948
[2025-11-30 22:43:05,081] INFO django.server /Users/NETPHIX_DEV/Desktop/crypto-trading-broker/.venv/lib/python3.13/site-packages/django/core/servers/basehttp.py:213 - "GET /api/v1/orders/ HTTP/1.1" 200 15735
[2025-11-30 22:43:05,097] INFO django.server /Users/NETPHIX_DEV/Desktop/crypto-trading-broker/.venv/lib/python3.13/site-packages/django/core/servers/basehttp.py:213 - "GET /api/v1/trading-pairs/1/ HTTP/1.1" 200 589
[2025-11-30 22:43:07,333] INFO django.server /Users/NETPHIX_DEV/Desktop/crypto-trading-broker/.venv/lib/python3.13/site-packages/django/core/servers/basehttp.py:213 - "GET /api/v1/trading-pairs/1/market_data/ HTTP/1.1" 200 334
[2025-11-30 22:43:07,347] INFO django.server /Users/NETPHIX_DEV/Desktop/crypto-trading-broker/.venv/lib/python3.13/site-packages/django/core/servers/basehttp.py:213 - "GET /api/v1/accounts/balance/ HTTP/1.1" 200 353
[2025-11-30 22:43:07,369] INFO django.server /Users/NETPHIX_DEV/Desktop/crypto-trading-broker/.venv/lib/python3.13/site-packages/django/core/servers/basehttp.py:213 - "GET /api/v1/positions/ HTTP/1.1" 200 4947
[2025-11-30 22:43:07,404] INFO django.server /Users/NETPHIX_DEV/Desktop/crypto-trading-broker/.venv/lib/python3.13/site-packages/django/core/servers/basehttp.py:213 - "GET /api/v1/orders/ HTTP/1.1" 200 15735
[2025-11-30 22:43:07,454] INFO django.server /Users/NETPHIX_DEV/Desktop/crypto-trading-broker/.venv/lib/python3.13/site-packages/django/core/servers/basehttp.py:213 - "GET /api/v1/transactions/ HTTP/1.1" 200 3569
[2025-11-30 22:43:13,317] INFO django.server /Users/NETPHIX_DEV/Desktop/crypto-trading-broker/.venv/lib/python3.13/site-packages/django/core/servers/basehttp.py:213 - "POST /api/v1/cron/update-positions/?token=5Pm-SoiK_WTo2hU1sfsprv4qaUTqp_s0rdbdag45k9M= HTTP/1.1" 200 416
[2025-11-30 22:43:36,733] INFO django.server /Users/NETPHIX_DEV/Desktop/crypto-trading-broker/.venv/lib/python3.13/site-packages/django/core/servers/basehttp.py:213 - "GET /admin/trading/trade/ HTTP/1.1" 200 46347
[2025-11-30 22:43:36,760] INFO django.server /Users/NETPHIX_DEV/Desktop/crypto-trading-broker/.venv/lib/python3.13/site-packages/django/core/servers/basehttp.py:213 - "GET /admin/jsi18n/ HTTP/1.1" 200 3342
[2025-11-30 22:43:36,922] INFO django.server /Users/NETPHIX_DEV/Desktop/crypto-trading-broker/.venv/lib/python3.13/site-packages/django/core/servers/basehttp.py:213 - "GET /static/admin/js/jquery.init.js HTTP/1.1" 304 0
[2025-11-30 22:43:36,922] INFO django.server /Users/NETPHIX_DEV/Desktop/crypto-trading-broker/.venv/lib/python3.13/site-packages/django/core/servers/basehttp.py:213 - "GET /static/admin/js/actions.js HTTP/1.1" 304 0
[2025-11-30 22:43:36,923] INFO django.server /Users/NETPHIX_DEV/Desktop/crypto-trading-broker/.venv/lib/python3.13/site-packages/django/core/servers/basehttp.py:213 - "GET /static/admin/js/core.js HTTP/1.1" 304 0
[2025-11-30 22:43:36,937] INFO django.server /Users/NETPHIX_DEV/Desktop/crypto-trading-broker/.venv/lib/python3.13/site-packages/django/core/servers/basehttp.py:213 - "GET /static/admin/js/vendor/xregexp/xregexp.js HTTP/1.1" 304 0
[2025-11-30 22:43:36,941] INFO django.server /Users/NETPHIX_DEV/Desktop/crypto-trading-broker/.venv/lib/python3.13/site-packages/django/core/servers/basehttp.py:213 - "GET /static/admin/js/urlify.js HTTP/1.1" 304 0
[2025-11-30 22:43:36,942] INFO django.server /Users/NETPHIX_DEV/Desktop/crypto-trading-broker/.venv/lib/python3.13/site-packages/django/core/servers/basehttp.py:213 - "GET /static/admin/js/vendor/jquery/jquery.js HTTP/1.1" 304 0
[2025-11-30 22:43:36,943] INFO django.server /Users/NETPHIX_DEV/Desktop/crypto-trading-broker/.venv/lib/python3.13/site-packages/django/core/servers/basehttp.py:213 - "GET /static/admin/js/prepopulate.js HTTP/1.1" 304 0
[2025-11-30 22:43:36,943] INFO django.server /Users/NETPHIX_DEV/Desktop/crypto-trading-broker/.venv/lib/python3.13/site-packages/django/core/servers/basehttp.py:213 - "GET /static/admin/js/admin/RelatedObjectLookups.js HTTP/1.1" 304 0
[2025-11-30 22:43:48,745] INFO django.server /Users/NETPHIX_DEV/Desktop/crypto-trading-broker/.venv/lib/python3.13/site-packages/django/core/servers/basehttp.py:213 - "GET /admin/trading/trade/9/change/ HTTP/1.1" 200 42125
[2025-11-30 22:43:48,766] INFO django.server /Users/NETPHIX_DEV/Desktop/crypto-trading-broker/.venv/lib/python3.13/site-packages/django/core/servers/basehttp.py:213 - "GET /static/admin/js/change_form.js HTTP/1.1" 304 0
[2025-11-30 22:43:48,767] INFO django.server /Users/NETPHIX_DEV/Desktop/crypto-trading-broker/.venv/lib/python3.13/site-packages/django/core/servers/basehttp.py:213 - "GET /static/admin/img/icon-addlink.svg HTTP/1.1" 304 0
[2025-11-30 22:43:48,768] INFO django.server /Users/NETPHIX_DEV/Desktop/crypto-trading-broker/.venv/lib/python3.13/site-packages/django/core/servers/basehttp.py:213 - "GET /static/admin/img/icon-changelink.svg HTTP/1.1" 304 0
[2025-11-30 22:43:48,768] INFO django.server /Users/NETPHIX_DEV/Desktop/crypto-trading-broker/.venv/lib/python3.13/site-packages/django/core/servers/basehttp.py:213 - "GET /static/admin/js/prepopulate_init.js HTTP/1.1" 304 0
[2025-11-30 22:43:48,770] INFO django.server /Users/NETPHIX_DEV/Desktop/crypto-trading-broker/.venv/lib/python3.13/site-packages/django/core/servers/basehttp.py:213 - "GET /static/jazzmin/js/change_form.js HTTP/1.1" 304 0
[2025-11-30 22:43:48,775] INFO django.server /Users/NETPHIX_DEV/Desktop/crypto-trading-broker/.venv/lib/python3.13/site-packages/django/core/servers/basehttp.py:213 - "GET /static/admin/img/icon-viewlink.svg HTTP/1.1" 304 0
[2025-11-30 22:43:48,777] INFO django.server /Users/NETPHIX_DEV/Desktop/crypto-trading-broker/.venv/lib/python3.13/site-packages/django/core/servers/basehttp.py:213 - "GET /admin/jsi18n/ HTTP/1.1" 200 3342
[2025-11-30 22:44:00,297] INFO django.server /Users/NETPHIX_DEV/Desktop/crypto-trading-broker/.venv/lib/python3.13/site-packages/django/core/servers/basehttp.py:213 - "POST /api/v1/cron/execute-orders/?token=5Pm-SoiK_WTo2hU1sfsprv4qaUTqp_s0rdbdag45k9M= HTTP/1.1" 200 168
[2025-11-30 22:44:00,366] INFO django.server /Users/NETPHIX_DEV/Desktop/crypto-trading-broker/.venv/lib/python3.13/site-packages/django/core/servers/basehttp.py:213 - "POST /api/v1/cron/expire-orders/?token=5Pm-SoiK_WTo2hU1sfsprv4qaUTqp_s0rdbdag45k9M= HTTP/1.1" 200 131
[2025-11-30 22:44:04,471] INFO django.server /Users/NETPHIX_DEV/Desktop/crypto-trading-broker/.venv/lib/python3.13/site-packages/django/core/servers/basehttp.py:213 - "GET /admin/trading/order/ HTTP/1.1" 200 54325
[2025-11-30 22:44:04,498] INFO django.server /Users/NETPHIX_DEV/Desktop/crypto-trading-broker/.venv/lib/python3.13/site-packages/django/core/servers/basehttp.py:213 - "GET /admin/jsi18n/ HTTP/1.1" 200 3342
[2025-11-30 22:44:09,208] INFO django.server /Users/NETPHIX_DEV/Desktop/crypto-trading-broker/.venv/lib/python3.13/site-packages/django/core/servers/basehttp.py:213 - "POST /api/v1/cron/update-positions/?token=5Pm-SoiK_WTo2hU1sfsprv4qaUTqp_s0rdbdag45k9M= HTTP/1.1" 200 416
[2025-11-30 22:45:01,332] INFO django.server /Users/NETPHIX_DEV/Desktop/crypto-trading-broker/.venv/lib/python3.13/site-packages/django/core/servers/basehttp.py:213 - "POST /api/v1/cron/expire-orders/?token=5Pm-SoiK_WTo2hU1sfsprv4qaUTqp_s0rdbdag45k9M= HTTP/1.1" 200 131
[2025-11-30 22:45:01,690] INFO django.server /Users/NETPHIX_DEV/Desktop/crypto-trading-broker/.venv/lib/python3.13/site-packages/django/core/servers/basehttp.py:213 - "POST /api/v1/cron/execute-orders/?token=5Pm-SoiK_WTo2hU1sfsprv4qaUTqp_s0rdbdag45k9M= HTTP/1.1" 200 168
[2025-11-30 22:45:12,834] INFO django.server /Users/NETPHIX_DEV/Desktop/crypto-trading-broker/.venv/lib/python3.13/site-packages/django/core/servers/basehttp.py:213 - "POST /api/v1/cron/update-positions/?token=5Pm-SoiK_WTo2hU1sfsprv4qaUTqp_s0rdbdag45k9M= HTTP/1.1" 200 416
[2025-11-30 22:45:40,566] INFO django.server /Users/NETPHIX_DEV/Desktop/crypto-trading-broker/.venv/lib/python3.13/site-packages/django/core/servers/basehttp.py:213 - "GET /api/v1/trading-pairs/ HTTP/1.1" 200 92356
[2025-11-30 22:45:42,487] INFO django.server /Users/NETPHIX_DEV/Desktop/crypto-trading-broker/.venv/lib/python3.13/site-packages/django/core/servers/basehttp.py:213 - "GET /dashboard/trading HTTP/1.1" 200 87018
[2025-11-30 22:45:42,653] WARNING django.server /Users/NETPHIX_DEV/Desktop/crypto-trading-broker/.venv/lib/python3.13/site-packages/django/core/servers/basehttp.py:213 - "GET /.well-known/appspecific/com.chrome.devtools.json HTTP/1.1" 404 20299
[2025-11-30 22:45:43,568] INFO django.server /Users/NETPHIX_DEV/Desktop/crypto-trading-broker/.venv/lib/python3.13/site-packages/django/core/servers/basehttp.py:213 - "GET /api/v1/trading-pairs/ HTTP/1.1" 200 92356
[2025-11-30 22:45:44,268] INFO django.server /Users/NETPHIX_DEV/Desktop/crypto-trading-broker/.venv/lib/python3.13/site-packages/django/core/servers/basehttp.py:213 - "GET /api/v1/trading-pairs/market_status/ HTTP/1.1" 200 594
[2025-11-30 22:46:00,453] INFO django.server /Users/NETPHIX_DEV/Desktop/crypto-trading-broker/.venv/lib/python3.13/site-packages/django/core/servers/basehttp.py:213 - "POST /api/v1/cron/execute-orders/?token=5Pm-SoiK_WTo2hU1sfsprv4qaUTqp_s0rdbdag45k9M= HTTP/1.1" 200 168
[2025-11-30 22:46:00,454] INFO django.server /Users/NETPHIX_DEV/Desktop/crypto-trading-broker/.venv/lib/python3.13/site-packages/django/core/servers/basehttp.py:213 - "POST /api/v1/cron/expire-orders/?token=5Pm-SoiK_WTo2hU1sfsprv4qaUTqp_s0rdbdag45k9M= HTTP/1.1" 200 131
[2025-11-30 22:46:08,188] INFO django.server /Users/NETPHIX_DEV/Desktop/crypto-trading-broker/.venv/lib/python3.13/site-packages/django/core/servers/basehttp.py:213 - "POST /api/v1/cron/update-positions/?token=5Pm-SoiK_WTo2hU1sfsprv4qaUTqp_s0rdbdag45k9M= HTTP/1.1" 200 416
[2025-11-30 22:46:14,861] INFO django.server /Users/NETPHIX_DEV/Desktop/crypto-trading-broker/.venv/lib/python3.13/site-packages/django/core/servers/basehttp.py:213 - "GET /api/v1/trading-pairs/ HTTP/1.1" 200 92357
[2025-11-30 22:46:38,181] INFO django.server /Users/NETPHIX_DEV/Desktop/crypto-trading-broker/.venv/lib/python3.13/site-packages/django/core/servers/basehttp.py:213 - "GET /dashboard/trading-view/15/ HTTP/1.1" 200 119591
[2025-11-30 22:46:38,265] INFO django.server /Users/NETPHIX_DEV/Desktop/crypto-trading-broker/.venv/lib/python3.13/site-packages/django/core/servers/basehttp.py:213 - "GET /static/assets/scripts/api.js HTTP/1.1" 304 0
[2025-11-30 22:46:38,305] INFO django.server /Users/NETPHIX_DEV/Desktop/crypto-trading-broker/.venv/lib/python3.13/site-packages/django/core/servers/basehttp.py:213 - "GET /static/assets/scripts/trading-single.js HTTP/1.1" 304 0
[2025-11-30 22:46:38,330] WARNING django.server /Users/NETPHIX_DEV/Desktop/crypto-trading-broker/.venv/lib/python3.13/site-packages/django/core/servers/basehttp.py:213 - "GET /.well-known/appspecific/com.chrome.devtools.json HTTP/1.1" 404 20299
[2025-11-30 22:46:38,829] INFO django.server /Users/NETPHIX_DEV/Desktop/crypto-trading-broker/.venv/lib/python3.13/site-packages/django/core/servers/basehttp.py:213 - "GET /api/v1/trading/config/ HTTP/1.1" 200 1299
[2025-11-30 22:46:38,958] INFO django.server /Users/NETPHIX_DEV/Desktop/crypto-trading-broker/.venv/lib/python3.13/site-packages/django/core/servers/basehttp.py:213 - "GET /api/v1/orders/trading_summary/ HTTP/1.1" 200 291
[2025-11-30 22:46:38,979] INFO django.server /Users/NETPHIX_DEV/Desktop/crypto-trading-broker/.venv/lib/python3.13/site-packages/django/core/servers/basehttp.py:213 - "GET /api/v1/positions/ HTTP/1.1" 200 4947
[2025-11-30 22:46:39,024] INFO django.server /Users/NETPHIX_DEV/Desktop/crypto-trading-broker/.venv/lib/python3.13/site-packages/django/core/servers/basehttp.py:213 - "GET /api/v1/orders/ HTTP/1.1" 200 15735
[2025-11-30 22:46:39,044] INFO django.server /Users/NETPHIX_DEV/Desktop/crypto-trading-broker/.venv/lib/python3.13/site-packages/django/core/servers/basehttp.py:213 - "GET /api/v1/trading-pairs/15/ HTTP/1.1" 200 556
[2025-11-30 22:46:44,045] INFO django.server /Users/NETPHIX_DEV/Desktop/crypto-trading-broker/.venv/lib/python3.13/site-packages/django/core/servers/basehttp.py:213 - "GET /api/v1/trading-pairs/15/market_data/ HTTP/1.1" 200 292
[2025-11-30 22:46:44,062] INFO django.server /Users/NETPHIX_DEV/Desktop/crypto-trading-broker/.venv/lib/python3.13/site-packages/django/core/servers/basehttp.py:213 - "GET /api/v1/accounts/balance/ HTTP/1.1" 200 353
[2025-11-30 22:46:44,088] INFO django.server /Users/NETPHIX_DEV/Desktop/crypto-trading-broker/.venv/lib/python3.13/site-packages/django/core/servers/basehttp.py:213 - "GET /api/v1/positions/ HTTP/1.1" 200 4947
[2025-11-30 22:46:44,211] INFO django.server /Users/NETPHIX_DEV/Desktop/crypto-trading-broker/.venv/lib/python3.13/site-packages/django/core/servers/basehttp.py:213 - "GET /api/v1/orders/ HTTP/1.1" 200 15735
[2025-11-30 22:46:44,246] INFO django.server /Users/NETPHIX_DEV/Desktop/crypto-trading-broker/.venv/lib/python3.13/site-packages/django/core/servers/basehttp.py:213 - "GET /api/v1/transactions/ HTTP/1.1" 200 3569
[2025-11-30 22:47:00,425] INFO django.server /Users/NETPHIX_DEV/Desktop/crypto-trading-broker/.venv/lib/python3.13/site-packages/django/core/servers/basehttp.py:213 - "POST /api/v1/cron/execute-orders/?token=5Pm-SoiK_WTo2hU1sfsprv4qaUTqp_s0rdbdag45k9M= HTTP/1.1" 200 168
[2025-11-30 22:47:00,505] INFO django.server /Users/NETPHIX_DEV/Desktop/crypto-trading-broker/.venv/lib/python3.13/site-packages/django/core/servers/basehttp.py:213 - "POST /api/v1/cron/expire-orders/?token=5Pm-SoiK_WTo2hU1sfsprv4qaUTqp_s0rdbdag45k9M= HTTP/1.1" 200 131
[2025-11-30 22:47:11,420] INFO django.server /Users/NETPHIX_DEV/Desktop/crypto-trading-broker/.venv/lib/python3.13/site-packages/django/core/servers/basehttp.py:213 - "POST /api/v1/cron/update-positions/?token=5Pm-SoiK_WTo2hU1sfsprv4qaUTqp_s0rdbdag45k9M= HTTP/1.1" 200 416
[2025-11-30 22:48:00,343] INFO django.server /Users/NETPHIX_DEV/Desktop/crypto-trading-broker/.venv/lib/python3.13/site-packages/django/core/servers/basehttp.py:213 - "POST /api/v1/cron/expire-orders/?token=5Pm-SoiK_WTo2hU1sfsprv4qaUTqp_s0rdbdag45k9M= HTTP/1.1" 200 131
[2025-11-30 22:48:00,383] INFO django.server /Users/NETPHIX_DEV/Desktop/crypto-trading-broker/.venv/lib/python3.13/site-packages/django/core/servers/basehttp.py:213 - "POST /api/v1/cron/execute-orders/?token=5Pm-SoiK_WTo2hU1sfsprv4qaUTqp_s0rdbdag45k9M= HTTP/1.1" 200 168
[2025-11-30 22:48:07,173] INFO django.server /Users/NETPHIX_DEV/Desktop/crypto-trading-broker/.venv/lib/python3.13/site-packages/django/core/servers/basehttp.py:213 - "POST /api/v1/cron/update-positions/?token=5Pm-SoiK_WTo2hU1sfsprv4qaUTqp_s0rdbdag45k9M= HTTP/1.1" 200 416
[2025-11-30 22:49:00,538] INFO django.server /Users/NETPHIX_DEV/Desktop/crypto-trading-broker/.venv/lib/python3.13/site-packages/django/core/servers/basehttp.py:213 - "POST /api/v1/cron/execute-orders/?token=5Pm-SoiK_WTo2hU1sfsprv4qaUTqp_s0rdbdag45k9M= HTTP/1.1" 200 168
[2025-11-30 22:49:00,539] INFO django.server /Users/NETPHIX_DEV/Desktop/crypto-trading-broker/.venv/lib/python3.13/site-packages/django/core/servers/basehttp.py:213 - "POST /api/v1/cron/expire-orders/?token=5Pm-SoiK_WTo2hU1sfsprv4qaUTqp_s0rdbdag45k9M= HTTP/1.1" 200 131
[2025-11-30 22:49:11,894] INFO django.server /Users/NETPHIX_DEV/Desktop/crypto-trading-broker/.venv/lib/python3.13/site-packages/django/core/servers/basehttp.py:213 - "POST /api/v1/cron/update-positions/?token=5Pm-SoiK_WTo2hU1sfsprv4qaUTqp_s0rdbdag45k9M= HTTP/1.1" 200 416
[2025-11-30 22:50:01,541] INFO django.server /Users/NETPHIX_DEV/Desktop/crypto-trading-broker/.venv/lib/python3.13/site-packages/django/core/servers/basehttp.py:213 - "POST /api/v1/cron/expire-orders/?token=5Pm-SoiK_WTo2hU1sfsprv4qaUTqp_s0rdbdag45k9M= HTTP/1.1" 200 131
[2025-11-30 22:50:01,807] INFO django.server /Users/NETPHIX_DEV/Desktop/crypto-trading-broker/.venv/lib/python3.13/site-packages/django/core/servers/basehttp.py:213 - "POST /api/v1/cron/execute-orders/?token=5Pm-SoiK_WTo2hU1sfsprv4qaUTqp_s0rdbdag45k9M= HTTP/1.1" 200 168
[2025-11-30 22:50:08,321] INFO django.server /Users/NETPHIX_DEV/Desktop/crypto-trading-broker/.venv/lib/python3.13/site-packages/django/core/servers/basehttp.py:213 - "POST /api/v1/cron/update-positions/?token=5Pm-SoiK_WTo2hU1sfsprv4qaUTqp_s0rdbdag45k9M= HTTP/1.1" 200 416
[2025-11-30 22:51:00,490] INFO django.server /Users/NETPHIX_DEV/Desktop/crypto-trading-broker/.venv/lib/python3.13/site-packages/django/core/servers/basehttp.py:213 - "POST /api/v1/cron/execute-orders/?token=5Pm-SoiK_WTo2hU1sfsprv4qaUTqp_s0rdbdag45k9M= HTTP/1.1" 200 168
[2025-11-30 22:51:00,492] INFO django.server /Users/NETPHIX_DEV/Desktop/crypto-trading-broker/.venv/lib/python3.13/site-packages/django/core/servers/basehttp.py:213 - "POST /api/v1/cron/expire-orders/?token=5Pm-SoiK_WTo2hU1sfsprv4qaUTqp_s0rdbdag45k9M= HTTP/1.1" 200 131
[2025-11-30 22:51:13,461] INFO django.server /Users/NETPHIX_DEV/Desktop/crypto-trading-broker/.venv/lib/python3.13/site-packages/django/core/servers/basehttp.py:213 - "POST /api/v1/cron/update-positions/?token=5Pm-SoiK_WTo2hU1sfsprv4qaUTqp_s0rdbdag45k9M= HTTP/1.1" 200 416
[2025-11-30 22:52:00,378] INFO django.server /Users/NETPHIX_DEV/Desktop/crypto-trading-broker/.venv/lib/python3.13/site-packages/django/core/servers/basehttp.py:213 - "POST /api/v1/cron/expire-orders/?token=5Pm-SoiK_WTo2hU1sfsprv4qaUTqp_s0rdbdag45k9M= HTTP/1.1" 200 131
[2025-11-30 22:52:00,447] INFO django.server /Users/NETPHIX_DEV/Desktop/crypto-trading-broker/.venv/lib/python3.13/site-packages/django/core/servers/basehttp.py:213 - "POST /api/v1/cron/execute-orders/?token=5Pm-SoiK_WTo2hU1sfsprv4qaUTqp_s0rdbdag45k9M= HTTP/1.1" 200 168
[2025-11-30 22:52:07,335] INFO django.server /Users/NETPHIX_DEV/Desktop/crypto-trading-broker/.venv/lib/python3.13/site-packages/django/core/servers/basehttp.py:213 - "POST /api/v1/cron/update-positions/?token=5Pm-SoiK_WTo2hU1sfsprv4qaUTqp_s0rdbdag45k9M= HTTP/1.1" 200 416
[2025-11-30 22:53:00,337] INFO django.server /Users/NETPHIX_DEV/Desktop/crypto-trading-broker/.venv/lib/python3.13/site-packages/django/core/servers/basehttp.py:213 - "POST /api/v1/cron/expire-orders/?token=5Pm-SoiK_WTo2hU1sfsprv4qaUTqp_s0rdbdag45k9M= HTTP/1.1" 200 131
[2025-11-30 22:53:00,506] INFO django.server /Users/NETPHIX_DEV/Desktop/crypto-trading-broker/.venv/lib/python3.13/site-packages/django/core/servers/basehttp.py:213 - "POST /api/v1/cron/execute-orders/?token=5Pm-SoiK_WTo2hU1sfsprv4qaUTqp_s0rdbdag45k9M= HTTP/1.1" 200 168
[2025-11-30 22:53:10,751] INFO django.server /Users/NETPHIX_DEV/Desktop/crypto-trading-broker/.venv/lib/python3.13/site-packages/django/core/servers/basehttp.py:213 - "POST /api/v1/cron/update-positions/?token=5Pm-SoiK_WTo2hU1sfsprv4qaUTqp_s0rdbdag45k9M= HTTP/1.1" 200 416
[2025-11-30 22:54:00,232] INFO django.server /Users/NETPHIX_DEV/Desktop/crypto-trading-broker/.venv/lib/python3.13/site-packages/django/core/servers/basehttp.py:213 - "POST /api/v1/cron/expire-orders/?token=5Pm-SoiK_WTo2hU1sfsprv4qaUTqp_s0rdbdag45k9M= HTTP/1.1" 200 131
[2025-11-30 22:54:00,236] INFO django.server /Users/NETPHIX_DEV/Desktop/crypto-trading-broker/.venv/lib/python3.13/site-packages/django/core/servers/basehttp.py:213 - "POST /api/v1/cron/execute-orders/?token=5Pm-SoiK_WTo2hU1sfsprv4qaUTqp_s0rdbdag45k9M= HTTP/1.1" 200 168
[2025-11-30 22:54:06,717] INFO django.server /Users/NETPHIX_DEV/Desktop/crypto-trading-broker/.venv/lib/python3.13/site-packages/django/core/servers/basehttp.py:213 - "POST /api/v1/cron/update-positions/?token=5Pm-SoiK_WTo2hU1sfsprv4qaUTqp_s0rdbdag45k9M= HTTP/1.1" 200 416
[2025-11-30 22:55:00,179] INFO django.server /Users/NETPHIX_DEV/Desktop/crypto-trading-broker/.venv/lib/python3.13/site-packages/django/core/servers/basehttp.py:213 - "POST /api/v1/cron/execute-orders/?token=5Pm-SoiK_WTo2hU1sfsprv4qaUTqp_s0rdbdag45k9M= HTTP/1.1" 200 168
[2025-11-30 22:55:00,182] INFO django.server /Users/NETPHIX_DEV/Desktop/crypto-trading-broker/.venv/lib/python3.13/site-packages/django/core/servers/basehttp.py:213 - "POST /api/v1/cron/expire-orders/?token=5Pm-SoiK_WTo2hU1sfsprv4qaUTqp_s0rdbdag45k9M= HTTP/1.1" 200 131
[2025-11-30 22:55:13,883] INFO django.server /Users/NETPHIX_DEV/Desktop/crypto-trading-broker/.venv/lib/python3.13/site-packages/django/core/servers/basehttp.py:213 - "POST /api/v1/cron/update-positions/?token=5Pm-SoiK_WTo2hU1sfsprv4qaUTqp_s0rdbdag45k9M= HTTP/1.1" 200 416
[2025-11-30 22:55:51,465] INFO django.server /Users/NETPHIX_DEV/Desktop/crypto-trading-broker/.venv/lib/python3.13/site-packages/django/core/servers/basehttp.py:213 - "GET /dashboard/trading-view/15/ HTTP/1.1" 200 119591
[2025-11-30 22:55:51,705] WARNING django.server /Users/NETPHIX_DEV/Desktop/crypto-trading-broker/.venv/lib/python3.13/site-packages/django/core/servers/basehttp.py:213 - "GET /.well-known/appspecific/com.chrome.devtools.json HTTP/1.1" 404 20299
[2025-11-30 22:55:52,768] INFO django.server /Users/NETPHIX_DEV/Desktop/crypto-trading-broker/.venv/lib/python3.13/site-packages/django/core/servers/basehttp.py:213 - "GET /static/assets/scripts/api.js HTTP/1.1" 200 32690
[2025-11-30 22:55:52,773] INFO django.server /Users/NETPHIX_DEV/Desktop/crypto-trading-broker/.venv/lib/python3.13/site-packages/django/core/servers/basehttp.py:213 - "GET /static/assets/scripts/order-handler.js HTTP/1.1" 200 16489
[2025-11-30 22:55:52,780] INFO django.server /Users/NETPHIX_DEV/Desktop/crypto-trading-broker/.venv/lib/python3.13/site-packages/django/core/servers/basehttp.py:213 - "GET /static/assets/scripts/trading-single.js HTTP/1.1" 200 41631
[2025-11-30 22:55:54,280] INFO django.server /Users/NETPHIX_DEV/Desktop/crypto-trading-broker/.venv/lib/python3.13/site-packages/django/core/servers/basehttp.py:213 - "GET /api/v1/trading/config/ HTTP/1.1" 200 1299
[2025-11-30 22:55:54,348] INFO django.server /Users/NETPHIX_DEV/Desktop/crypto-trading-broker/.venv/lib/python3.13/site-packages/django/core/servers/basehttp.py:213 - "GET /api/v1/orders/trading_summary/ HTTP/1.1" 200 291
[2025-11-30 22:55:54,376] INFO django.server /Users/NETPHIX_DEV/Desktop/crypto-trading-broker/.venv/lib/python3.13/site-packages/django/core/servers/basehttp.py:213 - "GET /api/v1/positions/ HTTP/1.1" 200 4948
[2025-11-30 22:55:54,422] INFO django.server /Users/NETPHIX_DEV/Desktop/crypto-trading-broker/.venv/lib/python3.13/site-packages/django/core/servers/basehttp.py:213 - "GET /api/v1/orders/ HTTP/1.1" 200 15735
[2025-11-30 22:55:54,454] INFO django.server /Users/NETPHIX_DEV/Desktop/crypto-trading-broker/.venv/lib/python3.13/site-packages/django/core/servers/basehttp.py:213 - "GET /api/v1/trading-pairs/15/ HTTP/1.1" 200 556
[2025-11-30 22:55:56,193] INFO django.server /Users/NETPHIX_DEV/Desktop/crypto-trading-broker/.venv/lib/python3.13/site-packages/django/core/servers/basehttp.py:213 - "GET /static/assets/img/XoR8MfdPTzQDfF4JVKuMIQhGj8HmCdPoBxveN4vK.png HTTP/1.1" 200 8868
[2025-11-30 22:55:59,259] INFO django.server /Users/NETPHIX_DEV/Desktop/crypto-trading-broker/.venv/lib/python3.13/site-packages/django/core/servers/basehttp.py:213 - "GET /api/v1/trading-pairs/15/market_data/ HTTP/1.1" 200 292
[2025-11-30 22:55:59,283] INFO django.server /Users/NETPHIX_DEV/Desktop/crypto-trading-broker/.venv/lib/python3.13/site-packages/django/core/servers/basehttp.py:213 - "GET /api/v1/accounts/balance/ HTTP/1.1" 200 353
[2025-11-30 22:55:59,319] INFO django.server /Users/NETPHIX_DEV/Desktop/crypto-trading-broker/.venv/lib/python3.13/site-packages/django/core/servers/basehttp.py:213 - "GET /api/v1/positions/ HTTP/1.1" 200 4948
[2025-11-30 22:55:59,370] INFO django.server /Users/NETPHIX_DEV/Desktop/crypto-trading-broker/.venv/lib/python3.13/site-packages/django/core/servers/basehttp.py:213 - "GET /api/v1/orders/ HTTP/1.1" 200 15735
[2025-11-30 22:55:59,419] INFO django.server /Users/NETPHIX_DEV/Desktop/crypto-trading-broker/.venv/lib/python3.13/site-packages/django/core/servers/basehttp.py:213 - "GET /api/v1/transactions/?trading_pair=15 HTTP/1.1" 200 52
[2025-11-30 22:56:00,187] INFO django.server /Users/NETPHIX_DEV/Desktop/crypto-trading-broker/.venv/lib/python3.13/site-packages/django/core/servers/basehttp.py:213 - "POST /api/v1/cron/execute-orders/?token=5Pm-SoiK_WTo2hU1sfsprv4qaUTqp_s0rdbdag45k9M= HTTP/1.1" 200 168
[2025-11-30 22:56:00,282] INFO django.server /Users/NETPHIX_DEV/Desktop/crypto-trading-broker/.venv/lib/python3.13/site-packages/django/core/servers/basehttp.py:213 - "POST /api/v1/cron/expire-orders/?token=5Pm-SoiK_WTo2hU1sfsprv4qaUTqp_s0rdbdag45k9M= HTTP/1.1" 200 131
[2025-11-30 22:56:06,837] INFO django.server /Users/NETPHIX_DEV/Desktop/crypto-trading-broker/.venv/lib/python3.13/site-packages/django/core/servers/basehttp.py:213 - "POST /api/v1/cron/update-positions/?token=5Pm-SoiK_WTo2hU1sfsprv4qaUTqp_s0rdbdag45k9M= HTTP/1.1" 200 416
[2025-11-30 22:56:44,155] INFO django.server /Users/NETPHIX_DEV/Desktop/crypto-trading-broker/.venv/lib/python3.13/site-packages/django/core/servers/basehttp.py:213 - "GET /dashboard/trading HTTP/1.1" 200 87018
[2025-11-30 22:56:44,268] INFO django.server /Users/NETPHIX_DEV/Desktop/crypto-trading-broker/.venv/lib/python3.13/site-packages/django/core/servers/basehttp.py:213 - "GET /static/assets/scripts/api.js HTTP/1.1" 304 0
[2025-11-30 22:56:44,324] WARNING django.server /Users/NETPHIX_DEV/Desktop/crypto-trading-broker/.venv/lib/python3.13/site-packages/django/core/servers/basehttp.py:213 - "GET /.well-known/appspecific/com.chrome.devtools.json HTTP/1.1" 404 20299
[2025-11-30 22:56:44,797] INFO django.server /Users/NETPHIX_DEV/Desktop/crypto-trading-broker/.venv/lib/python3.13/site-packages/django/core/servers/basehttp.py:213 - "GET /api/v1/trading-pairs/ HTTP/1.1" 200 92357
[2025-11-30 22:56:45,567] INFO django.server /Users/NETPHIX_DEV/Desktop/crypto-trading-broker/.venv/lib/python3.13/site-packages/django/core/servers/basehttp.py:213 - "GET /api/v1/trading-pairs/market_status/ HTTP/1.1" 200 594
[2025-11-30 22:56:48,844] INFO django.server /Users/NETPHIX_DEV/Desktop/crypto-trading-broker/.venv/lib/python3.13/site-packages/django/core/servers/basehttp.py:213 - "GET /dashboard/trading-view/1/ HTTP/1.1" 200 119591
[2025-11-30 22:56:48,930] INFO django.server /Users/NETPHIX_DEV/Desktop/crypto-trading-broker/.venv/lib/python3.13/site-packages/django/core/servers/basehttp.py:213 - "GET /static/assets/scripts/trading-single.js HTTP/1.1" 304 0
[2025-11-30 22:56:49,381] WARNING django.server /Users/NETPHIX_DEV/Desktop/crypto-trading-broker/.venv/lib/python3.13/site-packages/django/core/servers/basehttp.py:213 - "GET /.well-known/appspecific/com.chrome.devtools.json HTTP/1.1" 404 20299
[2025-11-30 22:56:49,521] INFO django.server /Users/NETPHIX_DEV/Desktop/crypto-trading-broker/.venv/lib/python3.13/site-packages/django/core/servers/basehttp.py:213 - "GET /api/v1/trading/config/ HTTP/1.1" 200 1299
[2025-11-30 22:56:49,666] INFO django.server /Users/NETPHIX_DEV/Desktop/crypto-trading-broker/.venv/lib/python3.13/site-packages/django/core/servers/basehttp.py:213 - "GET /api/v1/orders/trading_summary/ HTTP/1.1" 200 291
[2025-11-30 22:56:49,720] INFO django.server /Users/NETPHIX_DEV/Desktop/crypto-trading-broker/.venv/lib/python3.13/site-packages/django/core/servers/basehttp.py:213 - "GET /api/v1/positions/ HTTP/1.1" 200 4949
[2025-11-30 22:56:49,760] INFO django.server /Users/NETPHIX_DEV/Desktop/crypto-trading-broker/.venv/lib/python3.13/site-packages/django/core/servers/basehttp.py:213 - "GET /api/v1/orders/ HTTP/1.1" 200 15735
[2025-11-30 22:56:49,778] INFO django.server /Users/NETPHIX_DEV/Desktop/crypto-trading-broker/.venv/lib/python3.13/site-packages/django/core/servers/basehttp.py:213 - "GET /api/v1/trading-pairs/1/ HTTP/1.1" 200 589
[2025-11-30 22:56:51,615] INFO django.server /Users/NETPHIX_DEV/Desktop/crypto-trading-broker/.venv/lib/python3.13/site-packages/django/core/servers/basehttp.py:213 - "GET /api/v1/trading-pairs/1/market_data/ HTTP/1.1" 200 334
[2025-11-30 22:56:51,948] INFO django.server /Users/NETPHIX_DEV/Desktop/crypto-trading-broker/.venv/lib/python3.13/site-packages/django/core/servers/basehttp.py:213 - "GET /api/v1/accounts/balance/ HTTP/1.1" 200 353
[2025-11-30 22:56:51,992] INFO django.server /Users/NETPHIX_DEV/Desktop/crypto-trading-broker/.venv/lib/python3.13/site-packages/django/core/servers/basehttp.py:213 - "GET /api/v1/positions/ HTTP/1.1" 200 4949
[2025-11-30 22:56:52,034] INFO django.server /Users/NETPHIX_DEV/Desktop/crypto-trading-broker/.venv/lib/python3.13/site-packages/django/core/servers/basehttp.py:213 - "GET /api/v1/orders/ HTTP/1.1" 200 15735
[2025-11-30 22:56:52,149] INFO django.server /Users/NETPHIX_DEV/Desktop/crypto-trading-broker/.venv/lib/python3.13/site-packages/django/core/servers/basehttp.py:213 - "GET /api/v1/transactions/?trading_pair=1 HTTP/1.1" 200 1222
[2025-11-30 22:57:00,196] INFO django.server /Users/NETPHIX_DEV/Desktop/crypto-trading-broker/.venv/lib/python3.13/site-packages/django/core/servers/basehttp.py:213 - "POST /api/v1/cron/execute-orders/?token=5Pm-SoiK_WTo2hU1sfsprv4qaUTqp_s0rdbdag45k9M= HTTP/1.1" 200 168
[2025-11-30 22:57:00,317] INFO django.server /Users/NETPHIX_DEV/Desktop/crypto-trading-broker/.venv/lib/python3.13/site-packages/django/core/servers/basehttp.py:213 - "POST /api/v1/cron/expire-orders/?token=5Pm-SoiK_WTo2hU1sfsprv4qaUTqp_s0rdbdag45k9M= HTTP/1.1" 200 131
[2025-11-30 22:57:12,788] INFO django.server /Users/NETPHIX_DEV/Desktop/crypto-trading-broker/.venv/lib/python3.13/site-packages/django/core/servers/basehttp.py:213 - "POST /api/v1/cron/update-positions/?token=5Pm-SoiK_WTo2hU1sfsprv4qaUTqp_s0rdbdag45k9M= HTTP/1.1" 200 416
[2025-11-30 22:58:00,282] INFO django.server /Users/NETPHIX_DEV/Desktop/crypto-trading-broker/.venv/lib/python3.13/site-packages/django/core/servers/basehttp.py:213 - "POST /api/v1/cron/execute-orders/?token=5Pm-SoiK_WTo2hU1sfsprv4qaUTqp_s0rdbdag45k9M= HTTP/1.1" 200 168
[2025-11-30 22:58:00,319] INFO django.server /Users/NETPHIX_DEV/Desktop/crypto-trading-broker/.venv/lib/python3.13/site-packages/django/core/servers/basehttp.py:213 - "POST /api/v1/cron/expire-orders/?token=5Pm-SoiK_WTo2hU1sfsprv4qaUTqp_s0rdbdag45k9M= HTTP/1.1" 200 131
[2025-11-30 22:58:08,980] INFO django.server /Users/NETPHIX_DEV/Desktop/crypto-trading-broker/.venv/lib/python3.13/site-packages/django/core/servers/basehttp.py:213 - "POST /api/v1/cron/update-positions/?token=5Pm-SoiK_WTo2hU1sfsprv4qaUTqp_s0rdbdag45k9M= HTTP/1.1" 200 416
[2025-11-30 22:58:59,868] INFO django.server /Users/NETPHIX_DEV/Desktop/crypto-trading-broker/.venv/lib/python3.13/site-packages/django/core/servers/basehttp.py:213 - "POST /api/v1/cron/expire-orders/?token=5Pm-SoiK_WTo2hU1sfsprv4qaUTqp_s0rdbdag45k9M= HTTP/1.1" 200 131
[2025-11-30 22:59:00,360] INFO django.server /Users/NETPHIX_DEV/Desktop/crypto-trading-broker/.venv/lib/python3.13/site-packages/django/core/servers/basehttp.py:213 - "POST /api/v1/cron/execute-orders/?token=5Pm-SoiK_WTo2hU1sfsprv4qaUTqp_s0rdbdag45k9M= HTTP/1.1" 200 168
[2025-11-30 22:59:13,551] INFO django.server /Users/NETPHIX_DEV/Desktop/crypto-trading-broker/.venv/lib/python3.13/site-packages/django/core/servers/basehttp.py:213 - "POST /api/v1/cron/update-positions/?token=5Pm-SoiK_WTo2hU1sfsprv4qaUTqp_s0rdbdag45k9M= HTTP/1.1" 200 416
[2025-11-30 22:59:40,748] INFO django.utils.autoreload /Users/NETPHIX_DEV/Desktop/crypto-trading-broker/.venv/lib/python3.13/site-packages/django/utils/autoreload.py:265 - /Users/NETPHIX_DEV/Desktop/crypto-trading-broker/client/views.py changed, reloading.
[2025-11-30 22:59:41,370] INFO django.utils.autoreload /Users/NETPHIX_DEV/Desktop/crypto-trading-broker/.venv/lib/python3.13/site-packages/django/utils/autoreload.py:265 - /Users/NETPHIX_DEV/Desktop/crypto-trading-broker/client/views.py changed, reloading.
[2025-11-30 22:59:42,776] INFO django.utils.autoreload /Users/NETPHIX_DEV/Desktop/crypto-trading-broker/.venv/lib/python3.13/site-packages/django/utils/autoreload.py:667 - Watching for file changes with StatReloader
[2025-11-30 22:59:43,215] INFO django.utils.autoreload /Users/NETPHIX_DEV/Desktop/crypto-trading-broker/.venv/lib/python3.13/site-packages/django/utils/autoreload.py:667 - Watching for file changes with StatReloader
[2025-11-30 22:59:46,935] INFO django.utils.autoreload /Users/NETPHIX_DEV/Desktop/crypto-trading-broker/.venv/lib/python3.13/site-packages/django/utils/autoreload.py:265 - /Users/NETPHIX_DEV/Desktop/crypto-trading-broker/client/views.py changed, reloading.
[2025-11-30 22:59:46,981] INFO django.utils.autoreload /Users/NETPHIX_DEV/Desktop/crypto-trading-broker/.venv/lib/python3.13/site-packages/django/utils/autoreload.py:265 - /Users/NETPHIX_DEV/Desktop/crypto-trading-broker/client/views.py changed, reloading.
[2025-11-30 22:59:48,342] INFO django.utils.autoreload /Users/NETPHIX_DEV/Desktop/crypto-trading-broker/.venv/lib/python3.13/site-packages/django/utils/autoreload.py:667 - Watching for file changes with StatReloader
[2025-11-30 22:59:48,342] INFO django.utils.autoreload /Users/NETPHIX_DEV/Desktop/crypto-trading-broker/.venv/lib/python3.13/site-packages/django/utils/autoreload.py:667 - Watching for file changes with StatReloader
[2025-11-30 22:59:54,167] INFO django.utils.autoreload /Users/NETPHIX_DEV/Desktop/crypto-trading-broker/.venv/lib/python3.13/site-packages/django/utils/autoreload.py:265 - /Users/NETPHIX_DEV/Desktop/crypto-trading-broker/client/views.py changed, reloading.
[2025-11-30 22:59:54,181] INFO django.utils.autoreload /Users/NETPHIX_DEV/Desktop/crypto-trading-broker/.venv/lib/python3.13/site-packages/django/utils/autoreload.py:265 - /Users/NETPHIX_DEV/Desktop/crypto-trading-broker/client/views.py changed, reloading.
[2025-11-30 22:59:55,643] INFO django.utils.autoreload /Users/NETPHIX_DEV/Desktop/crypto-trading-broker/.venv/lib/python3.13/site-packages/django/utils/autoreload.py:667 - Watching for file changes with StatReloader
[2025-11-30 22:59:55,644] INFO django.utils.autoreload /Users/NETPHIX_DEV/Desktop/crypto-trading-broker/.venv/lib/python3.13/site-packages/django/utils/autoreload.py:667 - Watching for file changes with StatReloader
[2025-11-30 23:00:00,418] INFO django.utils.autoreload /Users/NETPHIX_DEV/Desktop/crypto-trading-broker/.venv/lib/python3.13/site-packages/django/utils/autoreload.py:265 - /Users/NETPHIX_DEV/Desktop/crypto-trading-broker/client/views.py changed, reloading.
[2025-11-30 23:00:00,430] INFO django.utils.autoreload /Users/NETPHIX_DEV/Desktop/crypto-trading-broker/.venv/lib/python3.13/site-packages/django/utils/autoreload.py:265 - /Users/NETPHIX_DEV/Desktop/crypto-trading-broker/client/views.py changed, reloading.
[2025-11-30 23:00:01,914] INFO django.utils.autoreload /Users/NETPHIX_DEV/Desktop/crypto-trading-broker/.venv/lib/python3.13/site-packages/django/utils/autoreload.py:667 - Watching for file changes with StatReloader
[2025-11-30 23:00:01,914] INFO django.utils.autoreload /Users/NETPHIX_DEV/Desktop/crypto-trading-broker/.venv/lib/python3.13/site-packages/django/utils/autoreload.py:667 - Watching for file changes with StatReloader
[2025-11-30 23:00:04,031] INFO django.server /Users/NETPHIX_DEV/Desktop/crypto-trading-broker/.venv/lib/python3.13/site-packages/django/core/servers/basehttp.py:213 - "POST /api/v1/cron/expire-orders/?token=5Pm-SoiK_WTo2hU1sfsprv4qaUTqp_s0rdbdag45k9M= HTTP/1.1" 200 131
[2025-11-30 23:00:04,586] INFO django.server /Users/NETPHIX_DEV/Desktop/crypto-trading-broker/.venv/lib/python3.13/site-packages/django/core/servers/basehttp.py:213 - "POST /api/v1/cron/execute-orders/?token=5Pm-SoiK_WTo2hU1sfsprv4qaUTqp_s0rdbdag45k9M= HTTP/1.1" 200 168
[2025-11-30 23:00:05,600] INFO django.utils.autoreload /Users/NETPHIX_DEV/Desktop/crypto-trading-broker/.venv/lib/python3.13/site-packages/django/utils/autoreload.py:265 - /Users/NETPHIX_DEV/Desktop/crypto-trading-broker/client/views.py changed, reloading.
[2025-11-30 23:00:05,618] INFO django.utils.autoreload /Users/NETPHIX_DEV/Desktop/crypto-trading-broker/.venv/lib/python3.13/site-packages/django/utils/autoreload.py:265 - /Users/NETPHIX_DEV/Desktop/crypto-trading-broker/client/views.py changed, reloading.
[2025-11-30 23:00:07,127] INFO django.utils.autoreload /Users/NETPHIX_DEV/Desktop/crypto-trading-broker/.venv/lib/python3.13/site-packages/django/utils/autoreload.py:667 - Watching for file changes with StatReloader
[2025-11-30 23:00:07,129] INFO django.utils.autoreload /Users/NETPHIX_DEV/Desktop/crypto-trading-broker/.venv/lib/python3.13/site-packages/django/utils/autoreload.py:667 - Watching for file changes with StatReloader
[2025-11-30 23:00:20,365] INFO django.utils.autoreload /Users/NETPHIX_DEV/Desktop/crypto-trading-broker/.venv/lib/python3.13/site-packages/django/utils/autoreload.py:265 - /Users/NETPHIX_DEV/Desktop/crypto-trading-broker/client/views.py changed, reloading.
[2025-11-30 23:00:20,370] INFO django.utils.autoreload /Users/NETPHIX_DEV/Desktop/crypto-trading-broker/.venv/lib/python3.13/site-packages/django/utils/autoreload.py:265 - /Users/NETPHIX_DEV/Desktop/crypto-trading-broker/client/views.py changed, reloading.
[2025-11-30 23:00:22,178] INFO django.utils.autoreload /Users/NETPHIX_DEV/Desktop/crypto-trading-broker/.venv/lib/python3.13/site-packages/django/utils/autoreload.py:667 - Watching for file changes with StatReloader
[2025-11-30 23:00:22,179] INFO django.utils.autoreload /Users/NETPHIX_DEV/Desktop/crypto-trading-broker/.venv/lib/python3.13/site-packages/django/utils/autoreload.py:667 - Watching for file changes with StatReloader
[2025-11-30 23:00:24,872] INFO django.utils.autoreload /Users/NETPHIX_DEV/Desktop/crypto-trading-broker/.venv/lib/python3.13/site-packages/django/utils/autoreload.py:265 - /Users/NETPHIX_DEV/Desktop/crypto-trading-broker/client/views.py changed, reloading.
[2025-11-30 23:00:24,883] INFO django.utils.autoreload /Users/NETPHIX_DEV/Desktop/crypto-trading-broker/.venv/lib/python3.13/site-packages/django/utils/autoreload.py:265 - /Users/NETPHIX_DEV/Desktop/crypto-trading-broker/client/views.py changed, reloading.
[2025-11-30 23:00:26,316] INFO django.utils.autoreload /Users/NETPHIX_DEV/Desktop/crypto-trading-broker/.venv/lib/python3.13/site-packages/django/utils/autoreload.py:667 - Watching for file changes with StatReloader
[2025-11-30 23:00:26,317] INFO django.utils.autoreload /Users/NETPHIX_DEV/Desktop/crypto-trading-broker/.venv/lib/python3.13/site-packages/django/utils/autoreload.py:667 - Watching for file changes with StatReloader
[2025-11-30 23:00:30,122] INFO django.utils.autoreload /Users/NETPHIX_DEV/Desktop/crypto-trading-broker/.venv/lib/python3.13/site-packages/django/utils/autoreload.py:265 - /Users/NETPHIX_DEV/Desktop/crypto-trading-broker/client/views.py changed, reloading.
[2025-11-30 23:00:30,129] INFO django.utils.autoreload /Users/NETPHIX_DEV/Desktop/crypto-trading-broker/.venv/lib/python3.13/site-packages/django/utils/autoreload.py:265 - /Users/NETPHIX_DEV/Desktop/crypto-trading-broker/client/views.py changed, reloading.
[2025-11-30 23:00:31,650] INFO django.utils.autoreload /Users/NETPHIX_DEV/Desktop/crypto-trading-broker/.venv/lib/python3.13/site-packages/django/utils/autoreload.py:667 - Watching for file changes with StatReloader
[2025-11-30 23:00:31,651] INFO django.utils.autoreload /Users/NETPHIX_DEV/Desktop/crypto-trading-broker/.venv/lib/python3.13/site-packages/django/utils/autoreload.py:667 - Watching for file changes with StatReloader
[2025-11-30 23:00:58,329] INFO django.utils.autoreload /Users/NETPHIX_DEV/Desktop/crypto-trading-broker/.venv/lib/python3.13/site-packages/django/utils/autoreload.py:265 - /Users/NETPHIX_DEV/Desktop/crypto-trading-broker/client/urls.py changed, reloading.
[2025-11-30 23:00:58,341] INFO django.utils.autoreload /Users/NETPHIX_DEV/Desktop/crypto-trading-broker/.venv/lib/python3.13/site-packages/django/utils/autoreload.py:265 - /Users/NETPHIX_DEV/Desktop/crypto-trading-broker/client/urls.py changed, reloading.
[2025-11-30 23:00:59,972] INFO django.utils.autoreload /Users/NETPHIX_DEV/Desktop/crypto-trading-broker/.venv/lib/python3.13/site-packages/django/utils/autoreload.py:667 - Watching for file changes with StatReloader
[2025-11-30 23:00:59,972] INFO django.utils.autoreload /Users/NETPHIX_DEV/Desktop/crypto-trading-broker/.venv/lib/python3.13/site-packages/django/utils/autoreload.py:667 - Watching for file changes with StatReloader
[2025-11-30 23:01:08,987] INFO django.utils.autoreload /Users/NETPHIX_DEV/Desktop/crypto-trading-broker/.venv/lib/python3.13/site-packages/django/utils/autoreload.py:265 - /Users/NETPHIX_DEV/Desktop/crypto-trading-broker/client/urls.py changed, reloading.
[2025-11-30 23:01:08,989] INFO django.utils.autoreload /Users/NETPHIX_DEV/Desktop/crypto-trading-broker/.venv/lib/python3.13/site-packages/django/utils/autoreload.py:265 - /Users/NETPHIX_DEV/Desktop/crypto-trading-broker/client/urls.py changed, reloading.
[2025-11-30 23:01:10,483] INFO django.utils.autoreload /Users/NETPHIX_DEV/Desktop/crypto-trading-broker/.venv/lib/python3.13/site-packages/django/utils/autoreload.py:667 - Watching for file changes with StatReloader
[2025-11-30 23:01:10,486] INFO django.utils.autoreload /Users/NETPHIX_DEV/Desktop/crypto-trading-broker/.venv/lib/python3.13/site-packages/django/utils/autoreload.py:667 - Watching for file changes with StatReloader
[2025-11-30 23:01:14,121] INFO django.utils.autoreload /Users/NETPHIX_DEV/Desktop/crypto-trading-broker/.venv/lib/python3.13/site-packages/django/utils/autoreload.py:265 - /Users/NETPHIX_DEV/Desktop/crypto-trading-broker/client/urls.py changed, reloading.
[2025-11-30 23:01:14,126] INFO django.utils.autoreload /Users/NETPHIX_DEV/Desktop/crypto-trading-broker/.venv/lib/python3.13/site-packages/django/utils/autoreload.py:265 - /Users/NETPHIX_DEV/Desktop/crypto-trading-broker/client/urls.py changed, reloading.
[2025-11-30 23:01:15,479] INFO django.utils.autoreload /Users/NETPHIX_DEV/Desktop/crypto-trading-broker/.venv/lib/python3.13/site-packages/django/utils/autoreload.py:667 - Watching for file changes with StatReloader
[2025-11-30 23:01:15,479] INFO django.utils.autoreload /Users/NETPHIX_DEV/Desktop/crypto-trading-broker/.venv/lib/python3.13/site-packages/django/utils/autoreload.py:667 - Watching for file changes with StatReloader
[2025-11-30 23:01:21,245] INFO django.utils.autoreload /Users/NETPHIX_DEV/Desktop/crypto-trading-broker/.venv/lib/python3.13/site-packages/django/utils/autoreload.py:265 - /Users/NETPHIX_DEV/Desktop/crypto-trading-broker/client/urls.py changed, reloading.
[2025-11-30 23:01:21,247] INFO django.utils.autoreload /Users/NETPHIX_DEV/Desktop/crypto-trading-broker/.venv/lib/python3.13/site-packages/django/utils/autoreload.py:265 - /Users/NETPHIX_DEV/Desktop/crypto-trading-broker/client/urls.py changed, reloading.
[2025-11-30 23:01:22,820] INFO django.utils.autoreload /Users/NETPHIX_DEV/Desktop/crypto-trading-broker/.venv/lib/python3.13/site-packages/django/utils/autoreload.py:667 - Watching for file changes with StatReloader
[2025-11-30 23:01:22,821] INFO django.utils.autoreload /Users/NETPHIX_DEV/Desktop/crypto-trading-broker/.venv/lib/python3.13/site-packages/django/utils/autoreload.py:667 - Watching for file changes with StatReloader
[2025-11-30 23:01:25,505] INFO django.utils.autoreload /Users/NETPHIX_DEV/Desktop/crypto-trading-broker/.venv/lib/python3.13/site-packages/django/utils/autoreload.py:265 - /Users/NETPHIX_DEV/Desktop/crypto-trading-broker/client/urls.py changed, reloading.
[2025-11-30 23:01:25,508] INFO django.utils.autoreload /Users/NETPHIX_DEV/Desktop/crypto-trading-broker/.venv/lib/python3.13/site-packages/django/utils/autoreload.py:265 - /Users/NETPHIX_DEV/Desktop/crypto-trading-broker/client/urls.py changed, reloading.
[2025-11-30 23:01:26,882] INFO django.utils.autoreload /Users/NETPHIX_DEV/Desktop/crypto-trading-broker/.venv/lib/python3.13/site-packages/django/utils/autoreload.py:667 - Watching for file changes with StatReloader
[2025-11-30 23:01:26,883] INFO django.utils.autoreload /Users/NETPHIX_DEV/Desktop/crypto-trading-broker/.venv/lib/python3.13/site-packages/django/utils/autoreload.py:667 - Watching for file changes with StatReloader
[2025-11-30 23:02:00,371] INFO django.server /Users/NETPHIX_DEV/Desktop/crypto-trading-broker/.venv/lib/python3.13/site-packages/django/core/servers/basehttp.py:213 - "POST /api/v1/cron/expire-orders/?token=5Pm-SoiK_WTo2hU1sfsprv4qaUTqp_s0rdbdag45k9M= HTTP/1.1" 200 131
[2025-11-30 23:02:00,372] INFO django.server /Users/NETPHIX_DEV/Desktop/crypto-trading-broker/.venv/lib/python3.13/site-packages/django/core/servers/basehttp.py:213 - "POST /api/v1/cron/execute-orders/?token=5Pm-SoiK_WTo2hU1sfsprv4qaUTqp_s0rdbdag45k9M= HTTP/1.1" 200 168
[2025-11-30 23:02:12,417] INFO django.server /Users/NETPHIX_DEV/Desktop/crypto-trading-broker/.venv/lib/python3.13/site-packages/django/core/servers/basehttp.py:213 - "POST /api/v1/cron/update-positions/?token=5Pm-SoiK_WTo2hU1sfsprv4qaUTqp_s0rdbdag45k9M= HTTP/1.1" 200 416
[2025-11-30 23:03:00,272] INFO django.server /Users/NETPHIX_DEV/Desktop/crypto-trading-broker/.venv/lib/python3.13/site-packages/django/core/servers/basehttp.py:213 - "POST /api/v1/cron/expire-orders/?token=5Pm-SoiK_WTo2hU1sfsprv4qaUTqp_s0rdbdag45k9M= HTTP/1.1" 200 131
[2025-11-30 23:03:00,356] INFO django.server /Users/NETPHIX_DEV/Desktop/crypto-trading-broker/.venv/lib/python3.13/site-packages/django/core/servers/basehttp.py:213 - "POST /api/v1/cron/execute-orders/?token=5Pm-SoiK_WTo2hU1sfsprv4qaUTqp_s0rdbdag45k9M= HTTP/1.1" 200 168
[2025-11-30 23:03:06,635] INFO django.server /Users/NETPHIX_DEV/Desktop/crypto-trading-broker/.venv/lib/python3.13/site-packages/django/core/servers/basehttp.py:213 - "POST /api/v1/cron/update-positions/?token=5Pm-SoiK_WTo2hU1sfsprv4qaUTqp_s0rdbdag45k9M= HTTP/1.1" 200 416
[2025-11-30 23:04:00,361] INFO django.server /Users/NETPHIX_DEV/Desktop/crypto-trading-broker/.venv/lib/python3.13/site-packages/django/core/servers/basehttp.py:213 - "POST /api/v1/cron/expire-orders/?token=5Pm-SoiK_WTo2hU1sfsprv4qaUTqp_s0rdbdag45k9M= HTTP/1.1" 200 131
[2025-11-30 23:04:00,362] INFO django.server /Users/NETPHIX_DEV/Desktop/crypto-trading-broker/.venv/lib/python3.13/site-packages/django/core/servers/basehttp.py:213 - "POST /api/v1/cron/execute-orders/?token=5Pm-SoiK_WTo2hU1sfsprv4qaUTqp_s0rdbdag45k9M= HTTP/1.1" 200 168
[2025-11-30 23:04:11,954] INFO django.server /Users/NETPHIX_DEV/Desktop/crypto-trading-broker/.venv/lib/python3.13/site-packages/django/core/servers/basehttp.py:213 - "POST /api/v1/cron/update-positions/?token=5Pm-SoiK_WTo2hU1sfsprv4qaUTqp_s0rdbdag45k9M= HTTP/1.1" 200 416
[2025-11-30 23:05:00,092] INFO django.server /Users/NETPHIX_DEV/Desktop/crypto-trading-broker/.venv/lib/python3.13/site-packages/django/core/servers/basehttp.py:213 - "POST /api/v1/cron/execute-orders/?token=5Pm-SoiK_WTo2hU1sfsprv4qaUTqp_s0rdbdag45k9M= HTTP/1.1" 200 168
[2025-11-30 23:05:00,632] INFO django.server /Users/NETPHIX_DEV/Desktop/crypto-trading-broker/.venv/lib/python3.13/site-packages/django/core/servers/basehttp.py:213 - "POST /api/v1/cron/expire-orders/?token=5Pm-SoiK_WTo2hU1sfsprv4qaUTqp_s0rdbdag45k9M= HTTP/1.1" 200 131
[2025-11-30 23:05:07,367] INFO django.server /Users/NETPHIX_DEV/Desktop/crypto-trading-broker/.venv/lib/python3.13/site-packages/django/core/servers/basehttp.py:213 - "POST /api/v1/cron/update-positions/?token=5Pm-SoiK_WTo2hU1sfsprv4qaUTqp_s0rdbdag45k9M= HTTP/1.1" 200 416
[2025-11-30 23:06:00,303] INFO django.server /Users/NETPHIX_DEV/Desktop/crypto-trading-broker/.venv/lib/python3.13/site-packages/django/core/servers/basehttp.py:213 - "POST /api/v1/cron/expire-orders/?token=5Pm-SoiK_WTo2hU1sfsprv4qaUTqp_s0rdbdag45k9M= HTTP/1.1" 200 131
[2025-11-30 23:06:00,943] INFO django.server /Users/NETPHIX_DEV/Desktop/crypto-trading-broker/.venv/lib/python3.13/site-packages/django/core/servers/basehttp.py:213 - "POST /api/v1/cron/execute-orders/?token=5Pm-SoiK_WTo2hU1sfsprv4qaUTqp_s0rdbdag45k9M= HTTP/1.1" 200 168
[2025-11-30 23:06:10,400] INFO django.server /Users/NETPHIX_DEV/Desktop/crypto-trading-broker/.venv/lib/python3.13/site-packages/django/core/servers/basehttp.py:213 - "POST /api/v1/cron/update-positions/?token=5Pm-SoiK_WTo2hU1sfsprv4qaUTqp_s0rdbdag45k9M= HTTP/1.1" 200 416
[2025-11-30 23:07:00,374] INFO django.server /Users/NETPHIX_DEV/Desktop/crypto-trading-broker/.venv/lib/python3.13/site-packages/django/core/servers/basehttp.py:213 - "POST /api/v1/cron/execute-orders/?token=5Pm-SoiK_WTo2hU1sfsprv4qaUTqp_s0rdbdag45k9M= HTTP/1.1" 200 168
[2025-11-30 23:07:00,376] INFO django.server /Users/NETPHIX_DEV/Desktop/crypto-trading-broker/.venv/lib/python3.13/site-packages/django/core/servers/basehttp.py:213 - "POST /api/v1/cron/expire-orders/?token=5Pm-SoiK_WTo2hU1sfsprv4qaUTqp_s0rdbdag45k9M= HTTP/1.1" 200 131
[2025-11-30 23:07:06,670] INFO django.server /Users/NETPHIX_DEV/Desktop/crypto-trading-broker/.venv/lib/python3.13/site-packages/django/core/servers/basehttp.py:213 - "POST /api/v1/cron/update-positions/?token=5Pm-SoiK_WTo2hU1sfsprv4qaUTqp_s0rdbdag45k9M= HTTP/1.1" 200 416
[2025-11-30 23:08:00,235] INFO django.server /Users/NETPHIX_DEV/Desktop/crypto-trading-broker/.venv/lib/python3.13/site-packages/django/core/servers/basehttp.py:213 - "POST /api/v1/cron/execute-orders/?token=5Pm-SoiK_WTo2hU1sfsprv4qaUTqp_s0rdbdag45k9M= HTTP/1.1" 200 168
[2025-11-30 23:08:00,279] INFO django.server /Users/NETPHIX_DEV/Desktop/crypto-trading-broker/.venv/lib/python3.13/site-packages/django/core/servers/basehttp.py:213 - "POST /api/v1/cron/expire-orders/?token=5Pm-SoiK_WTo2hU1sfsprv4qaUTqp_s0rdbdag45k9M= HTTP/1.1" 200 131
[2025-11-30 23:08:10,262] INFO django.server /Users/NETPHIX_DEV/Desktop/crypto-trading-broker/.venv/lib/python3.13/site-packages/django/core/servers/basehttp.py:213 - "POST /api/v1/cron/update-positions/?token=5Pm-SoiK_WTo2hU1sfsprv4qaUTqp_s0rdbdag45k9M= HTTP/1.1" 200 416
[2025-11-30 23:09:00,433] INFO django.server /Users/NETPHIX_DEV/Desktop/crypto-trading-broker/.venv/lib/python3.13/site-packages/django/core/servers/basehttp.py:213 - "POST /api/v1/cron/expire-orders/?token=5Pm-SoiK_WTo2hU1sfsprv4qaUTqp_s0rdbdag45k9M= HTTP/1.1" 200 131
[2025-11-30 23:09:00,438] INFO django.server /Users/NETPHIX_DEV/Desktop/crypto-trading-broker/.venv/lib/python3.13/site-packages/django/core/servers/basehttp.py:213 - "POST /api/v1/cron/execute-orders/?token=5Pm-SoiK_WTo2hU1sfsprv4qaUTqp_s0rdbdag45k9M= HTTP/1.1" 200 168
[2025-11-30 23:09:06,612] INFO django.server /Users/NETPHIX_DEV/Desktop/crypto-trading-broker/.venv/lib/python3.13/site-packages/django/core/servers/basehttp.py:213 - "POST /api/v1/cron/update-positions/?token=5Pm-SoiK_WTo2hU1sfsprv4qaUTqp_s0rdbdag45k9M= HTTP/1.1" 200 417
[2025-11-30 23:10:01,653] INFO django.server /Users/NETPHIX_DEV/Desktop/crypto-trading-broker/.venv/lib/python3.13/site-packages/django/core/servers/basehttp.py:213 - "POST /api/v1/cron/execute-orders/?token=5Pm-SoiK_WTo2hU1sfsprv4qaUTqp_s0rdbdag45k9M= HTTP/1.1" 200 168
[2025-11-30 23:10:02,038] INFO django.server /Users/NETPHIX_DEV/Desktop/crypto-trading-broker/.venv/lib/python3.13/site-packages/django/core/servers/basehttp.py:213 - "POST /api/v1/cron/expire-orders/?token=5Pm-SoiK_WTo2hU1sfsprv4qaUTqp_s0rdbdag45k9M= HTTP/1.1" 200 131
[2025-11-30 23:10:13,512] INFO django.server /Users/NETPHIX_DEV/Desktop/crypto-trading-broker/.venv/lib/python3.13/site-packages/django/core/servers/basehttp.py:213 - "POST /api/v1/cron/update-positions/?token=5Pm-SoiK_WTo2hU1sfsprv4qaUTqp_s0rdbdag45k9M= HTTP/1.1" 200 417
[2025-11-30 23:11:00,318] INFO django.server /Users/NETPHIX_DEV/Desktop/crypto-trading-broker/.venv/lib/python3.13/site-packages/django/core/servers/basehttp.py:213 - "POST /api/v1/cron/execute-orders/?token=5Pm-SoiK_WTo2hU1sfsprv4qaUTqp_s0rdbdag45k9M= HTTP/1.1" 200 168
[2025-11-30 23:11:00,751] INFO django.server /Users/NETPHIX_DEV/Desktop/crypto-trading-broker/.venv/lib/python3.13/site-packages/django/core/servers/basehttp.py:213 - "POST /api/v1/cron/expire-orders/?token=5Pm-SoiK_WTo2hU1sfsprv4qaUTqp_s0rdbdag45k9M= HTTP/1.1" 200 131
[2025-11-30 23:11:07,324] INFO django.server /Users/NETPHIX_DEV/Desktop/crypto-trading-broker/.venv/lib/python3.13/site-packages/django/core/servers/basehttp.py:213 - "POST /api/v1/cron/update-positions/?token=5Pm-SoiK_WTo2hU1sfsprv4qaUTqp_s0rdbdag45k9M= HTTP/1.1" 200 417
[2025-11-30 23:12:00,675] INFO django.server /Users/NETPHIX_DEV/Desktop/crypto-trading-broker/.venv/lib/python3.13/site-packages/django/core/servers/basehttp.py:213 - "POST /api/v1/cron/expire-orders/?token=5Pm-SoiK_WTo2hU1sfsprv4qaUTqp_s0rdbdag45k9M= HTTP/1.1" 200 131
[2025-11-30 23:12:00,846] INFO django.server /Users/NETPHIX_DEV/Desktop/crypto-trading-broker/.venv/lib/python3.13/site-packages/django/core/servers/basehttp.py:213 - "POST /api/v1/cron/execute-orders/?token=5Pm-SoiK_WTo2hU1sfsprv4qaUTqp_s0rdbdag45k9M= HTTP/1.1" 200 168
[2025-11-30 23:12:10,924] INFO django.server /Users/NETPHIX_DEV/Desktop/crypto-trading-broker/.venv/lib/python3.13/site-packages/django/core/servers/basehttp.py:213 - "POST /api/v1/cron/update-positions/?token=5Pm-SoiK_WTo2hU1sfsprv4qaUTqp_s0rdbdag45k9M= HTTP/1.1" 200 417
[2025-11-30 23:13:00,335] INFO django.server /Users/NETPHIX_DEV/Desktop/crypto-trading-broker/.venv/lib/python3.13/site-packages/django/core/servers/basehttp.py:213 - "POST /api/v1/cron/execute-orders/?token=5Pm-SoiK_WTo2hU1sfsprv4qaUTqp_s0rdbdag45k9M= HTTP/1.1" 200 168
[2025-11-30 23:13:00,383] INFO django.server /Users/NETPHIX_DEV/Desktop/crypto-trading-broker/.venv/lib/python3.13/site-packages/django/core/servers/basehttp.py:213 - "POST /api/v1/cron/expire-orders/?token=5Pm-SoiK_WTo2hU1sfsprv4qaUTqp_s0rdbdag45k9M= HTTP/1.1" 200 131
[2025-11-30 23:13:06,472] INFO django.server /Users/NETPHIX_DEV/Desktop/crypto-trading-broker/.venv/lib/python3.13/site-packages/django/core/servers/basehttp.py:213 - "POST /api/v1/cron/update-positions/?token=5Pm-SoiK_WTo2hU1sfsprv4qaUTqp_s0rdbdag45k9M= HTTP/1.1" 200 417
[2025-11-30 23:14:00,300] INFO django.server /Users/NETPHIX_DEV/Desktop/crypto-trading-broker/.venv/lib/python3.13/site-packages/django/core/servers/basehttp.py:213 - "POST /api/v1/cron/execute-orders/?token=5Pm-SoiK_WTo2hU1sfsprv4qaUTqp_s0rdbdag45k9M= HTTP/1.1" 200 168
[2025-11-30 23:14:00,302] INFO django.server /Users/NETPHIX_DEV/Desktop/crypto-trading-broker/.venv/lib/python3.13/site-packages/django/core/servers/basehttp.py:213 - "POST /api/v1/cron/expire-orders/?token=5Pm-SoiK_WTo2hU1sfsprv4qaUTqp_s0rdbdag45k9M= HTTP/1.1" 200 131
[2025-11-30 23:14:10,657] INFO django.server /Users/NETPHIX_DEV/Desktop/crypto-trading-broker/.venv/lib/python3.13/site-packages/django/core/servers/basehttp.py:213 - "POST /api/v1/cron/update-positions/?token=5Pm-SoiK_WTo2hU1sfsprv4qaUTqp_s0rdbdag45k9M= HTTP/1.1" 200 417
[2025-11-30 23:15:01,856] INFO django.server /Users/NETPHIX_DEV/Desktop/crypto-trading-broker/.venv/lib/python3.13/site-packages/django/core/servers/basehttp.py:213 - "POST /api/v1/cron/execute-orders/?token=5Pm-SoiK_WTo2hU1sfsprv4qaUTqp_s0rdbdag45k9M= HTTP/1.1" 200 168
[2025-11-30 23:15:01,966] INFO django.server /Users/NETPHIX_DEV/Desktop/crypto-trading-broker/.venv/lib/python3.13/site-packages/django/core/servers/basehttp.py:213 - "POST /api/v1/cron/expire-orders/?token=5Pm-SoiK_WTo2hU1sfsprv4qaUTqp_s0rdbdag45k9M= HTTP/1.1" 200 131
[2025-11-30 23:15:08,227] INFO django.server /Users/NETPHIX_DEV/Desktop/crypto-trading-broker/.venv/lib/python3.13/site-packages/django/core/servers/basehttp.py:213 - "POST /api/v1/cron/update-positions/?token=5Pm-SoiK_WTo2hU1sfsprv4qaUTqp_s0rdbdag45k9M= HTTP/1.1" 200 417
[2025-11-30 23:16:00,276] INFO django.server /Users/NETPHIX_DEV/Desktop/crypto-trading-broker/.venv/lib/python3.13/site-packages/django/core/servers/basehttp.py:213 - "POST /api/v1/cron/expire-orders/?token=5Pm-SoiK_WTo2hU1sfsprv4qaUTqp_s0rdbdag45k9M= HTTP/1.1" 200 131
[2025-11-30 23:16:00,361] INFO django.server /Users/NETPHIX_DEV/Desktop/crypto-trading-broker/.venv/lib/python3.13/site-packages/django/core/servers/basehttp.py:213 - "POST /api/v1/cron/execute-orders/?token=5Pm-SoiK_WTo2hU1sfsprv4qaUTqp_s0rdbdag45k9M= HTTP/1.1" 200 168
[2025-11-30 23:16:11,267] INFO django.server /Users/NETPHIX_DEV/Desktop/crypto-trading-broker/.venv/lib/python3.13/site-packages/django/core/servers/basehttp.py:213 - "POST /api/v1/cron/update-positions/?token=5Pm-SoiK_WTo2hU1sfsprv4qaUTqp_s0rdbdag45k9M= HTTP/1.1" 200 417
[2025-11-30 23:17:00,482] INFO django.server /Users/NETPHIX_DEV/Desktop/crypto-trading-broker/.venv/lib/python3.13/site-packages/django/core/servers/basehttp.py:213 - "POST /api/v1/cron/execute-orders/?token=5Pm-SoiK_WTo2hU1sfsprv4qaUTqp_s0rdbdag45k9M= HTTP/1.1" 200 168
[2025-11-30 23:17:00,488] INFO django.server /Users/NETPHIX_DEV/Desktop/crypto-trading-broker/.venv/lib/python3.13/site-packages/django/core/servers/basehttp.py:213 - "POST /api/v1/cron/expire-orders/?token=5Pm-SoiK_WTo2hU1sfsprv4qaUTqp_s0rdbdag45k9M= HTTP/1.1" 200 131
[2025-11-30 23:17:06,638] INFO django.server /Users/NETPHIX_DEV/Desktop/crypto-trading-broker/.venv/lib/python3.13/site-packages/django/core/servers/basehttp.py:213 - "POST /api/v1/cron/update-positions/?token=5Pm-SoiK_WTo2hU1sfsprv4qaUTqp_s0rdbdag45k9M= HTTP/1.1" 200 417
[2025-11-30 23:18:00,222] INFO django.server /Users/NETPHIX_DEV/Desktop/crypto-trading-broker/.venv/lib/python3.13/site-packages/django/core/servers/basehttp.py:213 - "POST /api/v1/cron/execute-orders/?token=5Pm-SoiK_WTo2hU1sfsprv4qaUTqp_s0rdbdag45k9M= HTTP/1.1" 200 168
[2025-11-30 23:18:00,627] INFO django.server /Users/NETPHIX_DEV/Desktop/crypto-trading-broker/.venv/lib/python3.13/site-packages/django/core/servers/basehttp.py:213 - "POST /api/v1/cron/expire-orders/?token=5Pm-SoiK_WTo2hU1sfsprv4qaUTqp_s0rdbdag45k9M= HTTP/1.1" 200 131
[2025-11-30 23:18:11,233] INFO django.server /Users/NETPHIX_DEV/Desktop/crypto-trading-broker/.venv/lib/python3.13/site-packages/django/core/servers/basehttp.py:213 - "POST /api/v1/cron/update-positions/?token=5Pm-SoiK_WTo2hU1sfsprv4qaUTqp_s0rdbdag45k9M= HTTP/1.1" 200 417
[2025-11-30 23:18:17,555] WARNING django.server /Users/NETPHIX_DEV/Desktop/crypto-trading-broker/.venv/lib/python3.13/site-packages/django/core/servers/basehttp.py:213 - "GET /.well-known/appspecific/com.chrome.devtools.json HTTP/1.1" 404 20602
[2025-11-30 23:19:00,400] INFO django.server /Users/NETPHIX_DEV/Desktop/crypto-trading-broker/.venv/lib/python3.13/site-packages/django/core/servers/basehttp.py:213 - "POST /api/v1/cron/expire-orders/?token=5Pm-SoiK_WTo2hU1sfsprv4qaUTqp_s0rdbdag45k9M= HTTP/1.1" 200 131
[2025-11-30 23:19:00,543] INFO django.server /Users/NETPHIX_DEV/Desktop/crypto-trading-broker/.venv/lib/python3.13/site-packages/django/core/servers/basehttp.py:213 - "POST /api/v1/cron/execute-orders/?token=5Pm-SoiK_WTo2hU1sfsprv4qaUTqp_s0rdbdag45k9M= HTTP/1.1" 200 168
[2025-11-30 23:19:06,913] INFO django.server /Users/NETPHIX_DEV/Desktop/crypto-trading-broker/.venv/lib/python3.13/site-packages/django/core/servers/basehttp.py:213 - "POST /api/v1/cron/update-positions/?token=5Pm-SoiK_WTo2hU1sfsprv4qaUTqp_s0rdbdag45k9M= HTTP/1.1" 200 417
[2025-11-30 23:19:41,032] INFO django.server /Users/NETPHIX_DEV/Desktop/crypto-trading-broker/.venv/lib/python3.13/site-packages/django/core/servers/basehttp.py:213 - "GET /dashboard/transactions/ HTTP/1.1" 200 96356
[2025-11-30 23:19:41,118] INFO django.server /Users/NETPHIX_DEV/Desktop/crypto-trading-broker/.venv/lib/python3.13/site-packages/django/core/servers/basehttp.py:213 - "GET /static/assets/scripts/api.js HTTP/1.1" 304 0
[2025-11-30 23:19:41,146] WARNING django.server /Users/NETPHIX_DEV/Desktop/crypto-trading-broker/.venv/lib/python3.13/site-packages/django/core/servers/basehttp.py:213 - "GET /.well-known/appspecific/com.chrome.devtools.json HTTP/1.1" 404 20602
[2025-11-30 23:19:42,268] INFO django.server /Users/NETPHIX_DEV/Desktop/crypto-trading-broker/.venv/lib/python3.13/site-packages/django/core/servers/basehttp.py:213 - "GET /api/v1/transactions/ HTTP/1.1" 200 3569
[2025-11-30 23:19:42,310] INFO django.server /Users/NETPHIX_DEV/Desktop/crypto-trading-broker/.venv/lib/python3.13/site-packages/django/core/servers/basehttp.py:213 - "GET /api/v1/transactions/ HTTP/1.1" 200 3569
[2025-11-30 23:20:01,630] INFO django.server /Users/NETPHIX_DEV/Desktop/crypto-trading-broker/.venv/lib/python3.13/site-packages/django/core/servers/basehttp.py:213 - "GET /api/v1/transactions/?transaction_type=deposit HTTP/1.1" 200 52
[2025-11-30 23:20:01,664] INFO django.server /Users/NETPHIX_DEV/Desktop/crypto-trading-broker/.venv/lib/python3.13/site-packages/django/core/servers/basehttp.py:213 - "POST /api/v1/cron/execute-orders/?token=5Pm-SoiK_WTo2hU1sfsprv4qaUTqp_s0rdbdag45k9M= HTTP/1.1" 200 168
[2025-11-30 23:20:02,193] INFO django.server /Users/NETPHIX_DEV/Desktop/crypto-trading-broker/.venv/lib/python3.13/site-packages/django/core/servers/basehttp.py:213 - "POST /api/v1/cron/expire-orders/?token=5Pm-SoiK_WTo2hU1sfsprv4qaUTqp_s0rdbdag45k9M= HTTP/1.1" 200 131
[2025-11-30 23:20:03,824] INFO django.server /Users/NETPHIX_DEV/Desktop/crypto-trading-broker/.venv/lib/python3.13/site-packages/django/core/servers/basehttp.py:213 - "GET /api/v1/transactions/?transaction_type=withdrawal HTTP/1.1" 200 52
[2025-11-30 23:20:06,613] INFO django.server /Users/NETPHIX_DEV/Desktop/crypto-trading-broker/.venv/lib/python3.13/site-packages/django/core/servers/basehttp.py:213 - "GET /api/v1/transactions/?transaction_type=order_fee HTTP/1.1" 200 1658
[2025-11-30 23:20:09,694] INFO django.server /Users/NETPHIX_DEV/Desktop/crypto-trading-broker/.venv/lib/python3.13/site-packages/django/core/servers/basehttp.py:213 - "GET /api/v1/transactions/?transaction_type=profit HTTP/1.1" 200 52
[2025-11-30 23:20:13,142] INFO django.server /Users/NETPHIX_DEV/Desktop/crypto-trading-broker/.venv/lib/python3.13/site-packages/django/core/servers/basehttp.py:213 - "POST /api/v1/cron/update-positions/?token=5Pm-SoiK_WTo2hU1sfsprv4qaUTqp_s0rdbdag45k9M= HTTP/1.1" 200 417
[2025-11-30 23:20:13,188] INFO django.server /Users/NETPHIX_DEV/Desktop/crypto-trading-broker/.venv/lib/python3.13/site-packages/django/core/servers/basehttp.py:213 - "GET /api/v1/transactions/ HTTP/1.1" 200 3569
[2025-11-30 23:20:15,502] INFO django.server /Users/NETPHIX_DEV/Desktop/crypto-trading-broker/.venv/lib/python3.13/site-packages/django/core/servers/basehttp.py:213 - "GET /api/v1/transactions/?balance_type=deposit HTTP/1.1" 200 52
[2025-11-30 23:20:17,225] INFO django.server /Users/NETPHIX_DEV/Desktop/crypto-trading-broker/.venv/lib/python3.13/site-packages/django/core/servers/basehttp.py:213 - "GET /api/v1/transactions/?balance_type=trading HTTP/1.1" 200 3569
[2025-11-30 23:20:25,185] INFO django.server /Users/NETPHIX_DEV/Desktop/crypto-trading-broker/.venv/lib/python3.13/site-packages/django/core/servers/basehttp.py:213 - "GET /api/v1/transactions/?balance_type=trading&status=pending HTTP/1.1" 200 52
[2025-11-30 23:20:27,253] INFO django.server /Users/NETPHIX_DEV/Desktop/crypto-trading-broker/.venv/lib/python3.13/site-packages/django/core/servers/basehttp.py:213 - "GET /api/v1/transactions/?balance_type=trading&status=completed HTTP/1.1" 200 3569
[2025-11-30 23:20:28,799] INFO django.server /Users/NETPHIX_DEV/Desktop/crypto-trading-broker/.venv/lib/python3.13/site-packages/django/core/servers/basehttp.py:213 - "GET /api/v1/transactions/?balance_type=trading&status=failed HTTP/1.1" 200 52
[2025-11-30 23:20:30,230] INFO django.server /Users/NETPHIX_DEV/Desktop/crypto-trading-broker/.venv/lib/python3.13/site-packages/django/core/servers/basehttp.py:213 - "GET /api/v1/transactions/?balance_type=trading&status=cancelled HTTP/1.1" 200 52
[2025-11-30 23:20:32,226] INFO django.server /Users/NETPHIX_DEV/Desktop/crypto-trading-broker/.venv/lib/python3.13/site-packages/django/core/servers/basehttp.py:213 - "GET /api/v1/transactions/?balance_type=trading HTTP/1.1" 200 3569
[2025-11-30 23:20:48,487] INFO django.server /Users/NETPHIX_DEV/Desktop/crypto-trading-broker/.venv/lib/python3.13/site-packages/django/core/servers/basehttp.py:213 - "GET /dashboard/transactions/6 HTTP/1.1" 301 0
[2025-11-30 23:20:48,527] ERROR django.server /Users/NETPHIX_DEV/Desktop/crypto-trading-broker/.venv/lib/python3.13/site-packages/django/core/servers/basehttp.py:213 - "GET /dashboard/transactions/6/ HTTP/1.1" 500 75060
[2025-11-30 23:20:48,663] WARNING django.server /Users/NETPHIX_DEV/Desktop/crypto-trading-broker/.venv/lib/python3.13/site-packages/django/core/servers/basehttp.py:213 - "GET /.well-known/appspecific/com.chrome.devtools.json HTTP/1.1" 404 20602
[2025-11-30 23:20:48,855] WARNING django.server /Users/NETPHIX_DEV/Desktop/crypto-trading-broker/.venv/lib/python3.13/site-packages/django/core/servers/basehttp.py:213 - "GET /favicon.ico HTTP/1.1" 404 20491
[2025-11-30 23:21:00,376] INFO django.server /Users/NETPHIX_DEV/Desktop/crypto-trading-broker/.venv/lib/python3.13/site-packages/django/core/servers/basehttp.py:213 - "POST /api/v1/cron/expire-orders/?token=5Pm-SoiK_WTo2hU1sfsprv4qaUTqp_s0rdbdag45k9M= HTTP/1.1" 200 131
[2025-11-30 23:21:00,447] INFO django.server /Users/NETPHIX_DEV/Desktop/crypto-trading-broker/.venv/lib/python3.13/site-packages/django/core/servers/basehttp.py:213 - "POST /api/v1/cron/execute-orders/?token=5Pm-SoiK_WTo2hU1sfsprv4qaUTqp_s0rdbdag45k9M= HTTP/1.1" 200 168
[2025-11-30 23:21:06,462] INFO django.server /Users/NETPHIX_DEV/Desktop/crypto-trading-broker/.venv/lib/python3.13/site-packages/django/core/servers/basehttp.py:213 - "POST /api/v1/cron/update-positions/?token=5Pm-SoiK_WTo2hU1sfsprv4qaUTqp_s0rdbdag45k9M= HTTP/1.1" 200 417
[2025-11-30 23:22:00,251] INFO django.server /Users/NETPHIX_DEV/Desktop/crypto-trading-broker/.venv/lib/python3.13/site-packages/django/core/servers/basehttp.py:213 - "POST /api/v1/cron/expire-orders/?token=5Pm-SoiK_WTo2hU1sfsprv4qaUTqp_s0rdbdag45k9M= HTTP/1.1" 200 131
[2025-11-30 23:22:00,298] INFO django.server /Users/NETPHIX_DEV/Desktop/crypto-trading-broker/.venv/lib/python3.13/site-packages/django/core/servers/basehttp.py:213 - "POST /api/v1/cron/execute-orders/?token=5Pm-SoiK_WTo2hU1sfsprv4qaUTqp_s0rdbdag45k9M= HTTP/1.1" 200 168
[2025-11-30 23:22:11,294] INFO django.server /Users/NETPHIX_DEV/Desktop/crypto-trading-broker/.venv/lib/python3.13/site-packages/django/core/servers/basehttp.py:213 - "POST /api/v1/cron/update-positions/?token=5Pm-SoiK_WTo2hU1sfsprv4qaUTqp_s0rdbdag45k9M= HTTP/1.1" 200 417
[2025-11-30 23:22:44,007] INFO django.utils.autoreload /Users/NETPHIX_DEV/Desktop/crypto-trading-broker/.venv/lib/python3.13/site-packages/django/utils/autoreload.py:265 - /Users/NETPHIX_DEV/Desktop/crypto-trading-broker/client/urls.py changed, reloading.
[2025-11-30 23:22:44,552] INFO django.utils.autoreload /Users/NETPHIX_DEV/Desktop/crypto-trading-broker/.venv/lib/python3.13/site-packages/django/utils/autoreload.py:265 - /Users/NETPHIX_DEV/Desktop/crypto-trading-broker/client/urls.py changed, reloading.
[2025-11-30 23:22:45,845] INFO django.utils.autoreload /Users/NETPHIX_DEV/Desktop/crypto-trading-broker/.venv/lib/python3.13/site-packages/django/utils/autoreload.py:667 - Watching for file changes with StatReloader
[2025-11-30 23:22:46,121] INFO django.utils.autoreload /Users/NETPHIX_DEV/Desktop/crypto-trading-broker/.venv/lib/python3.13/site-packages/django/utils/autoreload.py:667 - Watching for file changes with StatReloader
[2025-11-30 23:22:49,863] ERROR django.server /Users/NETPHIX_DEV/Desktop/crypto-trading-broker/.venv/lib/python3.13/site-packages/django/core/servers/basehttp.py:213 - "GET /dashboard/transactions/6/ HTTP/1.1" 500 78202
[2025-11-30 23:22:49,926] WARNING django.server /Users/NETPHIX_DEV/Desktop/crypto-trading-broker/.venv/lib/python3.13/site-packages/django/core/servers/basehttp.py:213 - "GET /.well-known/appspecific/com.chrome.devtools.json HTTP/1.1" 404 20610
[2025-11-30 23:23:00,454] INFO django.server /Users/NETPHIX_DEV/Desktop/crypto-trading-broker/.venv/lib/python3.13/site-packages/django/core/servers/basehttp.py:213 - "POST /api/v1/cron/expire-orders/?token=5Pm-SoiK_WTo2hU1sfsprv4qaUTqp_s0rdbdag45k9M= HTTP/1.1" 200 131
[2025-11-30 23:23:00,462] INFO django.server /Users/NETPHIX_DEV/Desktop/crypto-trading-broker/.venv/lib/python3.13/site-packages/django/core/servers/basehttp.py:213 - "POST /api/v1/cron/execute-orders/?token=5Pm-SoiK_WTo2hU1sfsprv4qaUTqp_s0rdbdag45k9M= HTTP/1.1" 200 168
[2025-11-30 23:23:11,397] INFO django.server /Users/NETPHIX_DEV/Desktop/crypto-trading-broker/.venv/lib/python3.13/site-packages/django/core/servers/basehttp.py:213 - "POST /api/v1/cron/update-positions/?token=5Pm-SoiK_WTo2hU1sfsprv4qaUTqp_s0rdbdag45k9M= HTTP/1.1" 200 417
[2025-11-30 23:23:13,612] INFO django.utils.autoreload /Users/NETPHIX_DEV/Desktop/crypto-trading-broker/.venv/lib/python3.13/site-packages/django/utils/autoreload.py:265 - /Users/NETPHIX_DEV/Desktop/crypto-trading-broker/client/views.py changed, reloading.
[2025-11-30 23:23:14,010] INFO django.utils.autoreload /Users/NETPHIX_DEV/Desktop/crypto-trading-broker/.venv/lib/python3.13/site-packages/django/utils/autoreload.py:265 - /Users/NETPHIX_DEV/Desktop/crypto-trading-broker/client/views.py changed, reloading.
[2025-11-30 23:23:15,222] INFO django.utils.autoreload /Users/NETPHIX_DEV/Desktop/crypto-trading-broker/.venv/lib/python3.13/site-packages/django/utils/autoreload.py:667 - Watching for file changes with StatReloader
[2025-11-30 23:23:15,365] INFO django.utils.autoreload /Users/NETPHIX_DEV/Desktop/crypto-trading-broker/.venv/lib/python3.13/site-packages/django/utils/autoreload.py:667 - Watching for file changes with StatReloader
[2025-11-30 23:23:18,280] INFO django.utils.autoreload /Users/NETPHIX_DEV/Desktop/crypto-trading-broker/.venv/lib/python3.13/site-packages/django/utils/autoreload.py:265 - /Users/NETPHIX_DEV/Desktop/crypto-trading-broker/client/views.py changed, reloading.
[2025-11-30 23:23:18,290] INFO django.utils.autoreload /Users/NETPHIX_DEV/Desktop/crypto-trading-broker/.venv/lib/python3.13/site-packages/django/utils/autoreload.py:265 - /Users/NETPHIX_DEV/Desktop/crypto-trading-broker/client/views.py changed, reloading.
[2025-11-30 23:23:19,952] INFO django.utils.autoreload /Users/NETPHIX_DEV/Desktop/crypto-trading-broker/.venv/lib/python3.13/site-packages/django/utils/autoreload.py:667 - Watching for file changes with StatReloader
[2025-11-30 23:23:19,952] INFO django.utils.autoreload /Users/NETPHIX_DEV/Desktop/crypto-trading-broker/.venv/lib/python3.13/site-packages/django/utils/autoreload.py:667 - Watching for file changes with StatReloader
[2025-11-30 23:23:26,307] ERROR django.server /Users/NETPHIX_DEV/Desktop/crypto-trading-broker/.venv/lib/python3.13/site-packages/django/core/servers/basehttp.py:213 - "GET /dashboard/transactions/6/ HTTP/1.1" 500 183554
[2025-11-30 23:23:26,398] WARNING django.server /Users/NETPHIX_DEV/Desktop/crypto-trading-broker/.venv/lib/python3.13/site-packages/django/core/servers/basehttp.py:213 - "GET /.well-known/appspecific/com.chrome.devtools.json HTTP/1.1" 404 20610
[2025-11-30 23:24:00,335] INFO django.server /Users/NETPHIX_DEV/Desktop/crypto-trading-broker/.venv/lib/python3.13/site-packages/django/core/servers/basehttp.py:213 - "POST /api/v1/cron/expire-orders/?token=5Pm-SoiK_WTo2hU1sfsprv4qaUTqp_s0rdbdag45k9M= HTTP/1.1" 200 131
[2025-11-30 23:24:00,370] INFO django.server /Users/NETPHIX_DEV/Desktop/crypto-trading-broker/.venv/lib/python3.13/site-packages/django/core/servers/basehttp.py:213 - "POST /api/v1/cron/execute-orders/?token=5Pm-SoiK_WTo2hU1sfsprv4qaUTqp_s0rdbdag45k9M= HTTP/1.1" 200 168
[2025-11-30 23:24:10,642] INFO django.server /Users/NETPHIX_DEV/Desktop/crypto-trading-broker/.venv/lib/python3.13/site-packages/django/core/servers/basehttp.py:213 - "POST /api/v1/cron/update-positions/?token=5Pm-SoiK_WTo2hU1sfsprv4qaUTqp_s0rdbdag45k9M= HTTP/1.1" 200 417
[2025-11-30 23:25:00,259] INFO django.server /Users/NETPHIX_DEV/Desktop/crypto-trading-broker/.venv/lib/python3.13/site-packages/django/core/servers/basehttp.py:213 - "POST /api/v1/cron/execute-orders/?token=5Pm-SoiK_WTo2hU1sfsprv4qaUTqp_s0rdbdag45k9M= HTTP/1.1" 200 168
[2025-11-30 23:25:00,856] INFO django.server /Users/NETPHIX_DEV/Desktop/crypto-trading-broker/.venv/lib/python3.13/site-packages/django/core/servers/basehttp.py:213 - "POST /api/v1/cron/expire-orders/?token=5Pm-SoiK_WTo2hU1sfsprv4qaUTqp_s0rdbdag45k9M= HTTP/1.1" 200 131
[2025-11-30 23:25:07,074] INFO django.server /Users/NETPHIX_DEV/Desktop/crypto-trading-broker/.venv/lib/python3.13/site-packages/django/core/servers/basehttp.py:213 - "POST /api/v1/cron/update-positions/?token=5Pm-SoiK_WTo2hU1sfsprv4qaUTqp_s0rdbdag45k9M= HTTP/1.1" 200 417
[2025-11-30 23:26:00,181] INFO django.server /Users/NETPHIX_DEV/Desktop/crypto-trading-broker/.venv/lib/python3.13/site-packages/django/core/servers/basehttp.py:213 - "POST /api/v1/cron/expire-orders/?token=5Pm-SoiK_WTo2hU1sfsprv4qaUTqp_s0rdbdag45k9M= HTTP/1.1" 200 131
[2025-11-30 23:26:00,466] INFO django.server /Users/NETPHIX_DEV/Desktop/crypto-trading-broker/.venv/lib/python3.13/site-packages/django/core/servers/basehttp.py:213 - "POST /api/v1/cron/execute-orders/?token=5Pm-SoiK_WTo2hU1sfsprv4qaUTqp_s0rdbdag45k9M= HTTP/1.1" 200 168
[2025-11-30 23:26:11,042] INFO django.server /Users/NETPHIX_DEV/Desktop/crypto-trading-broker/.venv/lib/python3.13/site-packages/django/core/servers/basehttp.py:213 - "POST /api/v1/cron/update-positions/?token=5Pm-SoiK_WTo2hU1sfsprv4qaUTqp_s0rdbdag45k9M= HTTP/1.1" 200 417
[2025-11-30 23:27:00,349] INFO django.server /Users/NETPHIX_DEV/Desktop/crypto-trading-broker/.venv/lib/python3.13/site-packages/django/core/servers/basehttp.py:213 - "POST /api/v1/cron/execute-orders/?token=5Pm-SoiK_WTo2hU1sfsprv4qaUTqp_s0rdbdag45k9M= HTTP/1.1" 200 168
[2025-11-30 23:27:00,423] INFO django.server /Users/NETPHIX_DEV/Desktop/crypto-trading-broker/.venv/lib/python3.13/site-packages/django/core/servers/basehttp.py:213 - "POST /api/v1/cron/expire-orders/?token=5Pm-SoiK_WTo2hU1sfsprv4qaUTqp_s0rdbdag45k9M= HTTP/1.1" 200 131
[2025-11-30 23:27:06,715] INFO django.server /Users/NETPHIX_DEV/Desktop/crypto-trading-broker/.venv/lib/python3.13/site-packages/django/core/servers/basehttp.py:213 - "POST /api/v1/cron/update-positions/?token=5Pm-SoiK_WTo2hU1sfsprv4qaUTqp_s0rdbdag45k9M= HTTP/1.1" 200 418
[2025-11-30 23:28:00,523] INFO django.server /Users/NETPHIX_DEV/Desktop/crypto-trading-broker/.venv/lib/python3.13/site-packages/django/core/servers/basehttp.py:213 - "POST /api/v1/cron/expire-orders/?token=5Pm-SoiK_WTo2hU1sfsprv4qaUTqp_s0rdbdag45k9M= HTTP/1.1" 200 131
[2025-11-30 23:28:00,935] INFO django.server /Users/NETPHIX_DEV/Desktop/crypto-trading-broker/.venv/lib/python3.13/site-packages/django/core/servers/basehttp.py:213 - "POST /api/v1/cron/execute-orders/?token=5Pm-SoiK_WTo2hU1sfsprv4qaUTqp_s0rdbdag45k9M= HTTP/1.1" 200 168
[2025-11-30 23:28:10,509] INFO django.server /Users/NETPHIX_DEV/Desktop/crypto-trading-broker/.venv/lib/python3.13/site-packages/django/core/servers/basehttp.py:213 - "POST /api/v1/cron/update-positions/?token=5Pm-SoiK_WTo2hU1sfsprv4qaUTqp_s0rdbdag45k9M= HTTP/1.1" 200 418
[2025-11-30 23:29:00,538] INFO django.server /Users/NETPHIX_DEV/Desktop/crypto-trading-broker/.venv/lib/python3.13/site-packages/django/core/servers/basehttp.py:213 - "POST /api/v1/cron/execute-orders/?token=5Pm-SoiK_WTo2hU1sfsprv4qaUTqp_s0rdbdag45k9M= HTTP/1.1" 200 168
[2025-11-30 23:29:00,602] INFO django.server /Users/NETPHIX_DEV/Desktop/crypto-trading-broker/.venv/lib/python3.13/site-packages/django/core/servers/basehttp.py:213 - "POST /api/v1/cron/expire-orders/?token=5Pm-SoiK_WTo2hU1sfsprv4qaUTqp_s0rdbdag45k9M= HTTP/1.1" 200 131
[2025-11-30 23:29:06,654] INFO django.server /Users/NETPHIX_DEV/Desktop/crypto-trading-broker/.venv/lib/python3.13/site-packages/django/core/servers/basehttp.py:213 - "POST /api/v1/cron/update-positions/?token=5Pm-SoiK_WTo2hU1sfsprv4qaUTqp_s0rdbdag45k9M= HTTP/1.1" 200 418
[2025-11-30 23:30:02,755] INFO django.server /Users/NETPHIX_DEV/Desktop/crypto-trading-broker/.venv/lib/python3.13/site-packages/django/core/servers/basehttp.py:213 - "POST /api/v1/cron/expire-orders/?token=5Pm-SoiK_WTo2hU1sfsprv4qaUTqp_s0rdbdag45k9M= HTTP/1.1" 200 131
[2025-11-30 23:30:02,912] INFO django.server /Users/NETPHIX_DEV/Desktop/crypto-trading-broker/.venv/lib/python3.13/site-packages/django/core/servers/basehttp.py:213 - "POST /api/v1/cron/execute-orders/?token=5Pm-SoiK_WTo2hU1sfsprv4qaUTqp_s0rdbdag45k9M= HTTP/1.1" 200 168
[2025-11-30 23:30:13,642] INFO django.server /Users/NETPHIX_DEV/Desktop/crypto-trading-broker/.venv/lib/python3.13/site-packages/django/core/servers/basehttp.py:213 - "POST /api/v1/cron/update-positions/?token=5Pm-SoiK_WTo2hU1sfsprv4qaUTqp_s0rdbdag45k9M= HTTP/1.1" 200 418
[2025-11-30 23:31:00,574] INFO django.server /Users/NETPHIX_DEV/Desktop/crypto-trading-broker/.venv/lib/python3.13/site-packages/django/core/servers/basehttp.py:213 - "POST /api/v1/cron/expire-orders/?token=5Pm-SoiK_WTo2hU1sfsprv4qaUTqp_s0rdbdag45k9M= HTTP/1.1" 200 131
[2025-11-30 23:31:00,588] INFO django.server /Users/NETPHIX_DEV/Desktop/crypto-trading-broker/.venv/lib/python3.13/site-packages/django/core/servers/basehttp.py:213 - "POST /api/v1/cron/execute-orders/?token=5Pm-SoiK_WTo2hU1sfsprv4qaUTqp_s0rdbdag45k9M= HTTP/1.1" 200 168
[2025-11-30 23:31:06,765] INFO django.server /Users/NETPHIX_DEV/Desktop/crypto-trading-broker/.venv/lib/python3.13/site-packages/django/core/servers/basehttp.py:213 - "POST /api/v1/cron/update-positions/?token=5Pm-SoiK_WTo2hU1sfsprv4qaUTqp_s0rdbdag45k9M= HTTP/1.1" 200 418
[2025-11-30 23:32:00,520] INFO django.server /Users/NETPHIX_DEV/Desktop/crypto-trading-broker/.venv/lib/python3.13/site-packages/django/core/servers/basehttp.py:213 - "POST /api/v1/cron/expire-orders/?token=5Pm-SoiK_WTo2hU1sfsprv4qaUTqp_s0rdbdag45k9M= HTTP/1.1" 200 131
[2025-11-30 23:32:00,582] INFO django.server /Users/NETPHIX_DEV/Desktop/crypto-trading-broker/.venv/lib/python3.13/site-packages/django/core/servers/basehttp.py:213 - "POST /api/v1/cron/execute-orders/?token=5Pm-SoiK_WTo2hU1sfsprv4qaUTqp_s0rdbdag45k9M= HTTP/1.1" 200 168
[2025-11-30 23:32:11,018] INFO django.server /Users/NETPHIX_DEV/Desktop/crypto-trading-broker/.venv/lib/python3.13/site-packages/django/core/servers/basehttp.py:213 - "POST /api/v1/cron/update-positions/?token=5Pm-SoiK_WTo2hU1sfsprv4qaUTqp_s0rdbdag45k9M= HTTP/1.1" 200 418
[2025-11-30 23:33:00,834] INFO django.server /Users/NETPHIX_DEV/Desktop/crypto-trading-broker/.venv/lib/python3.13/site-packages/django/core/servers/basehttp.py:213 - "POST /api/v1/cron/expire-orders/?token=5Pm-SoiK_WTo2hU1sfsprv4qaUTqp_s0rdbdag45k9M= HTTP/1.1" 200 131
[2025-11-30 23:33:01,181] INFO django.server /Users/NETPHIX_DEV/Desktop/crypto-trading-broker/.venv/lib/python3.13/site-packages/django/core/servers/basehttp.py:213 - "POST /api/v1/cron/execute-orders/?token=5Pm-SoiK_WTo2hU1sfsprv4qaUTqp_s0rdbdag45k9M= HTTP/1.1" 200 168
[2025-11-30 23:33:07,094] INFO django.server /Users/NETPHIX_DEV/Desktop/crypto-trading-broker/.venv/lib/python3.13/site-packages/django/core/servers/basehttp.py:213 - "POST /api/v1/cron/update-positions/?token=5Pm-SoiK_WTo2hU1sfsprv4qaUTqp_s0rdbdag45k9M= HTTP/1.1" 200 418
[2025-11-30 23:33:27,868] INFO django.server /Users/NETPHIX_DEV/Desktop/crypto-trading-broker/.venv/lib/python3.13/site-packages/django/core/servers/basehttp.py:213 - "GET /dashboard/transactions/6/ HTTP/1.1" 200 96531
[2025-11-30 23:33:27,940] INFO django.server /Users/NETPHIX_DEV/Desktop/crypto-trading-broker/.venv/lib/python3.13/site-packages/django/core/servers/basehttp.py:213 - "GET /static/assets/scripts/api.js HTTP/1.1" 304 0
[2025-11-30 23:33:27,983] WARNING django.server /Users/NETPHIX_DEV/Desktop/crypto-trading-broker/.venv/lib/python3.13/site-packages/django/core/servers/basehttp.py:213 - "GET /.well-known/appspecific/com.chrome.devtools.json HTTP/1.1" 404 20610
[2025-11-30 23:33:29,055] INFO django.server /Users/NETPHIX_DEV/Desktop/crypto-trading-broker/.venv/lib/python3.13/site-packages/django/core/servers/basehttp.py:213 - "GET /api/v1/transactions/6/ HTTP/1.1" 200 534
[2025-11-30 23:33:29,075] INFO django.server /Users/NETPHIX_DEV/Desktop/crypto-trading-broker/.venv/lib/python3.13/site-packages/django/core/servers/basehttp.py:213 - "GET /api/v1/transactions/6/ HTTP/1.1" 200 534
[2025-11-30 23:34:00,597] INFO django.server /Users/NETPHIX_DEV/Desktop/crypto-trading-broker/.venv/lib/python3.13/site-packages/django/core/servers/basehttp.py:213 - "POST /api/v1/cron/execute-orders/?token=5Pm-SoiK_WTo2hU1sfsprv4qaUTqp_s0rdbdag45k9M= HTTP/1.1" 200 168
[2025-11-30 23:34:01,150] INFO django.server /Users/NETPHIX_DEV/Desktop/crypto-trading-broker/.venv/lib/python3.13/site-packages/django/core/servers/basehttp.py:213 - "POST /api/v1/cron/expire-orders/?token=5Pm-SoiK_WTo2hU1sfsprv4qaUTqp_s0rdbdag45k9M= HTTP/1.1" 200 131
[2025-11-30 23:34:15,380] WARNING django.server /Users/NETPHIX_DEV/Desktop/crypto-trading-broker/.venv/lib/python3.13/site-packages/django/core/servers/basehttp.py:213 - "GET /dashboard/orders/14 HTTP/1.1" 404 20523
[2025-11-30 23:34:15,494] WARNING django.server /Users/NETPHIX_DEV/Desktop/crypto-trading-broker/.venv/lib/python3.13/site-packages/django/core/servers/basehttp.py:213 - "GET /.well-known/appspecific/com.chrome.devtools.json HTTP/1.1" 404 20610
[2025-11-30 23:34:17,633] WARNING django.server /Users/NETPHIX_DEV/Desktop/crypto-trading-broker/.venv/lib/python3.13/site-packages/django/core/servers/basehttp.py:213 - "GET /.well-known/appspecific/com.chrome.devtools.json HTTP/1.1" 404 20610
[2025-11-30 23:34:23,770] WARNING django.server /Users/NETPHIX_DEV/Desktop/crypto-trading-broker/.venv/lib/python3.13/site-packages/django/core/servers/basehttp.py:213 - "GET /.well-known/appspecific/com.chrome.devtools.json HTTP/1.1" 404 20610
[2025-11-30 23:34:28,821] INFO django.server /Users/NETPHIX_DEV/Desktop/crypto-trading-broker/.venv/lib/python3.13/site-packages/django/core/servers/basehttp.py:213 - "GET /dashboard/transactions/5 HTTP/1.1" 301 0
[2025-11-30 23:34:28,838] INFO django.server /Users/NETPHIX_DEV/Desktop/crypto-trading-broker/.venv/lib/python3.13/site-packages/django/core/servers/basehttp.py:213 - "GET /dashboard/transactions/5/ HTTP/1.1" 200 96531
[2025-11-30 23:34:28,931] WARNING django.server /Users/NETPHIX_DEV/Desktop/crypto-trading-broker/.venv/lib/python3.13/site-packages/django/core/servers/basehttp.py:213 - "GET /.well-known/appspecific/com.chrome.devtools.json HTTP/1.1" 404 20610
[2025-11-30 23:34:30,913] INFO django.server /Users/NETPHIX_DEV/Desktop/crypto-trading-broker/.venv/lib/python3.13/site-packages/django/core/servers/basehttp.py:213 - "GET /api/v1/transactions/5/ HTTP/1.1" 200 635
[2025-11-30 23:34:30,923] INFO django.server /Users/NETPHIX_DEV/Desktop/crypto-trading-broker/.venv/lib/python3.13/site-packages/django/core/servers/basehttp.py:213 - "GET /api/v1/transactions/5/ HTTP/1.1" 200 635
[2025-11-30 23:34:44,034] INFO django.server /Users/NETPHIX_DEV/Desktop/crypto-trading-broker/.venv/lib/python3.13/site-packages/django/core/servers/basehttp.py:213 - "POST /api/v1/cron/update-positions/?token=5Pm-SoiK_WTo2hU1sfsprv4qaUTqp_s0rdbdag45k9M= HTTP/1.1" 200 418
[2025-11-30 23:34:44,036] INFO django.server /Users/NETPHIX_DEV/Desktop/crypto-trading-broker/.venv/lib/python3.13/site-packages/django/core/servers/basehttp.py:81 - - Broken pipe from ('127.0.0.1', 59855)
[2025-11-30 23:35:00,484] INFO django.server /Users/NETPHIX_DEV/Desktop/crypto-trading-broker/.venv/lib/python3.13/site-packages/django/core/servers/basehttp.py:213 - "POST /api/v1/cron/expire-orders/?token=5Pm-SoiK_WTo2hU1sfsprv4qaUTqp_s0rdbdag45k9M= HTTP/1.1" 200 131
[2025-11-30 23:35:00,485] INFO django.server /Users/NETPHIX_DEV/Desktop/crypto-trading-broker/.venv/lib/python3.13/site-packages/django/core/servers/basehttp.py:213 - "POST /api/v1/cron/execute-orders/?token=5Pm-SoiK_WTo2hU1sfsprv4qaUTqp_s0rdbdag45k9M= HTTP/1.1" 200 168
[2025-11-30 23:35:34,121] INFO django.server /Users/NETPHIX_DEV/Desktop/crypto-trading-broker/.venv/lib/python3.13/site-packages/django/core/servers/basehttp.py:213 - "GET /dashboard/transactions/ HTTP/1.1" 200 96356
[2025-11-30 23:35:34,222] WARNING django.server /Users/NETPHIX_DEV/Desktop/crypto-trading-broker/.venv/lib/python3.13/site-packages/django/core/servers/basehttp.py:213 - "GET /.well-known/appspecific/com.chrome.devtools.json HTTP/1.1" 404 20610
[2025-11-30 23:35:36,939] INFO django.server /Users/NETPHIX_DEV/Desktop/crypto-trading-broker/.venv/lib/python3.13/site-packages/django/core/servers/basehttp.py:213 - "GET /api/v1/transactions/ HTTP/1.1" 200 3569
[2025-11-30 23:35:36,957] INFO django.server /Users/NETPHIX_DEV/Desktop/crypto-trading-broker/.venv/lib/python3.13/site-packages/django/core/servers/basehttp.py:213 - "GET /api/v1/transactions/ HTTP/1.1" 200 3569
[2025-11-30 23:35:54,983] WARNING django.server /Users/NETPHIX_DEV/Desktop/crypto-trading-broker/.venv/lib/python3.13/site-packages/django/core/servers/basehttp.py:213 - "GET /.well-known/appspecific/com.chrome.devtools.json HTTP/1.1" 404 20610
[2025-11-30 23:35:56,556] INFO django.server /Users/NETPHIX_DEV/Desktop/crypto-trading-broker/.venv/lib/python3.13/site-packages/django/core/servers/basehttp.py:213 - "POST /api/v1/cron/update-positions/?token=5Pm-SoiK_WTo2hU1sfsprv4qaUTqp_s0rdbdag45k9M= HTTP/1.1" 200 418
[2025-11-30 23:35:56,557] INFO django.server /Users/NETPHIX_DEV/Desktop/crypto-trading-broker/.venv/lib/python3.13/site-packages/django/core/servers/basehttp.py:81 - - Broken pipe from ('127.0.0.1', 60175)
[2025-11-30 23:35:59,626] WARNING django.server /Users/NETPHIX_DEV/Desktop/crypto-trading-broker/.venv/lib/python3.13/site-packages/django/core/servers/basehttp.py:213 - "GET /.well-known/appspecific/com.chrome.devtools.json HTTP/1.1" 404 20610
[2025-11-30 23:36:00,649] INFO django.server /Users/NETPHIX_DEV/Desktop/crypto-trading-broker/.venv/lib/python3.13/site-packages/django/core/servers/basehttp.py:213 - "POST /api/v1/cron/execute-orders/?token=5Pm-SoiK_WTo2hU1sfsprv4qaUTqp_s0rdbdag45k9M= HTTP/1.1" 200 168
[2025-11-30 23:36:00,650] INFO django.server /Users/NETPHIX_DEV/Desktop/crypto-trading-broker/.venv/lib/python3.13/site-packages/django/core/servers/basehttp.py:213 - "POST /api/v1/cron/expire-orders/?token=5Pm-SoiK_WTo2hU1sfsprv4qaUTqp_s0rdbdag45k9M= HTTP/1.1" 200 131
[2025-11-30 23:36:00,880] WARNING django.server /Users/NETPHIX_DEV/Desktop/crypto-trading-broker/.venv/lib/python3.13/site-packages/django/core/servers/basehttp.py:213 - "GET /.well-known/appspecific/com.chrome.devtools.json HTTP/1.1" 404 20610
[2025-11-30 23:36:44,332] INFO django.server /Users/NETPHIX_DEV/Desktop/crypto-trading-broker/.venv/lib/python3.13/site-packages/django/core/servers/basehttp.py:81 - - Broken pipe from ('127.0.0.1', 60496)
[2025-11-30 23:37:00,526] INFO django.server /Users/NETPHIX_DEV/Desktop/crypto-trading-broker/.venv/lib/python3.13/site-packages/django/core/servers/basehttp.py:213 - "POST /api/v1/cron/execute-orders/?token=5Pm-SoiK_WTo2hU1sfsprv4qaUTqp_s0rdbdag45k9M= HTTP/1.1" 200 168
[2025-11-30 23:37:00,612] INFO django.server /Users/NETPHIX_DEV/Desktop/crypto-trading-broker/.venv/lib/python3.13/site-packages/django/core/servers/basehttp.py:213 - "POST /api/v1/cron/expire-orders/?token=5Pm-SoiK_WTo2hU1sfsprv4qaUTqp_s0rdbdag45k9M= HTTP/1.1" 200 131
[2025-11-30 23:37:49,472] INFO django.server /Users/NETPHIX_DEV/Desktop/crypto-trading-broker/.venv/lib/python3.13/site-packages/django/core/servers/basehttp.py:213 - "POST /api/v1/cron/update-positions/?token=5Pm-SoiK_WTo2hU1sfsprv4qaUTqp_s0rdbdag45k9M= HTTP/1.1" 200 417
[2025-11-30 23:37:49,473] INFO django.server /Users/NETPHIX_DEV/Desktop/crypto-trading-broker/.venv/lib/python3.13/site-packages/django/core/servers/basehttp.py:81 - - Broken pipe from ('127.0.0.1', 60788)
[2025-11-30 23:38:00,576] INFO django.server /Users/NETPHIX_DEV/Desktop/crypto-trading-broker/.venv/lib/python3.13/site-packages/django/core/servers/basehttp.py:213 - "POST /api/v1/cron/expire-orders/?token=5Pm-SoiK_WTo2hU1sfsprv4qaUTqp_s0rdbdag45k9M= HTTP/1.1" 200 131
[2025-11-30 23:38:00,965] INFO django.server /Users/NETPHIX_DEV/Desktop/crypto-trading-broker/.venv/lib/python3.13/site-packages/django/core/servers/basehttp.py:213 - "POST /api/v1/cron/execute-orders/?token=5Pm-SoiK_WTo2hU1sfsprv4qaUTqp_s0rdbdag45k9M= HTTP/1.1" 200 168
[2025-11-30 23:38:27,721] INFO django.server /Users/NETPHIX_DEV/Desktop/crypto-trading-broker/.venv/lib/python3.13/site-packages/django/core/servers/basehttp.py:213 - "POST /api/v1/cron/update-positions/?token=5Pm-SoiK_WTo2hU1sfsprv4qaUTqp_s0rdbdag45k9M= HTTP/1.1" 200 417
[2025-11-30 23:38:37,131] INFO django.server /Users/NETPHIX_DEV/Desktop/crypto-trading-broker/.venv/lib/python3.13/site-packages/django/core/servers/basehttp.py:213 - "POST /api/v1/cron/update-positions/?token=5Pm-SoiK_WTo2hU1sfsprv4qaUTqp_s0rdbdag45k9M= HTTP/1.1" 200 417
[2025-11-30 23:39:00,545] INFO django.server /Users/NETPHIX_DEV/Desktop/crypto-trading-broker/.venv/lib/python3.13/site-packages/django/core/servers/basehttp.py:213 - "POST /api/v1/cron/expire-orders/?token=5Pm-SoiK_WTo2hU1sfsprv4qaUTqp_s0rdbdag45k9M= HTTP/1.1" 200 131
[2025-11-30 23:39:00,595] INFO django.server /Users/NETPHIX_DEV/Desktop/crypto-trading-broker/.venv/lib/python3.13/site-packages/django/core/servers/basehttp.py:213 - "POST /api/v1/cron/execute-orders/?token=5Pm-SoiK_WTo2hU1sfsprv4qaUTqp_s0rdbdag45k9M= HTTP/1.1" 200 168
[2025-11-30 23:39:14,540] INFO django.server /Users/NETPHIX_DEV/Desktop/crypto-trading-broker/.venv/lib/python3.13/site-packages/django/core/servers/basehttp.py:213 - "POST /api/v1/cron/update-positions/?token=5Pm-SoiK_WTo2hU1sfsprv4qaUTqp_s0rdbdag45k9M= HTTP/1.1" 200 417
[2025-11-30 23:40:01,792] INFO django.server /Users/NETPHIX_DEV/Desktop/crypto-trading-broker/.venv/lib/python3.13/site-packages/django/core/servers/basehttp.py:213 - "POST /api/v1/cron/expire-orders/?token=5Pm-SoiK_WTo2hU1sfsprv4qaUTqp_s0rdbdag45k9M= HTTP/1.1" 200 131
[2025-11-30 23:40:02,131] INFO django.server /Users/NETPHIX_DEV/Desktop/crypto-trading-broker/.venv/lib/python3.13/site-packages/django/core/servers/basehttp.py:213 - "POST /api/v1/cron/execute-orders/?token=5Pm-SoiK_WTo2hU1sfsprv4qaUTqp_s0rdbdag45k9M= HTTP/1.1" 200 168
[2025-11-30 23:40:08,300] INFO django.server /Users/NETPHIX_DEV/Desktop/crypto-trading-broker/.venv/lib/python3.13/site-packages/django/core/servers/basehttp.py:213 - "POST /api/v1/cron/update-positions/?token=5Pm-SoiK_WTo2hU1sfsprv4qaUTqp_s0rdbdag45k9M= HTTP/1.1" 200 417
[2025-11-30 23:41:00,667] INFO django.server /Users/NETPHIX_DEV/Desktop/crypto-trading-broker/.venv/lib/python3.13/site-packages/django/core/servers/basehttp.py:213 - "POST /api/v1/cron/expire-orders/?token=5Pm-SoiK_WTo2hU1sfsprv4qaUTqp_s0rdbdag45k9M= HTTP/1.1" 200 131
[2025-11-30 23:41:00,936] INFO django.server /Users/NETPHIX_DEV/Desktop/crypto-trading-broker/.venv/lib/python3.13/site-packages/django/core/servers/basehttp.py:213 - "POST /api/v1/cron/execute-orders/?token=5Pm-SoiK_WTo2hU1sfsprv4qaUTqp_s0rdbdag45k9M= HTTP/1.1" 200 168
[2025-11-30 23:41:10,684] INFO django.server /Users/NETPHIX_DEV/Desktop/crypto-trading-broker/.venv/lib/python3.13/site-packages/django/core/servers/basehttp.py:213 - "POST /api/v1/cron/update-positions/?token=5Pm-SoiK_WTo2hU1sfsprv4qaUTqp_s0rdbdag45k9M= HTTP/1.1" 200 417
[2025-11-30 23:41:21,839] INFO django.server /Users/NETPHIX_DEV/Desktop/crypto-trading-broker/.venv/lib/python3.13/site-packages/django/core/servers/basehttp.py:213 - "GET /dashboard/trading-view/1/ HTTP/1.1" 200 119591
[2025-11-30 23:41:21,928] INFO django.server /Users/NETPHIX_DEV/Desktop/crypto-trading-broker/.venv/lib/python3.13/site-packages/django/core/servers/basehttp.py:213 - "GET /static/assets/scripts/api.js HTTP/1.1" 304 0
[2025-11-30 23:41:21,933] INFO django.server /Users/NETPHIX_DEV/Desktop/crypto-trading-broker/.venv/lib/python3.13/site-packages/django/core/servers/basehttp.py:213 - "GET /static/assets/scripts/trading-single.js HTTP/1.1" 304 0
[2025-11-30 23:41:22,082] WARNING django.server /Users/NETPHIX_DEV/Desktop/crypto-trading-broker/.venv/lib/python3.13/site-packages/django/core/servers/basehttp.py:213 - "GET /.well-known/appspecific/com.chrome.devtools.json HTTP/1.1" 404 20610
[2025-11-30 23:41:23,084] INFO django.server /Users/NETPHIX_DEV/Desktop/crypto-trading-broker/.venv/lib/python3.13/site-packages/django/core/servers/basehttp.py:213 - "GET /api/v1/trading/config/ HTTP/1.1" 200 1299
[2025-11-30 23:41:23,275] INFO django.server /Users/NETPHIX_DEV/Desktop/crypto-trading-broker/.venv/lib/python3.13/site-packages/django/core/servers/basehttp.py:213 - "GET /api/v1/orders/trading_summary/ HTTP/1.1" 200 291
[2025-11-30 23:41:23,331] INFO django.server /Users/NETPHIX_DEV/Desktop/crypto-trading-broker/.venv/lib/python3.13/site-packages/django/core/servers/basehttp.py:213 - "GET /api/v1/positions/ HTTP/1.1" 200 4953
[2025-11-30 23:41:23,379] INFO django.server /Users/NETPHIX_DEV/Desktop/crypto-trading-broker/.venv/lib/python3.13/site-packages/django/core/servers/basehttp.py:213 - "GET /api/v1/orders/ HTTP/1.1" 200 15737
[2025-11-30 23:41:23,403] INFO django.server /Users/NETPHIX_DEV/Desktop/crypto-trading-broker/.venv/lib/python3.13/site-packages/django/core/servers/basehttp.py:213 - "GET /api/v1/trading-pairs/1/ HTTP/1.1" 200 590
[2025-11-30 23:41:25,244] INFO django.server /Users/NETPHIX_DEV/Desktop/crypto-trading-broker/.venv/lib/python3.13/site-packages/django/core/servers/basehttp.py:213 - "GET /api/v1/trading-pairs/1/market_data/ HTTP/1.1" 200 333
[2025-11-30 23:41:25,261] INFO django.server /Users/NETPHIX_DEV/Desktop/crypto-trading-broker/.venv/lib/python3.13/site-packages/django/core/servers/basehttp.py:213 - "GET /api/v1/accounts/balance/ HTTP/1.1" 200 353
[2025-11-30 23:41:25,295] INFO django.server /Users/NETPHIX_DEV/Desktop/crypto-trading-broker/.venv/lib/python3.13/site-packages/django/core/servers/basehttp.py:213 - "GET /api/v1/positions/ HTTP/1.1" 200 4953
[2025-11-30 23:41:25,344] INFO django.server /Users/NETPHIX_DEV/Desktop/crypto-trading-broker/.venv/lib/python3.13/site-packages/django/core/servers/basehttp.py:213 - "GET /api/v1/orders/ HTTP/1.1" 200 15737
[2025-11-30 23:41:25,396] INFO django.server /Users/NETPHIX_DEV/Desktop/crypto-trading-broker/.venv/lib/python3.13/site-packages/django/core/servers/basehttp.py:213 - "GET /api/v1/transactions/?trading_pair=1 HTTP/1.1" 200 1222
[2025-11-30 23:42:00,489] INFO django.server /Users/NETPHIX_DEV/Desktop/crypto-trading-broker/.venv/lib/python3.13/site-packages/django/core/servers/basehttp.py:213 - "POST /api/v1/cron/expire-orders/?token=5Pm-SoiK_WTo2hU1sfsprv4qaUTqp_s0rdbdag45k9M= HTTP/1.1" 200 131
[2025-11-30 23:42:00,626] INFO django.server /Users/NETPHIX_DEV/Desktop/crypto-trading-broker/.venv/lib/python3.13/site-packages/django/core/servers/basehttp.py:213 - "POST /api/v1/cron/execute-orders/?token=5Pm-SoiK_WTo2hU1sfsprv4qaUTqp_s0rdbdag45k9M= HTTP/1.1" 200 168
[2025-11-30 23:42:06,629] INFO django.server /Users/NETPHIX_DEV/Desktop/crypto-trading-broker/.venv/lib/python3.13/site-packages/django/core/servers/basehttp.py:213 - "POST /api/v1/cron/update-positions/?token=5Pm-SoiK_WTo2hU1sfsprv4qaUTqp_s0rdbdag45k9M= HTTP/1.1" 200 417
[2025-11-30 23:43:00,624] INFO django.server /Users/NETPHIX_DEV/Desktop/crypto-trading-broker/.venv/lib/python3.13/site-packages/django/core/servers/basehttp.py:213 - "POST /api/v1/cron/execute-orders/?token=5Pm-SoiK_WTo2hU1sfsprv4qaUTqp_s0rdbdag45k9M= HTTP/1.1" 200 168
[2025-11-30 23:43:00,824] INFO django.server /Users/NETPHIX_DEV/Desktop/crypto-trading-broker/.venv/lib/python3.13/site-packages/django/core/servers/basehttp.py:213 - "POST /api/v1/cron/expire-orders/?token=5Pm-SoiK_WTo2hU1sfsprv4qaUTqp_s0rdbdag45k9M= HTTP/1.1" 200 131
[2025-11-30 23:43:11,284] INFO django.server /Users/NETPHIX_DEV/Desktop/crypto-trading-broker/.venv/lib/python3.13/site-packages/django/core/servers/basehttp.py:213 - "POST /api/v1/cron/update-positions/?token=5Pm-SoiK_WTo2hU1sfsprv4qaUTqp_s0rdbdag45k9M= HTTP/1.1" 200 417
[2025-11-30 23:44:00,473] INFO django.server /Users/NETPHIX_DEV/Desktop/crypto-trading-broker/.venv/lib/python3.13/site-packages/django/core/servers/basehttp.py:213 - "POST /api/v1/cron/execute-orders/?token=5Pm-SoiK_WTo2hU1sfsprv4qaUTqp_s0rdbdag45k9M= HTTP/1.1" 200 168
[2025-11-30 23:44:00,585] INFO django.server /Users/NETPHIX_DEV/Desktop/crypto-trading-broker/.venv/lib/python3.13/site-packages/django/core/servers/basehttp.py:213 - "POST /api/v1/cron/expire-orders/?token=5Pm-SoiK_WTo2hU1sfsprv4qaUTqp_s0rdbdag45k9M= HTTP/1.1" 200 131
[2025-11-30 23:44:06,774] INFO django.server /Users/NETPHIX_DEV/Desktop/crypto-trading-broker/.venv/lib/python3.13/site-packages/django/core/servers/basehttp.py:213 - "POST /api/v1/cron/update-positions/?token=5Pm-SoiK_WTo2hU1sfsprv4qaUTqp_s0rdbdag45k9M= HTTP/1.1" 200 417
[2025-11-30 23:45:01,656] INFO django.server /Users/NETPHIX_DEV/Desktop/crypto-trading-broker/.venv/lib/python3.13/site-packages/django/core/servers/basehttp.py:213 - "POST /api/v1/cron/expire-orders/?token=5Pm-SoiK_WTo2hU1sfsprv4qaUTqp_s0rdbdag45k9M= HTTP/1.1" 200 131
[2025-11-30 23:45:01,937] INFO django.server /Users/NETPHIX_DEV/Desktop/crypto-trading-broker/.venv/lib/python3.13/site-packages/django/core/servers/basehttp.py:213 - "POST /api/v1/cron/execute-orders/?token=5Pm-SoiK_WTo2hU1sfsprv4qaUTqp_s0rdbdag45k9M= HTTP/1.1" 200 168
[2025-11-30 23:45:14,012] INFO django.server /Users/NETPHIX_DEV/Desktop/crypto-trading-broker/.venv/lib/python3.13/site-packages/django/core/servers/basehttp.py:213 - "POST /api/v1/cron/update-positions/?token=5Pm-SoiK_WTo2hU1sfsprv4qaUTqp_s0rdbdag45k9M= HTTP/1.1" 200 417
[2025-11-30 23:46:00,621] INFO django.server /Users/NETPHIX_DEV/Desktop/crypto-trading-broker/.venv/lib/python3.13/site-packages/django/core/servers/basehttp.py:213 - "POST /api/v1/cron/execute-orders/?token=5Pm-SoiK_WTo2hU1sfsprv4qaUTqp_s0rdbdag45k9M= HTTP/1.1" 200 168
[2025-11-30 23:46:00,628] INFO django.server /Users/NETPHIX_DEV/Desktop/crypto-trading-broker/.venv/lib/python3.13/site-packages/django/core/servers/basehttp.py:213 - "POST /api/v1/cron/expire-orders/?token=5Pm-SoiK_WTo2hU1sfsprv4qaUTqp_s0rdbdag45k9M= HTTP/1.1" 200 131
[2025-11-30 23:46:07,113] INFO django.server /Users/NETPHIX_DEV/Desktop/crypto-trading-broker/.venv/lib/python3.13/site-packages/django/core/servers/basehttp.py:213 - "POST /api/v1/cron/update-positions/?token=5Pm-SoiK_WTo2hU1sfsprv4qaUTqp_s0rdbdag45k9M= HTTP/1.1" 200 417
[2025-11-30 23:47:00,998] INFO django.server /Users/NETPHIX_DEV/Desktop/crypto-trading-broker/.venv/lib/python3.13/site-packages/django/core/servers/basehttp.py:213 - "POST /api/v1/cron/execute-orders/?token=5Pm-SoiK_WTo2hU1sfsprv4qaUTqp_s0rdbdag45k9M= HTTP/1.1" 200 168
[2025-11-30 23:47:01,049] INFO django.server /Users/NETPHIX_DEV/Desktop/crypto-trading-broker/.venv/lib/python3.13/site-packages/django/core/servers/basehttp.py:213 - "POST /api/v1/cron/expire-orders/?token=5Pm-SoiK_WTo2hU1sfsprv4qaUTqp_s0rdbdag45k9M= HTTP/1.1" 200 131
[2025-11-30 23:47:12,946] INFO django.server /Users/NETPHIX_DEV/Desktop/crypto-trading-broker/.venv/lib/python3.13/site-packages/django/core/servers/basehttp.py:213 - "POST /api/v1/cron/update-positions/?token=5Pm-SoiK_WTo2hU1sfsprv4qaUTqp_s0rdbdag45k9M= HTTP/1.1" 200 417
[2025-11-30 23:48:00,623] INFO django.server /Users/NETPHIX_DEV/Desktop/crypto-trading-broker/.venv/lib/python3.13/site-packages/django/core/servers/basehttp.py:213 - "POST /api/v1/cron/expire-orders/?token=5Pm-SoiK_WTo2hU1sfsprv4qaUTqp_s0rdbdag45k9M= HTTP/1.1" 200 131
[2025-11-30 23:48:00,629] INFO django.server /Users/NETPHIX_DEV/Desktop/crypto-trading-broker/.venv/lib/python3.13/site-packages/django/core/servers/basehttp.py:213 - "POST /api/v1/cron/execute-orders/?token=5Pm-SoiK_WTo2hU1sfsprv4qaUTqp_s0rdbdag45k9M= HTTP/1.1" 200 168
[2025-11-30 23:48:07,152] INFO django.server /Users/NETPHIX_DEV/Desktop/crypto-trading-broker/.venv/lib/python3.13/site-packages/django/core/servers/basehttp.py:213 - "POST /api/v1/cron/update-positions/?token=5Pm-SoiK_WTo2hU1sfsprv4qaUTqp_s0rdbdag45k9M= HTTP/1.1" 200 417
[2025-11-30 23:49:00,705] INFO django.server /Users/NETPHIX_DEV/Desktop/crypto-trading-broker/.venv/lib/python3.13/site-packages/django/core/servers/basehttp.py:213 - "POST /api/v1/cron/execute-orders/?token=5Pm-SoiK_WTo2hU1sfsprv4qaUTqp_s0rdbdag45k9M= HTTP/1.1" 200 168
[2025-11-30 23:49:00,716] INFO django.server /Users/NETPHIX_DEV/Desktop/crypto-trading-broker/.venv/lib/python3.13/site-packages/django/core/servers/basehttp.py:213 - "POST /api/v1/cron/expire-orders/?token=5Pm-SoiK_WTo2hU1sfsprv4qaUTqp_s0rdbdag45k9M= HTTP/1.1" 200 131
[2025-11-30 23:49:11,007] INFO django.server /Users/NETPHIX_DEV/Desktop/crypto-trading-broker/.venv/lib/python3.13/site-packages/django/core/servers/basehttp.py:213 - "POST /api/v1/cron/update-positions/?token=5Pm-SoiK_WTo2hU1sfsprv4qaUTqp_s0rdbdag45k9M= HTTP/1.1" 200 417
[2025-11-30 23:50:02,248] INFO django.server /Users/NETPHIX_DEV/Desktop/crypto-trading-broker/.venv/lib/python3.13/site-packages/django/core/servers/basehttp.py:213 - "POST /api/v1/cron/expire-orders/?token=5Pm-SoiK_WTo2hU1sfsprv4qaUTqp_s0rdbdag45k9M= HTTP/1.1" 200 131
[2025-11-30 23:50:02,666] INFO django.server /Users/NETPHIX_DEV/Desktop/crypto-trading-broker/.venv/lib/python3.13/site-packages/django/core/servers/basehttp.py:213 - "POST /api/v1/cron/execute-orders/?token=5Pm-SoiK_WTo2hU1sfsprv4qaUTqp_s0rdbdag45k9M= HTTP/1.1" 200 168
[2025-11-30 23:50:07,771] INFO django.server /Users/NETPHIX_DEV/Desktop/crypto-trading-broker/.venv/lib/python3.13/site-packages/django/core/servers/basehttp.py:213 - "POST /api/v1/cron/update-positions/?token=5Pm-SoiK_WTo2hU1sfsprv4qaUTqp_s0rdbdag45k9M= HTTP/1.1" 200 417
[2025-11-30 23:51:00,628] INFO django.server /Users/NETPHIX_DEV/Desktop/crypto-trading-broker/.venv/lib/python3.13/site-packages/django/core/servers/basehttp.py:213 - "POST /api/v1/cron/execute-orders/?token=5Pm-SoiK_WTo2hU1sfsprv4qaUTqp_s0rdbdag45k9M= HTTP/1.1" 200 168
[2025-11-30 23:51:01,074] INFO django.server /Users/NETPHIX_DEV/Desktop/crypto-trading-broker/.venv/lib/python3.13/site-packages/django/core/servers/basehttp.py:213 - "POST /api/v1/cron/expire-orders/?token=5Pm-SoiK_WTo2hU1sfsprv4qaUTqp_s0rdbdag45k9M= HTTP/1.1" 200 131
[2025-11-30 23:51:11,728] INFO django.server /Users/NETPHIX_DEV/Desktop/crypto-trading-broker/.venv/lib/python3.13/site-packages/django/core/servers/basehttp.py:213 - "POST /api/v1/cron/update-positions/?token=5Pm-SoiK_WTo2hU1sfsprv4qaUTqp_s0rdbdag45k9M= HTTP/1.1" 200 417
[2025-11-30 23:52:00,495] INFO django.server /Users/NETPHIX_DEV/Desktop/crypto-trading-broker/.venv/lib/python3.13/site-packages/django/core/servers/basehttp.py:213 - "POST /api/v1/cron/execute-orders/?token=5Pm-SoiK_WTo2hU1sfsprv4qaUTqp_s0rdbdag45k9M= HTTP/1.1" 200 168
[2025-11-30 23:52:00,629] INFO django.server /Users/NETPHIX_DEV/Desktop/crypto-trading-broker/.venv/lib/python3.13/site-packages/django/core/servers/basehttp.py:213 - "POST /api/v1/cron/expire-orders/?token=5Pm-SoiK_WTo2hU1sfsprv4qaUTqp_s0rdbdag45k9M= HTTP/1.1" 200 131
[2025-11-30 23:52:06,611] INFO django.server /Users/NETPHIX_DEV/Desktop/crypto-trading-broker/.venv/lib/python3.13/site-packages/django/core/servers/basehttp.py:213 - "POST /api/v1/cron/update-positions/?token=5Pm-SoiK_WTo2hU1sfsprv4qaUTqp_s0rdbdag45k9M= HTTP/1.1" 200 417
[2025-11-30 23:52:09,298] INFO django.server /Users/NETPHIX_DEV/Desktop/crypto-trading-broker/.venv/lib/python3.13/site-packages/django/core/servers/basehttp.py:213 - "GET /dashboard/trading-view/1/ HTTP/1.1" 200 119591
[2025-11-30 23:52:09,373] INFO django.server /Users/NETPHIX_DEV/Desktop/crypto-trading-broker/.venv/lib/python3.13/site-packages/django/core/servers/basehttp.py:213 - "GET /static/assets/scripts/trading-single.js HTTP/1.1" 304 0
[2025-11-30 23:52:09,376] INFO django.server /Users/NETPHIX_DEV/Desktop/crypto-trading-broker/.venv/lib/python3.13/site-packages/django/core/servers/basehttp.py:213 - "GET /static/assets/scripts/api.js HTTP/1.1" 304 0
[2025-11-30 23:52:09,511] WARNING django.server /Users/NETPHIX_DEV/Desktop/crypto-trading-broker/.venv/lib/python3.13/site-packages/django/core/servers/basehttp.py:213 - "GET /.well-known/appspecific/com.chrome.devtools.json HTTP/1.1" 404 20610
[2025-11-30 23:52:11,323] INFO django.server /Users/NETPHIX_DEV/Desktop/crypto-trading-broker/.venv/lib/python3.13/site-packages/django/core/servers/basehttp.py:213 - "GET /api/v1/trading/config/ HTTP/1.1" 200 1299
[2025-11-30 23:52:11,491] INFO django.server /Users/NETPHIX_DEV/Desktop/crypto-trading-broker/.venv/lib/python3.13/site-packages/django/core/servers/basehttp.py:213 - "GET /api/v1/orders/trading_summary/ HTTP/1.1" 200 291
[2025-11-30 23:52:11,536] INFO django.server /Users/NETPHIX_DEV/Desktop/crypto-trading-broker/.venv/lib/python3.13/site-packages/django/core/servers/basehttp.py:213 - "GET /api/v1/positions/ HTTP/1.1" 200 4953
[2025-11-30 23:52:11,567] INFO django.server /Users/NETPHIX_DEV/Desktop/crypto-trading-broker/.venv/lib/python3.13/site-packages/django/core/servers/basehttp.py:213 - "GET /api/v1/orders/ HTTP/1.1" 200 15737
[2025-11-30 23:52:11,588] INFO django.server /Users/NETPHIX_DEV/Desktop/crypto-trading-broker/.venv/lib/python3.13/site-packages/django/core/servers/basehttp.py:213 - "GET /api/v1/trading-pairs/1/ HTTP/1.1" 200 590
[2025-11-30 23:52:13,319] INFO django.server /Users/NETPHIX_DEV/Desktop/crypto-trading-broker/.venv/lib/python3.13/site-packages/django/core/servers/basehttp.py:213 - "GET /api/v1/trading-pairs/1/market_data/ HTTP/1.1" 200 336
[2025-11-30 23:52:13,340] INFO django.server /Users/NETPHIX_DEV/Desktop/crypto-trading-broker/.venv/lib/python3.13/site-packages/django/core/servers/basehttp.py:213 - "GET /api/v1/accounts/balance/ HTTP/1.1" 200 353
[2025-11-30 23:52:13,401] INFO django.server /Users/NETPHIX_DEV/Desktop/crypto-trading-broker/.venv/lib/python3.13/site-packages/django/core/servers/basehttp.py:213 - "GET /api/v1/positions/ HTTP/1.1" 200 4953
[2025-11-30 23:52:13,446] INFO django.server /Users/NETPHIX_DEV/Desktop/crypto-trading-broker/.venv/lib/python3.13/site-packages/django/core/servers/basehttp.py:213 - "GET /api/v1/orders/ HTTP/1.1" 200 15737
[2025-11-30 23:52:13,510] INFO django.server /Users/NETPHIX_DEV/Desktop/crypto-trading-broker/.venv/lib/python3.13/site-packages/django/core/servers/basehttp.py:213 - "GET /api/v1/transactions/?trading_pair=1 HTTP/1.1" 200 1222
[2025-11-30 23:53:00,676] INFO django.server /Users/NETPHIX_DEV/Desktop/crypto-trading-broker/.venv/lib/python3.13/site-packages/django/core/servers/basehttp.py:213 - "POST /api/v1/cron/execute-orders/?token=5Pm-SoiK_WTo2hU1sfsprv4qaUTqp_s0rdbdag45k9M= HTTP/1.1" 200 168
[2025-11-30 23:53:00,758] INFO django.server /Users/NETPHIX_DEV/Desktop/crypto-trading-broker/.venv/lib/python3.13/site-packages/django/core/servers/basehttp.py:213 - "POST /api/v1/cron/expire-orders/?token=5Pm-SoiK_WTo2hU1sfsprv4qaUTqp_s0rdbdag45k9M= HTTP/1.1" 200 131
[2025-11-30 23:53:12,129] INFO django.server /Users/NETPHIX_DEV/Desktop/crypto-trading-broker/.venv/lib/python3.13/site-packages/django/core/servers/basehttp.py:213 - "POST /api/v1/cron/update-positions/?token=5Pm-SoiK_WTo2hU1sfsprv4qaUTqp_s0rdbdag45k9M= HTTP/1.1" 200 417
[2025-11-30 23:54:00,607] INFO django.server /Users/NETPHIX_DEV/Desktop/crypto-trading-broker/.venv/lib/python3.13/site-packages/django/core/servers/basehttp.py:213 - "POST /api/v1/cron/expire-orders/?token=5Pm-SoiK_WTo2hU1sfsprv4qaUTqp_s0rdbdag45k9M= HTTP/1.1" 200 131
[2025-11-30 23:54:00,650] INFO django.server /Users/NETPHIX_DEV/Desktop/crypto-trading-broker/.venv/lib/python3.13/site-packages/django/core/servers/basehttp.py:213 - "POST /api/v1/cron/execute-orders/?token=5Pm-SoiK_WTo2hU1sfsprv4qaUTqp_s0rdbdag45k9M= HTTP/1.1" 200 168
[2025-11-30 23:54:06,922] INFO django.server /Users/NETPHIX_DEV/Desktop/crypto-trading-broker/.venv/lib/python3.13/site-packages/django/core/servers/basehttp.py:213 - "POST /api/v1/cron/update-positions/?token=5Pm-SoiK_WTo2hU1sfsprv4qaUTqp_s0rdbdag45k9M= HTTP/1.1" 200 417
[2025-11-30 23:55:00,360] INFO django.server /Users/NETPHIX_DEV/Desktop/crypto-trading-broker/.venv/lib/python3.13/site-packages/django/core/servers/basehttp.py:213 - "POST /api/v1/cron/execute-orders/?token=5Pm-SoiK_WTo2hU1sfsprv4qaUTqp_s0rdbdag45k9M= HTTP/1.1" 200 168
[2025-11-30 23:55:01,069] INFO django.server /Users/NETPHIX_DEV/Desktop/crypto-trading-broker/.venv/lib/python3.13/site-packages/django/core/servers/basehttp.py:213 - "POST /api/v1/cron/expire-orders/?token=5Pm-SoiK_WTo2hU1sfsprv4qaUTqp_s0rdbdag45k9M= HTTP/1.1" 200 131
[2025-11-30 23:55:13,271] INFO django.server /Users/NETPHIX_DEV/Desktop/crypto-trading-broker/.venv/lib/python3.13/site-packages/django/core/servers/basehttp.py:213 - "POST /api/v1/cron/update-positions/?token=5Pm-SoiK_WTo2hU1sfsprv4qaUTqp_s0rdbdag45k9M= HTTP/1.1" 200 417
[2025-11-30 23:56:00,611] INFO django.server /Users/NETPHIX_DEV/Desktop/crypto-trading-broker/.venv/lib/python3.13/site-packages/django/core/servers/basehttp.py:213 - "POST /api/v1/cron/execute-orders/?token=5Pm-SoiK_WTo2hU1sfsprv4qaUTqp_s0rdbdag45k9M= HTTP/1.1" 200 168
[2025-11-30 23:56:00,615] INFO django.server /Users/NETPHIX_DEV/Desktop/crypto-trading-broker/.venv/lib/python3.13/site-packages/django/core/servers/basehttp.py:213 - "POST /api/v1/cron/expire-orders/?token=5Pm-SoiK_WTo2hU1sfsprv4qaUTqp_s0rdbdag45k9M= HTTP/1.1" 200 131
[2025-11-30 23:56:06,917] INFO django.server /Users/NETPHIX_DEV/Desktop/crypto-trading-broker/.venv/lib/python3.13/site-packages/django/core/servers/basehttp.py:213 - "POST /api/v1/cron/update-positions/?token=5Pm-SoiK_WTo2hU1sfsprv4qaUTqp_s0rdbdag45k9M= HTTP/1.1" 200 417
[2025-11-30 23:57:00,650] INFO django.server /Users/NETPHIX_DEV/Desktop/crypto-trading-broker/.venv/lib/python3.13/site-packages/django/core/servers/basehttp.py:213 - "POST /api/v1/cron/execute-orders/?token=5Pm-SoiK_WTo2hU1sfsprv4qaUTqp_s0rdbdag45k9M= HTTP/1.1" 200 168
[2025-11-30 23:57:01,002] INFO django.server /Users/NETPHIX_DEV/Desktop/crypto-trading-broker/.venv/lib/python3.13/site-packages/django/core/servers/basehttp.py:213 - "POST /api/v1/cron/expire-orders/?token=5Pm-SoiK_WTo2hU1sfsprv4qaUTqp_s0rdbdag45k9M= HTTP/1.1" 200 131
[2025-11-30 23:57:12,278] INFO django.server /Users/NETPHIX_DEV/Desktop/crypto-trading-broker/.venv/lib/python3.13/site-packages/django/core/servers/basehttp.py:213 - "POST /api/v1/cron/update-positions/?token=5Pm-SoiK_WTo2hU1sfsprv4qaUTqp_s0rdbdag45k9M= HTTP/1.1" 200 417
[2025-11-30 23:58:00,780] INFO django.server /Users/NETPHIX_DEV/Desktop/crypto-trading-broker/.venv/lib/python3.13/site-packages/django/core/servers/basehttp.py:213 - "POST /api/v1/cron/expire-orders/?token=5Pm-SoiK_WTo2hU1sfsprv4qaUTqp_s0rdbdag45k9M= HTTP/1.1" 200 131
[2025-11-30 23:58:00,789] INFO django.server /Users/NETPHIX_DEV/Desktop/crypto-trading-broker/.venv/lib/python3.13/site-packages/django/core/servers/basehttp.py:213 - "POST /api/v1/cron/execute-orders/?token=5Pm-SoiK_WTo2hU1sfsprv4qaUTqp_s0rdbdag45k9M= HTTP/1.1" 200 168
[2025-11-30 23:58:07,091] INFO django.server /Users/NETPHIX_DEV/Desktop/crypto-trading-broker/.venv/lib/python3.13/site-packages/django/core/servers/basehttp.py:213 - "POST /api/v1/cron/update-positions/?token=5Pm-SoiK_WTo2hU1sfsprv4qaUTqp_s0rdbdag45k9M= HTTP/1.1" 200 417
[2025-11-30 23:59:00,594] INFO django.server /Users/NETPHIX_DEV/Desktop/crypto-trading-broker/.venv/lib/python3.13/site-packages/django/core/servers/basehttp.py:213 - "POST /api/v1/cron/expire-orders/?token=5Pm-SoiK_WTo2hU1sfsprv4qaUTqp_s0rdbdag45k9M= HTTP/1.1" 200 131
[2025-11-30 23:59:00,660] INFO django.server /Users/NETPHIX_DEV/Desktop/crypto-trading-broker/.venv/lib/python3.13/site-packages/django/core/servers/basehttp.py:213 - "POST /api/v1/cron/execute-orders/?token=5Pm-SoiK_WTo2hU1sfsprv4qaUTqp_s0rdbdag45k9M= HTTP/1.1" 200 168
[2025-11-30 23:59:11,912] INFO django.server /Users/NETPHIX_DEV/Desktop/crypto-trading-broker/.venv/lib/python3.13/site-packages/django/core/servers/basehttp.py:213 - "POST /api/v1/cron/update-positions/?token=5Pm-SoiK_WTo2hU1sfsprv4qaUTqp_s0rdbdag45k9M= HTTP/1.1" 200 417
[2025-12-01 00:00:04,108] INFO django.server /Users/NETPHIX_DEV/Desktop/crypto-trading-broker/.venv/lib/python3.13/site-packages/django/core/servers/basehttp.py:213 - "POST /api/v1/cron/expire-orders/?token=5Pm-SoiK_WTo2hU1sfsprv4qaUTqp_s0rdbdag45k9M= HTTP/1.1" 200 131
[2025-12-01 00:00:04,833] INFO django.server /Users/NETPHIX_DEV/Desktop/crypto-trading-broker/.venv/lib/python3.13/site-packages/django/core/servers/basehttp.py:213 - "POST /api/v1/cron/execute-orders/?token=5Pm-SoiK_WTo2hU1sfsprv4qaUTqp_s0rdbdag45k9M= HTTP/1.1" 200 168
[2025-12-01 00:00:10,457] INFO django.server /Users/NETPHIX_DEV/Desktop/crypto-trading-broker/.venv/lib/python3.13/site-packages/django/core/servers/basehttp.py:213 - "POST /api/v1/cron/update-positions/?token=5Pm-SoiK_WTo2hU1sfsprv4qaUTqp_s0rdbdag45k9M= HTTP/1.1" 200 417
[2025-12-01 00:01:00,742] INFO django.server /Users/NETPHIX_DEV/Desktop/crypto-trading-broker/.venv/lib/python3.13/site-packages/django/core/servers/basehttp.py:213 - "POST /api/v1/cron/execute-orders/?token=5Pm-SoiK_WTo2hU1sfsprv4qaUTqp_s0rdbdag45k9M= HTTP/1.1" 200 168
[2025-12-01 00:01:00,768] INFO django.server /Users/NETPHIX_DEV/Desktop/crypto-trading-broker/.venv/lib/python3.13/site-packages/django/core/servers/basehttp.py:213 - "POST /api/v1/cron/expire-orders/?token=5Pm-SoiK_WTo2hU1sfsprv4qaUTqp_s0rdbdag45k9M= HTTP/1.1" 200 131
[2025-12-01 00:01:11,622] INFO django.server /Users/NETPHIX_DEV/Desktop/crypto-trading-broker/.venv/lib/python3.13/site-packages/django/core/servers/basehttp.py:213 - "POST /api/v1/cron/update-positions/?token=5Pm-SoiK_WTo2hU1sfsprv4qaUTqp_s0rdbdag45k9M= HTTP/1.1" 200 417
[2025-12-01 00:02:00,551] INFO django.server /Users/NETPHIX_DEV/Desktop/crypto-trading-broker/.venv/lib/python3.13/site-packages/django/core/servers/basehttp.py:213 - "POST /api/v1/cron/execute-orders/?token=5Pm-SoiK_WTo2hU1sfsprv4qaUTqp_s0rdbdag45k9M= HTTP/1.1" 200 168
[2025-12-01 00:02:00,583] INFO django.server /Users/NETPHIX_DEV/Desktop/crypto-trading-broker/.venv/lib/python3.13/site-packages/django/core/servers/basehttp.py:213 - "POST /api/v1/cron/expire-orders/?token=5Pm-SoiK_WTo2hU1sfsprv4qaUTqp_s0rdbdag45k9M= HTTP/1.1" 200 131
[2025-12-01 00:02:06,709] INFO django.server /Users/NETPHIX_DEV/Desktop/crypto-trading-broker/.venv/lib/python3.13/site-packages/django/core/servers/basehttp.py:213 - "POST /api/v1/cron/update-positions/?token=5Pm-SoiK_WTo2hU1sfsprv4qaUTqp_s0rdbdag45k9M= HTTP/1.1" 200 417
[2025-12-01 00:03:00,873] INFO django.server /Users/NETPHIX_DEV/Desktop/crypto-trading-broker/.venv/lib/python3.13/site-packages/django/core/servers/basehttp.py:213 - "POST /api/v1/cron/expire-orders/?token=5Pm-SoiK_WTo2hU1sfsprv4qaUTqp_s0rdbdag45k9M= HTTP/1.1" 200 131
[2025-12-01 00:03:00,931] INFO django.server /Users/NETPHIX_DEV/Desktop/crypto-trading-broker/.venv/lib/python3.13/site-packages/django/core/servers/basehttp.py:213 - "POST /api/v1/cron/execute-orders/?token=5Pm-SoiK_WTo2hU1sfsprv4qaUTqp_s0rdbdag45k9M= HTTP/1.1" 200 168
[2025-12-01 00:03:12,719] INFO django.server /Users/NETPHIX_DEV/Desktop/crypto-trading-broker/.venv/lib/python3.13/site-packages/django/core/servers/basehttp.py:213 - "POST /api/v1/cron/update-positions/?token=5Pm-SoiK_WTo2hU1sfsprv4qaUTqp_s0rdbdag45k9M= HTTP/1.1" 200 417
[2025-12-01 00:04:00,578] INFO django.server /Users/NETPHIX_DEV/Desktop/crypto-trading-broker/.venv/lib/python3.13/site-packages/django/core/servers/basehttp.py:213 - "POST /api/v1/cron/execute-orders/?token=5Pm-SoiK_WTo2hU1sfsprv4qaUTqp_s0rdbdag45k9M= HTTP/1.1" 200 168
[2025-12-01 00:04:00,582] INFO django.server /Users/NETPHIX_DEV/Desktop/crypto-trading-broker/.venv/lib/python3.13/site-packages/django/core/servers/basehttp.py:213 - "POST /api/v1/cron/expire-orders/?token=5Pm-SoiK_WTo2hU1sfsprv4qaUTqp_s0rdbdag45k9M= HTTP/1.1" 200 131
[2025-12-01 00:04:07,180] INFO django.server /Users/NETPHIX_DEV/Desktop/crypto-trading-broker/.venv/lib/python3.13/site-packages/django/core/servers/basehttp.py:213 - "POST /api/v1/cron/update-positions/?token=5Pm-SoiK_WTo2hU1sfsprv4qaUTqp_s0rdbdag45k9M= HTTP/1.1" 200 417
[2025-12-01 00:05:00,550] INFO django.server /Users/NETPHIX_DEV/Desktop/crypto-trading-broker/.venv/lib/python3.13/site-packages/django/core/servers/basehttp.py:213 - "POST /api/v1/cron/execute-orders/?token=5Pm-SoiK_WTo2hU1sfsprv4qaUTqp_s0rdbdag45k9M= HTTP/1.1" 200 168
[2025-12-01 00:05:01,151] INFO django.server /Users/NETPHIX_DEV/Desktop/crypto-trading-broker/.venv/lib/python3.13/site-packages/django/core/servers/basehttp.py:213 - "POST /api/v1/cron/expire-orders/?token=5Pm-SoiK_WTo2hU1sfsprv4qaUTqp_s0rdbdag45k9M= HTTP/1.1" 200 131
[2025-12-01 00:05:12,030] INFO django.server /Users/NETPHIX_DEV/Desktop/crypto-trading-broker/.venv/lib/python3.13/site-packages/django/core/servers/basehttp.py:213 - "POST /api/v1/cron/update-positions/?token=5Pm-SoiK_WTo2hU1sfsprv4qaUTqp_s0rdbdag45k9M= HTTP/1.1" 200 417
[2025-12-01 00:06:00,742] INFO django.server /Users/NETPHIX_DEV/Desktop/crypto-trading-broker/.venv/lib/python3.13/site-packages/django/core/servers/basehttp.py:213 - "POST /api/v1/cron/expire-orders/?token=5Pm-SoiK_WTo2hU1sfsprv4qaUTqp_s0rdbdag45k9M= HTTP/1.1" 200 131
[2025-12-01 00:06:01,104] INFO django.server /Users/NETPHIX_DEV/Desktop/crypto-trading-broker/.venv/lib/python3.13/site-packages/django/core/servers/basehttp.py:213 - "POST /api/v1/cron/execute-orders/?token=5Pm-SoiK_WTo2hU1sfsprv4qaUTqp_s0rdbdag45k9M= HTTP/1.1" 200 168
[2025-12-01 00:06:07,846] INFO django.server /Users/NETPHIX_DEV/Desktop/crypto-trading-broker/.venv/lib/python3.13/site-packages/django/core/servers/basehttp.py:213 - "POST /api/v1/cron/update-positions/?token=5Pm-SoiK_WTo2hU1sfsprv4qaUTqp_s0rdbdag45k9M= HTTP/1.1" 200 418
[2025-12-01 00:07:00,641] INFO django.server /Users/NETPHIX_DEV/Desktop/crypto-trading-broker/.venv/lib/python3.13/site-packages/django/core/servers/basehttp.py:213 - "POST /api/v1/cron/expire-orders/?token=5Pm-SoiK_WTo2hU1sfsprv4qaUTqp_s0rdbdag45k9M= HTTP/1.1" 200 131
[2025-12-01 00:07:00,696] INFO django.server /Users/NETPHIX_DEV/Desktop/crypto-trading-broker/.venv/lib/python3.13/site-packages/django/core/servers/basehttp.py:213 - "POST /api/v1/cron/execute-orders/?token=5Pm-SoiK_WTo2hU1sfsprv4qaUTqp_s0rdbdag45k9M= HTTP/1.1" 200 168
[2025-12-01 00:07:11,463] INFO django.server /Users/NETPHIX_DEV/Desktop/crypto-trading-broker/.venv/lib/python3.13/site-packages/django/core/servers/basehttp.py:213 - "POST /api/v1/cron/update-positions/?token=5Pm-SoiK_WTo2hU1sfsprv4qaUTqp_s0rdbdag45k9M= HTTP/1.1" 200 418
[2025-12-01 00:08:00,588] INFO django.server /Users/NETPHIX_DEV/Desktop/crypto-trading-broker/.venv/lib/python3.13/site-packages/django/core/servers/basehttp.py:213 - "POST /api/v1/cron/execute-orders/?token=5Pm-SoiK_WTo2hU1sfsprv4qaUTqp_s0rdbdag45k9M= HTTP/1.1" 200 168
[2025-12-01 00:08:00,735] INFO django.server /Users/NETPHIX_DEV/Desktop/crypto-trading-broker/.venv/lib/python3.13/site-packages/django/core/servers/basehttp.py:213 - "POST /api/v1/cron/expire-orders/?token=5Pm-SoiK_WTo2hU1sfsprv4qaUTqp_s0rdbdag45k9M= HTTP/1.1" 200 131
[2025-12-01 00:08:07,113] INFO django.server /Users/NETPHIX_DEV/Desktop/crypto-trading-broker/.venv/lib/python3.13/site-packages/django/core/servers/basehttp.py:213 - "POST /api/v1/cron/update-positions/?token=5Pm-SoiK_WTo2hU1sfsprv4qaUTqp_s0rdbdag45k9M= HTTP/1.1" 200 418
[2025-12-01 00:09:00,701] INFO django.server /Users/NETPHIX_DEV/Desktop/crypto-trading-broker/.venv/lib/python3.13/site-packages/django/core/servers/basehttp.py:213 - "POST /api/v1/cron/execute-orders/?token=5Pm-SoiK_WTo2hU1sfsprv4qaUTqp_s0rdbdag45k9M= HTTP/1.1" 200 168
[2025-12-01 00:09:00,747] INFO django.server /Users/NETPHIX_DEV/Desktop/crypto-trading-broker/.venv/lib/python3.13/site-packages/django/core/servers/basehttp.py:213 - "POST /api/v1/cron/expire-orders/?token=5Pm-SoiK_WTo2hU1sfsprv4qaUTqp_s0rdbdag45k9M= HTTP/1.1" 200 131
[2025-12-01 00:09:08,750] INFO django.server /Users/NETPHIX_DEV/Desktop/crypto-trading-broker/.venv/lib/python3.13/site-packages/django/core/servers/basehttp.py:213 - "GET /dashboard/trading-view/1/ HTTP/1.1" 200 119590
[2025-12-01 00:09:08,823] INFO django.server /Users/NETPHIX_DEV/Desktop/crypto-trading-broker/.venv/lib/python3.13/site-packages/django/core/servers/basehttp.py:213 - "GET /static/assets/scripts/api.js HTTP/1.1" 304 0
[2025-12-01 00:09:08,827] INFO django.server /Users/NETPHIX_DEV/Desktop/crypto-trading-broker/.venv/lib/python3.13/site-packages/django/core/servers/basehttp.py:213 - "GET /static/assets/scripts/trading-single.js HTTP/1.1" 304 0
[2025-12-01 00:09:08,970] WARNING django.server /Users/NETPHIX_DEV/Desktop/crypto-trading-broker/.venv/lib/python3.13/site-packages/django/core/servers/basehttp.py:213 - "GET /.well-known/appspecific/com.chrome.devtools.json HTTP/1.1" 404 20610
[2025-12-01 00:09:10,356] INFO django.server /Users/NETPHIX_DEV/Desktop/crypto-trading-broker/.venv/lib/python3.13/site-packages/django/core/servers/basehttp.py:213 - "GET /api/v1/trading/config/ HTTP/1.1" 200 1299
[2025-12-01 00:09:10,486] INFO django.server /Users/NETPHIX_DEV/Desktop/crypto-trading-broker/.venv/lib/python3.13/site-packages/django/core/servers/basehttp.py:213 - "GET /api/v1/orders/trading_summary/ HTTP/1.1" 200 291
[2025-12-01 00:09:10,524] INFO django.server /Users/NETPHIX_DEV/Desktop/crypto-trading-broker/.venv/lib/python3.13/site-packages/django/core/servers/basehttp.py:213 - "GET /api/v1/positions/ HTTP/1.1" 200 4958
[2025-12-01 00:09:10,557] INFO django.server /Users/NETPHIX_DEV/Desktop/crypto-trading-broker/.venv/lib/python3.13/site-packages/django/core/servers/basehttp.py:213 - "GET /api/v1/orders/ HTTP/1.1" 200 15700
[2025-12-01 00:09:10,574] INFO django.server /Users/NETPHIX_DEV/Desktop/crypto-trading-broker/.venv/lib/python3.13/site-packages/django/core/servers/basehttp.py:213 - "GET /api/v1/trading-pairs/1/ HTTP/1.1" 200 590
[2025-12-01 00:09:11,042] INFO django.server /Users/NETPHIX_DEV/Desktop/crypto-trading-broker/.venv/lib/python3.13/site-packages/django/core/servers/basehttp.py:213 - "POST /api/v1/cron/update-positions/?token=5Pm-SoiK_WTo2hU1sfsprv4qaUTqp_s0rdbdag45k9M= HTTP/1.1" 200 418
[2025-12-01 00:09:12,353] INFO django.server /Users/NETPHIX_DEV/Desktop/crypto-trading-broker/.venv/lib/python3.13/site-packages/django/core/servers/basehttp.py:213 - "GET /api/v1/trading-pairs/1/market_data/ HTTP/1.1" 200 335
[2025-12-01 00:09:12,374] INFO django.server /Users/NETPHIX_DEV/Desktop/crypto-trading-broker/.venv/lib/python3.13/site-packages/django/core/servers/basehttp.py:213 - "GET /api/v1/accounts/balance/ HTTP/1.1" 200 353
[2025-12-01 00:09:12,408] INFO django.server /Users/NETPHIX_DEV/Desktop/crypto-trading-broker/.venv/lib/python3.13/site-packages/django/core/servers/basehttp.py:213 - "GET /api/v1/positions/ HTTP/1.1" 200 4958
[2025-12-01 00:09:12,450] INFO django.server /Users/NETPHIX_DEV/Desktop/crypto-trading-broker/.venv/lib/python3.13/site-packages/django/core/servers/basehttp.py:213 - "GET /api/v1/orders/ HTTP/1.1" 200 15700
[2025-12-01 00:09:12,496] INFO django.server /Users/NETPHIX_DEV/Desktop/crypto-trading-broker/.venv/lib/python3.13/site-packages/django/core/servers/basehttp.py:213 - "GET /api/v1/transactions/?trading_pair=1 HTTP/1.1" 200 1222
[2025-12-01 00:10:02,221] INFO django.server /Users/NETPHIX_DEV/Desktop/crypto-trading-broker/.venv/lib/python3.13/site-packages/django/core/servers/basehttp.py:213 - "POST /api/v1/cron/execute-orders/?token=5Pm-SoiK_WTo2hU1sfsprv4qaUTqp_s0rdbdag45k9M= HTTP/1.1" 200 168
[2025-12-01 00:10:02,453] INFO django.server /Users/NETPHIX_DEV/Desktop/crypto-trading-broker/.venv/lib/python3.13/site-packages/django/core/servers/basehttp.py:213 - "POST /api/v1/cron/expire-orders/?token=5Pm-SoiK_WTo2hU1sfsprv4qaUTqp_s0rdbdag45k9M= HTTP/1.1" 200 131
[2025-12-01 00:10:08,390] INFO django.server /Users/NETPHIX_DEV/Desktop/crypto-trading-broker/.venv/lib/python3.13/site-packages/django/core/servers/basehttp.py:213 - "POST /api/v1/cron/update-positions/?token=5Pm-SoiK_WTo2hU1sfsprv4qaUTqp_s0rdbdag45k9M= HTTP/1.1" 200 420
[2025-12-01 00:11:00,757] INFO django.server /Users/NETPHIX_DEV/Desktop/crypto-trading-broker/.venv/lib/python3.13/site-packages/django/core/servers/basehttp.py:213 - "POST /api/v1/cron/execute-orders/?token=5Pm-SoiK_WTo2hU1sfsprv4qaUTqp_s0rdbdag45k9M= HTTP/1.1" 200 168
[2025-12-01 00:11:00,766] INFO django.server /Users/NETPHIX_DEV/Desktop/crypto-trading-broker/.venv/lib/python3.13/site-packages/django/core/servers/basehttp.py:213 - "POST /api/v1/cron/expire-orders/?token=5Pm-SoiK_WTo2hU1sfsprv4qaUTqp_s0rdbdag45k9M= HTTP/1.1" 200 131
[2025-12-01 00:11:11,713] INFO django.server /Users/NETPHIX_DEV/Desktop/crypto-trading-broker/.venv/lib/python3.13/site-packages/django/core/servers/basehttp.py:213 - "POST /api/v1/cron/update-positions/?token=5Pm-SoiK_WTo2hU1sfsprv4qaUTqp_s0rdbdag45k9M= HTTP/1.1" 200 420
[2025-12-01 00:12:00,608] INFO django.server /Users/NETPHIX_DEV/Desktop/crypto-trading-broker/.venv/lib/python3.13/site-packages/django/core/servers/basehttp.py:213 - "POST /api/v1/cron/execute-orders/?token=5Pm-SoiK_WTo2hU1sfsprv4qaUTqp_s0rdbdag45k9M= HTTP/1.1" 200 168
[2025-12-01 00:12:00,741] INFO django.server /Users/NETPHIX_DEV/Desktop/crypto-trading-broker/.venv/lib/python3.13/site-packages/django/core/servers/basehttp.py:213 - "POST /api/v1/cron/expire-orders/?token=5Pm-SoiK_WTo2hU1sfsprv4qaUTqp_s0rdbdag45k9M= HTTP/1.1" 200 131
[2025-12-01 00:12:06,956] INFO django.server /Users/NETPHIX_DEV/Desktop/crypto-trading-broker/.venv/lib/python3.13/site-packages/django/core/servers/basehttp.py:213 - "POST /api/v1/cron/update-positions/?token=5Pm-SoiK_WTo2hU1sfsprv4qaUTqp_s0rdbdag45k9M= HTTP/1.1" 200 420
[2025-12-01 00:13:00,693] INFO django.server /Users/NETPHIX_DEV/Desktop/crypto-trading-broker/.venv/lib/python3.13/site-packages/django/core/servers/basehttp.py:213 - "POST /api/v1/cron/execute-orders/?token=5Pm-SoiK_WTo2hU1sfsprv4qaUTqp_s0rdbdag45k9M= HTTP/1.1" 200 168
[2025-12-01 00:13:00,995] INFO django.server /Users/NETPHIX_DEV/Desktop/crypto-trading-broker/.venv/lib/python3.13/site-packages/django/core/servers/basehttp.py:213 - "POST /api/v1/cron/expire-orders/?token=5Pm-SoiK_WTo2hU1sfsprv4qaUTqp_s0rdbdag45k9M= HTTP/1.1" 200 131
[2025-12-01 00:13:11,025] INFO django.server /Users/NETPHIX_DEV/Desktop/crypto-trading-broker/.venv/lib/python3.13/site-packages/django/core/servers/basehttp.py:213 - "POST /api/v1/cron/update-positions/?token=5Pm-SoiK_WTo2hU1sfsprv4qaUTqp_s0rdbdag45k9M= HTTP/1.1" 200 420
[2025-12-01 00:13:11,568] INFO django.server /Users/NETPHIX_DEV/Desktop/crypto-trading-broker/.venv/lib/python3.13/site-packages/django/core/servers/basehttp.py:213 - "GET /dashboard/trading-view/1/ HTTP/1.1" 200 119591
[2025-12-01 00:13:11,726] WARNING django.server /Users/NETPHIX_DEV/Desktop/crypto-trading-broker/.venv/lib/python3.13/site-packages/django/core/servers/basehttp.py:213 - "GET /.well-known/appspecific/com.chrome.devtools.json HTTP/1.1" 404 20610
[2025-12-01 00:13:12,564] INFO django.server /Users/NETPHIX_DEV/Desktop/crypto-trading-broker/.venv/lib/python3.13/site-packages/django/core/servers/basehttp.py:213 - "GET /api/v1/trading/config/ HTTP/1.1" 200 1299
[2025-12-01 00:13:12,715] INFO django.server /Users/NETPHIX_DEV/Desktop/crypto-trading-broker/.venv/lib/python3.13/site-packages/django/core/servers/basehttp.py:213 - "GET /api/v1/orders/trading_summary/ HTTP/1.1" 200 291
[2025-12-01 00:13:12,742] INFO django.server /Users/NETPHIX_DEV/Desktop/crypto-trading-broker/.venv/lib/python3.13/site-packages/django/core/servers/basehttp.py:213 - "GET /api/v1/positions/ HTTP/1.1" 200 4959
[2025-12-01 00:13:12,780] INFO django.server /Users/NETPHIX_DEV/Desktop/crypto-trading-broker/.venv/lib/python3.13/site-packages/django/core/servers/basehttp.py:213 - "GET /api/v1/orders/ HTTP/1.1" 200 15744
[2025-12-01 00:13:12,798] INFO django.server /Users/NETPHIX_DEV/Desktop/crypto-trading-broker/.venv/lib/python3.13/site-packages/django/core/servers/basehttp.py:213 - "GET /api/v1/trading-pairs/1/ HTTP/1.1" 200 590
[2025-12-01 00:13:14,468] INFO django.server /Users/NETPHIX_DEV/Desktop/crypto-trading-broker/.venv/lib/python3.13/site-packages/django/core/servers/basehttp.py:213 - "GET /api/v1/trading-pairs/1/market_data/ HTTP/1.1" 200 335
[2025-12-01 00:13:14,494] INFO django.server /Users/NETPHIX_DEV/Desktop/crypto-trading-broker/.venv/lib/python3.13/site-packages/django/core/servers/basehttp.py:213 - "GET /api/v1/accounts/balance/ HTTP/1.1" 200 353
[2025-12-01 00:13:14,575] INFO django.server /Users/NETPHIX_DEV/Desktop/crypto-trading-broker/.venv/lib/python3.13/site-packages/django/core/servers/basehttp.py:213 - "GET /api/v1/positions/ HTTP/1.1" 200 4959
[2025-12-01 00:13:14,646] INFO django.server /Users/NETPHIX_DEV/Desktop/crypto-trading-broker/.venv/lib/python3.13/site-packages/django/core/servers/basehttp.py:213 - "GET /api/v1/orders/ HTTP/1.1" 200 15744
[2025-12-01 00:13:14,683] INFO django.server /Users/NETPHIX_DEV/Desktop/crypto-trading-broker/.venv/lib/python3.13/site-packages/django/core/servers/basehttp.py:213 - "GET /api/v1/transactions/?trading_pair=1 HTTP/1.1" 200 1222
[2025-12-01 00:14:00,603] INFO django.server /Users/NETPHIX_DEV/Desktop/crypto-trading-broker/.venv/lib/python3.13/site-packages/django/core/servers/basehttp.py:213 - "POST /api/v1/cron/execute-orders/?token=5Pm-SoiK_WTo2hU1sfsprv4qaUTqp_s0rdbdag45k9M= HTTP/1.1" 200 168
[2025-12-01 00:14:00,604] INFO django.server /Users/NETPHIX_DEV/Desktop/crypto-trading-broker/.venv/lib/python3.13/site-packages/django/core/servers/basehttp.py:213 - "POST /api/v1/cron/expire-orders/?token=5Pm-SoiK_WTo2hU1sfsprv4qaUTqp_s0rdbdag45k9M= HTTP/1.1" 200 131
[2025-12-01 00:14:07,329] INFO django.server /Users/NETPHIX_DEV/Desktop/crypto-trading-broker/.venv/lib/python3.13/site-packages/django/core/servers/basehttp.py:213 - "POST /api/v1/cron/update-positions/?token=5Pm-SoiK_WTo2hU1sfsprv4qaUTqp_s0rdbdag45k9M= HTTP/1.1" 200 420
[2025-12-01 00:15:01,901] INFO django.server /Users/NETPHIX_DEV/Desktop/crypto-trading-broker/.venv/lib/python3.13/site-packages/django/core/servers/basehttp.py:213 - "POST /api/v1/cron/expire-orders/?token=5Pm-SoiK_WTo2hU1sfsprv4qaUTqp_s0rdbdag45k9M= HTTP/1.1" 200 131
[2025-12-01 00:15:02,041] INFO django.server /Users/NETPHIX_DEV/Desktop/crypto-trading-broker/.venv/lib/python3.13/site-packages/django/core/servers/basehttp.py:213 - "POST /api/v1/cron/execute-orders/?token=5Pm-SoiK_WTo2hU1sfsprv4qaUTqp_s0rdbdag45k9M= HTTP/1.1" 200 168
[2025-12-01 00:15:13,093] INFO django.server /Users/NETPHIX_DEV/Desktop/crypto-trading-broker/.venv/lib/python3.13/site-packages/django/core/servers/basehttp.py:213 - "POST /api/v1/cron/update-positions/?token=5Pm-SoiK_WTo2hU1sfsprv4qaUTqp_s0rdbdag45k9M= HTTP/1.1" 200 420
[2025-12-01 00:16:00,550] INFO django.server /Users/NETPHIX_DEV/Desktop/crypto-trading-broker/.venv/lib/python3.13/site-packages/django/core/servers/basehttp.py:213 - "POST /api/v1/cron/expire-orders/?token=5Pm-SoiK_WTo2hU1sfsprv4qaUTqp_s0rdbdag45k9M= HTTP/1.1" 200 131
[2025-12-01 00:16:00,609] INFO django.server /Users/NETPHIX_DEV/Desktop/crypto-trading-broker/.venv/lib/python3.13/site-packages/django/core/servers/basehttp.py:213 - "POST /api/v1/cron/execute-orders/?token=5Pm-SoiK_WTo2hU1sfsprv4qaUTqp_s0rdbdag45k9M= HTTP/1.1" 200 168
[2025-12-01 00:16:06,751] INFO django.server /Users/NETPHIX_DEV/Desktop/crypto-trading-broker/.venv/lib/python3.13/site-packages/django/core/servers/basehttp.py:213 - "POST /api/v1/cron/update-positions/?token=5Pm-SoiK_WTo2hU1sfsprv4qaUTqp_s0rdbdag45k9M= HTTP/1.1" 200 420
[2025-12-01 00:17:00,575] INFO django.server /Users/NETPHIX_DEV/Desktop/crypto-trading-broker/.venv/lib/python3.13/site-packages/django/core/servers/basehttp.py:213 - "POST /api/v1/cron/execute-orders/?token=5Pm-SoiK_WTo2hU1sfsprv4qaUTqp_s0rdbdag45k9M= HTTP/1.1" 200 168
[2025-12-01 00:17:00,631] INFO django.server /Users/NETPHIX_DEV/Desktop/crypto-trading-broker/.venv/lib/python3.13/site-packages/django/core/servers/basehttp.py:213 - "POST /api/v1/cron/expire-orders/?token=5Pm-SoiK_WTo2hU1sfsprv4qaUTqp_s0rdbdag45k9M= HTTP/1.1" 200 131
[2025-12-01 00:17:11,145] INFO django.server /Users/NETPHIX_DEV/Desktop/crypto-trading-broker/.venv/lib/python3.13/site-packages/django/core/servers/basehttp.py:213 - "POST /api/v1/cron/update-positions/?token=5Pm-SoiK_WTo2hU1sfsprv4qaUTqp_s0rdbdag45k9M= HTTP/1.1" 200 420
[2025-12-01 00:18:00,410] INFO django.server /Users/NETPHIX_DEV/Desktop/crypto-trading-broker/.venv/lib/python3.13/site-packages/django/core/servers/basehttp.py:213 - "POST /api/v1/cron/expire-orders/?token=5Pm-SoiK_WTo2hU1sfsprv4qaUTqp_s0rdbdag45k9M= HTTP/1.1" 200 131
[2025-12-01 00:18:00,556] INFO django.server /Users/NETPHIX_DEV/Desktop/crypto-trading-broker/.venv/lib/python3.13/site-packages/django/core/servers/basehttp.py:213 - "POST /api/v1/cron/execute-orders/?token=5Pm-SoiK_WTo2hU1sfsprv4qaUTqp_s0rdbdag45k9M= HTTP/1.1" 200 168
[2025-12-01 00:18:07,744] INFO django.server /Users/NETPHIX_DEV/Desktop/crypto-trading-broker/.venv/lib/python3.13/site-packages/django/core/servers/basehttp.py:213 - "POST /api/v1/cron/update-positions/?token=5Pm-SoiK_WTo2hU1sfsprv4qaUTqp_s0rdbdag45k9M= HTTP/1.1" 200 420
[2025-12-01 00:19:00,608] INFO django.server /Users/NETPHIX_DEV/Desktop/crypto-trading-broker/.venv/lib/python3.13/site-packages/django/core/servers/basehttp.py:213 - "POST /api/v1/cron/expire-orders/?token=5Pm-SoiK_WTo2hU1sfsprv4qaUTqp_s0rdbdag45k9M= HTTP/1.1" 200 131
[2025-12-01 00:19:00,681] INFO django.server /Users/NETPHIX_DEV/Desktop/crypto-trading-broker/.venv/lib/python3.13/site-packages/django/core/servers/basehttp.py:213 - "POST /api/v1/cron/execute-orders/?token=5Pm-SoiK_WTo2hU1sfsprv4qaUTqp_s0rdbdag45k9M= HTTP/1.1" 200 168
[2025-12-01 00:19:11,858] INFO django.server /Users/NETPHIX_DEV/Desktop/crypto-trading-broker/.venv/lib/python3.13/site-packages/django/core/servers/basehttp.py:213 - "POST /api/v1/cron/update-positions/?token=5Pm-SoiK_WTo2hU1sfsprv4qaUTqp_s0rdbdag45k9M= HTTP/1.1" 200 420
[2025-12-01 00:20:02,040] INFO django.server /Users/NETPHIX_DEV/Desktop/crypto-trading-broker/.venv/lib/python3.13/site-packages/django/core/servers/basehttp.py:213 - "POST /api/v1/cron/expire-orders/?token=5Pm-SoiK_WTo2hU1sfsprv4qaUTqp_s0rdbdag45k9M= HTTP/1.1" 200 131
[2025-12-01 00:20:02,191] INFO django.server /Users/NETPHIX_DEV/Desktop/crypto-trading-broker/.venv/lib/python3.13/site-packages/django/core/servers/basehttp.py:213 - "POST /api/v1/cron/execute-orders/?token=5Pm-SoiK_WTo2hU1sfsprv4qaUTqp_s0rdbdag45k9M= HTTP/1.1" 200 168
[2025-12-01 00:20:02,338] INFO django.server /Users/NETPHIX_DEV/Desktop/crypto-trading-broker/.venv/lib/python3.13/site-packages/django/core/servers/basehttp.py:213 - "GET /dashboard/trading-view/1/ HTTP/1.1" 200 119591
[2025-12-01 00:20:02,538] WARNING django.server /Users/NETPHIX_DEV/Desktop/crypto-trading-broker/.venv/lib/python3.13/site-packages/django/core/servers/basehttp.py:213 - "GET /.well-known/appspecific/com.chrome.devtools.json HTTP/1.1" 404 20610
[2025-12-01 00:20:03,590] INFO django.server /Users/NETPHIX_DEV/Desktop/crypto-trading-broker/.venv/lib/python3.13/site-packages/django/core/servers/basehttp.py:213 - "GET /static/assets/scripts/api.js HTTP/1.1" 200 32690
[2025-12-01 00:20:03,596] INFO django.server /Users/NETPHIX_DEV/Desktop/crypto-trading-broker/.venv/lib/python3.13/site-packages/django/core/servers/basehttp.py:213 - "GET /static/assets/scripts/order-handler.js HTTP/1.1" 200 16489
[2025-12-01 00:20:03,603] INFO django.server /Users/NETPHIX_DEV/Desktop/crypto-trading-broker/.venv/lib/python3.13/site-packages/django/core/servers/basehttp.py:213 - "GET /static/assets/scripts/trading-single.js HTTP/1.1" 200 42084
[2025-12-01 00:20:04,596] INFO django.server /Users/NETPHIX_DEV/Desktop/crypto-trading-broker/.venv/lib/python3.13/site-packages/django/core/servers/basehttp.py:213 - "GET /api/v1/trading/config/ HTTP/1.1" 200 1299
[2025-12-01 00:20:04,709] INFO django.server /Users/NETPHIX_DEV/Desktop/crypto-trading-broker/.venv/lib/python3.13/site-packages/django/core/servers/basehttp.py:213 - "GET /api/v1/orders/trading_summary/ HTTP/1.1" 200 291
[2025-12-01 00:20:04,750] INFO django.server /Users/NETPHIX_DEV/Desktop/crypto-trading-broker/.venv/lib/python3.13/site-packages/django/core/servers/basehttp.py:213 - "GET /api/v1/positions/ HTTP/1.1" 200 4960
[2025-12-01 00:20:04,824] INFO django.server /Users/NETPHIX_DEV/Desktop/crypto-trading-broker/.venv/lib/python3.13/site-packages/django/core/servers/basehttp.py:213 - "GET /api/v1/orders/ HTTP/1.1" 200 15744
[2025-12-01 00:20:04,846] INFO django.server /Users/NETPHIX_DEV/Desktop/crypto-trading-broker/.venv/lib/python3.13/site-packages/django/core/servers/basehttp.py:213 - "GET /api/v1/trading-pairs/1/ HTTP/1.1" 200 590
[2025-12-01 00:20:06,903] INFO django.server /Users/NETPHIX_DEV/Desktop/crypto-trading-broker/.venv/lib/python3.13/site-packages/django/core/servers/basehttp.py:213 - "GET /api/v1/trading-pairs/1/market_data/ HTTP/1.1" 200 336
[2025-12-01 00:20:06,927] INFO django.server /Users/NETPHIX_DEV/Desktop/crypto-trading-broker/.venv/lib/python3.13/site-packages/django/core/servers/basehttp.py:213 - "GET /api/v1/accounts/balance/ HTTP/1.1" 200 353
[2025-12-01 00:20:06,958] INFO django.server /Users/NETPHIX_DEV/Desktop/crypto-trading-broker/.venv/lib/python3.13/site-packages/django/core/servers/basehttp.py:213 - "GET /api/v1/positions/ HTTP/1.1" 200 4960
[2025-12-01 00:20:07,007] INFO django.server /Users/NETPHIX_DEV/Desktop/crypto-trading-broker/.venv/lib/python3.13/site-packages/django/core/servers/basehttp.py:213 - "GET /api/v1/orders/ HTTP/1.1" 200 15744
[2025-12-01 00:20:07,067] INFO django.server /Users/NETPHIX_DEV/Desktop/crypto-trading-broker/.venv/lib/python3.13/site-packages/django/core/servers/basehttp.py:213 - "GET /api/v1/transactions/?trading_pair=1 HTTP/1.1" 200 1222
[2025-12-01 00:20:08,960] INFO django.server /Users/NETPHIX_DEV/Desktop/crypto-trading-broker/.venv/lib/python3.13/site-packages/django/core/servers/basehttp.py:213 - "POST /api/v1/cron/update-positions/?token=5Pm-SoiK_WTo2hU1sfsprv4qaUTqp_s0rdbdag45k9M= HTTP/1.1" 200 420
[2025-12-01 00:20:15,418] INFO django.server /Users/NETPHIX_DEV/Desktop/crypto-trading-broker/.venv/lib/python3.13/site-packages/django/core/servers/basehttp.py:213 - "GET /static/assets/img/XoR8MfdPTzQDfF4JVKuMIQhGj8HmCdPoBxveN4vK.png HTTP/1.1" 200 8868
[2025-12-01 00:20:30,665] ERROR django.server /Users/NETPHIX_DEV/Desktop/crypto-trading-broker/.venv/lib/python3.13/site-packages/django/core/servers/basehttp.py:213 - "POST /api/v1/positions/5/close/ HTTP/1.1" 500 36
[2025-12-01 00:21:00,621] INFO django.server /Users/NETPHIX_DEV/Desktop/crypto-trading-broker/.venv/lib/python3.13/site-packages/django/core/servers/basehttp.py:213 - "POST /api/v1/cron/expire-orders/?token=5Pm-SoiK_WTo2hU1sfsprv4qaUTqp_s0rdbdag45k9M= HTTP/1.1" 200 131
[2025-12-01 00:21:00,662] INFO django.server /Users/NETPHIX_DEV/Desktop/crypto-trading-broker/.venv/lib/python3.13/site-packages/django/core/servers/basehttp.py:213 - "POST /api/v1/cron/execute-orders/?token=5Pm-SoiK_WTo2hU1sfsprv4qaUTqp_s0rdbdag45k9M= HTTP/1.1" 200 168
[2025-12-01 00:21:11,817] INFO django.server /Users/NETPHIX_DEV/Desktop/crypto-trading-broker/.venv/lib/python3.13/site-packages/django/core/servers/basehttp.py:213 - "POST /api/v1/cron/update-positions/?token=5Pm-SoiK_WTo2hU1sfsprv4qaUTqp_s0rdbdag45k9M= HTTP/1.1" 200 420
[2025-12-01 00:22:00,717] INFO django.server /Users/NETPHIX_DEV/Desktop/crypto-trading-broker/.venv/lib/python3.13/site-packages/django/core/servers/basehttp.py:213 - "POST /api/v1/cron/expire-orders/?token=5Pm-SoiK_WTo2hU1sfsprv4qaUTqp_s0rdbdag45k9M= HTTP/1.1" 200 131
[2025-12-01 00:22:00,720] INFO django.server /Users/NETPHIX_DEV/Desktop/crypto-trading-broker/.venv/lib/python3.13/site-packages/django/core/servers/basehttp.py:213 - "POST /api/v1/cron/execute-orders/?token=5Pm-SoiK_WTo2hU1sfsprv4qaUTqp_s0rdbdag45k9M= HTTP/1.1" 200 168
[2025-12-01 00:22:07,094] INFO django.server /Users/NETPHIX_DEV/Desktop/crypto-trading-broker/.venv/lib/python3.13/site-packages/django/core/servers/basehttp.py:213 - "POST /api/v1/cron/update-positions/?token=5Pm-SoiK_WTo2hU1sfsprv4qaUTqp_s0rdbdag45k9M= HTTP/1.1" 200 420
[2025-12-01 00:23:00,596] INFO django.server /Users/NETPHIX_DEV/Desktop/crypto-trading-broker/.venv/lib/python3.13/site-packages/django/core/servers/basehttp.py:213 - "POST /api/v1/cron/expire-orders/?token=5Pm-SoiK_WTo2hU1sfsprv4qaUTqp_s0rdbdag45k9M= HTTP/1.1" 200 131
[2025-12-01 00:23:00,639] INFO django.server /Users/NETPHIX_DEV/Desktop/crypto-trading-broker/.venv/lib/python3.13/site-packages/django/core/servers/basehttp.py:213 - "POST /api/v1/cron/execute-orders/?token=5Pm-SoiK_WTo2hU1sfsprv4qaUTqp_s0rdbdag45k9M= HTTP/1.1" 200 168
[2025-12-01 00:23:12,391] INFO django.server /Users/NETPHIX_DEV/Desktop/crypto-trading-broker/.venv/lib/python3.13/site-packages/django/core/servers/basehttp.py:213 - "POST /api/v1/cron/update-positions/?token=5Pm-SoiK_WTo2hU1sfsprv4qaUTqp_s0rdbdag45k9M= HTTP/1.1" 200 420
[2025-12-01 00:24:00,616] INFO django.server /Users/NETPHIX_DEV/Desktop/crypto-trading-broker/.venv/lib/python3.13/site-packages/django/core/servers/basehttp.py:213 - "POST /api/v1/cron/expire-orders/?token=5Pm-SoiK_WTo2hU1sfsprv4qaUTqp_s0rdbdag45k9M= HTTP/1.1" 200 131
[2025-12-01 00:24:00,625] INFO django.server /Users/NETPHIX_DEV/Desktop/crypto-trading-broker/.venv/lib/python3.13/site-packages/django/core/servers/basehttp.py:213 - "POST /api/v1/cron/execute-orders/?token=5Pm-SoiK_WTo2hU1sfsprv4qaUTqp_s0rdbdag45k9M= HTTP/1.1" 200 168
[2025-12-01 00:24:07,388] INFO django.server /Users/NETPHIX_DEV/Desktop/crypto-trading-broker/.venv/lib/python3.13/site-packages/django/core/servers/basehttp.py:213 - "POST /api/v1/cron/update-positions/?token=5Pm-SoiK_WTo2hU1sfsprv4qaUTqp_s0rdbdag45k9M= HTTP/1.1" 200 420
[2025-12-01 00:25:00,515] INFO django.server /Users/NETPHIX_DEV/Desktop/crypto-trading-broker/.venv/lib/python3.13/site-packages/django/core/servers/basehttp.py:213 - "POST /api/v1/cron/expire-orders/?token=5Pm-SoiK_WTo2hU1sfsprv4qaUTqp_s0rdbdag45k9M= HTTP/1.1" 200 131
[2025-12-01 00:25:01,235] INFO django.server /Users/NETPHIX_DEV/Desktop/crypto-trading-broker/.venv/lib/python3.13/site-packages/django/core/servers/basehttp.py:213 - "POST /api/v1/cron/execute-orders/?token=5Pm-SoiK_WTo2hU1sfsprv4qaUTqp_s0rdbdag45k9M= HTTP/1.1" 200 168
[2025-12-01 00:25:11,528] INFO django.server /Users/NETPHIX_DEV/Desktop/crypto-trading-broker/.venv/lib/python3.13/site-packages/django/core/servers/basehttp.py:213 - "POST /api/v1/cron/update-positions/?token=5Pm-SoiK_WTo2hU1sfsprv4qaUTqp_s0rdbdag45k9M= HTTP/1.1" 200 420
[2025-12-01 00:26:00,594] INFO django.server /Users/NETPHIX_DEV/Desktop/crypto-trading-broker/.venv/lib/python3.13/site-packages/django/core/servers/basehttp.py:213 - "POST /api/v1/cron/execute-orders/?token=5Pm-SoiK_WTo2hU1sfsprv4qaUTqp_s0rdbdag45k9M= HTTP/1.1" 200 168
[2025-12-01 00:26:00,595] INFO django.server /Users/NETPHIX_DEV/Desktop/crypto-trading-broker/.venv/lib/python3.13/site-packages/django/core/servers/basehttp.py:213 - "POST /api/v1/cron/expire-orders/?token=5Pm-SoiK_WTo2hU1sfsprv4qaUTqp_s0rdbdag45k9M= HTTP/1.1" 200 131
[2025-12-01 00:26:07,034] INFO django.server /Users/NETPHIX_DEV/Desktop/crypto-trading-broker/.venv/lib/python3.13/site-packages/django/core/servers/basehttp.py:213 - "POST /api/v1/cron/update-positions/?token=5Pm-SoiK_WTo2hU1sfsprv4qaUTqp_s0rdbdag45k9M= HTTP/1.1" 200 420
[2025-12-01 00:27:00,659] INFO django.server /Users/NETPHIX_DEV/Desktop/crypto-trading-broker/.venv/lib/python3.13/site-packages/django/core/servers/basehttp.py:213 - "POST /api/v1/cron/expire-orders/?token=5Pm-SoiK_WTo2hU1sfsprv4qaUTqp_s0rdbdag45k9M= HTTP/1.1" 200 131
[2025-12-01 00:27:00,668] INFO django.server /Users/NETPHIX_DEV/Desktop/crypto-trading-broker/.venv/lib/python3.13/site-packages/django/core/servers/basehttp.py:213 - "POST /api/v1/cron/execute-orders/?token=5Pm-SoiK_WTo2hU1sfsprv4qaUTqp_s0rdbdag45k9M= HTTP/1.1" 200 168
[2025-12-01 00:27:14,339] INFO django.server /Users/NETPHIX_DEV/Desktop/crypto-trading-broker/.venv/lib/python3.13/site-packages/django/core/servers/basehttp.py:213 - "POST /api/v1/cron/update-positions/?token=5Pm-SoiK_WTo2hU1sfsprv4qaUTqp_s0rdbdag45k9M= HTTP/1.1" 200 420
[2025-12-01 00:27:35,043] WARNING django.server /Users/NETPHIX_DEV/Desktop/crypto-trading-broker/.venv/lib/python3.13/site-packages/django/core/servers/basehttp.py:213 - "GET /api/v1/positions/ HTTP/1.1" 401 172
[2025-12-01 00:28:00,664] INFO django.server /Users/NETPHIX_DEV/Desktop/crypto-trading-broker/.venv/lib/python3.13/site-packages/django/core/servers/basehttp.py:213 - "POST /api/v1/cron/expire-orders/?token=5Pm-SoiK_WTo2hU1sfsprv4qaUTqp_s0rdbdag45k9M= HTTP/1.1" 200 131
[2025-12-01 00:28:00,716] INFO django.server /Users/NETPHIX_DEV/Desktop/crypto-trading-broker/.venv/lib/python3.13/site-packages/django/core/servers/basehttp.py:213 - "POST /api/v1/cron/execute-orders/?token=5Pm-SoiK_WTo2hU1sfsprv4qaUTqp_s0rdbdag45k9M= HTTP/1.1" 200 168
[2025-12-01 00:28:08,275] INFO django.server /Users/NETPHIX_DEV/Desktop/crypto-trading-broker/.venv/lib/python3.13/site-packages/django/core/servers/basehttp.py:213 - "POST /api/v1/cron/update-positions/?token=5Pm-SoiK_WTo2hU1sfsprv4qaUTqp_s0rdbdag45k9M= HTTP/1.1" 200 420
[2025-12-01 00:28:13,985] WARNING django.server /Users/NETPHIX_DEV/Desktop/crypto-trading-broker/.venv/lib/python3.13/site-packages/django/core/servers/basehttp.py:213 - "GET /api/v1/positions/ HTTP/1.1" 401 172
[2025-12-01 00:28:18,066] WARNING django.server /Users/NETPHIX_DEV/Desktop/crypto-trading-broker/.venv/lib/python3.13/site-packages/django/core/servers/basehttp.py:213 - "GET /api/v1/transactions/?trading_pair=1 HTTP/1.1" 401 172
[2025-12-01 00:28:25,635] INFO django.server /Users/NETPHIX_DEV/Desktop/crypto-trading-broker/.venv/lib/python3.13/site-packages/django/core/servers/basehttp.py:213 - "POST /api/v1/auth/login/ HTTP/1.1" 200 863
[2025-12-01 00:28:39,993] INFO django.server /Users/NETPHIX_DEV/Desktop/crypto-trading-broker/.venv/lib/python3.13/site-packages/django/core/servers/basehttp.py:213 - "GET /api/v1/positions/ HTTP/1.1" 200 4959
[2025-12-01 00:29:00,757] INFO django.server /Users/NETPHIX_DEV/Desktop/crypto-trading-broker/.venv/lib/python3.13/site-packages/django/core/servers/basehttp.py:213 - "POST /api/v1/cron/expire-orders/?token=5Pm-SoiK_WTo2hU1sfsprv4qaUTqp_s0rdbdag45k9M= HTTP/1.1" 200 131
[2025-12-01 00:29:00,761] INFO django.server /Users/NETPHIX_DEV/Desktop/crypto-trading-broker/.venv/lib/python3.13/site-packages/django/core/servers/basehttp.py:213 - "POST /api/v1/cron/execute-orders/?token=5Pm-SoiK_WTo2hU1sfsprv4qaUTqp_s0rdbdag45k9M= HTTP/1.1" 200 168
[2025-12-01 00:29:11,849] INFO django.server /Users/NETPHIX_DEV/Desktop/crypto-trading-broker/.venv/lib/python3.13/site-packages/django/core/servers/basehttp.py:213 - "POST /api/v1/cron/update-positions/?token=5Pm-SoiK_WTo2hU1sfsprv4qaUTqp_s0rdbdag45k9M= HTTP/1.1" 200 420
[2025-12-01 00:30:02,948] INFO django.server /Users/NETPHIX_DEV/Desktop/crypto-trading-broker/.venv/lib/python3.13/site-packages/django/core/servers/basehttp.py:213 - "POST /api/v1/cron/execute-orders/?token=5Pm-SoiK_WTo2hU1sfsprv4qaUTqp_s0rdbdag45k9M= HTTP/1.1" 200 168
[2025-12-01 00:30:02,988] INFO django.server /Users/NETPHIX_DEV/Desktop/crypto-trading-broker/.venv/lib/python3.13/site-packages/django/core/servers/basehttp.py:213 - "POST /api/v1/cron/expire-orders/?token=5Pm-SoiK_WTo2hU1sfsprv4qaUTqp_s0rdbdag45k9M= HTTP/1.1" 200 131
[2025-12-01 00:30:09,831] INFO django.server /Users/NETPHIX_DEV/Desktop/crypto-trading-broker/.venv/lib/python3.13/site-packages/django/core/servers/basehttp.py:213 - "POST /api/v1/cron/update-positions/?token=5Pm-SoiK_WTo2hU1sfsprv4qaUTqp_s0rdbdag45k9M= HTTP/1.1" 200 420
[2025-12-01 00:31:00,712] INFO django.server /Users/NETPHIX_DEV/Desktop/crypto-trading-broker/.venv/lib/python3.13/site-packages/django/core/servers/basehttp.py:213 - "POST /api/v1/cron/expire-orders/?token=5Pm-SoiK_WTo2hU1sfsprv4qaUTqp_s0rdbdag45k9M= HTTP/1.1" 200 131
[2025-12-01 00:31:00,740] INFO django.server /Users/NETPHIX_DEV/Desktop/crypto-trading-broker/.venv/lib/python3.13/site-packages/django/core/servers/basehttp.py:213 - "POST /api/v1/cron/execute-orders/?token=5Pm-SoiK_WTo2hU1sfsprv4qaUTqp_s0rdbdag45k9M= HTTP/1.1" 200 168
[2025-12-01 00:31:13,070] INFO django.server /Users/NETPHIX_DEV/Desktop/crypto-trading-broker/.venv/lib/python3.13/site-packages/django/core/servers/basehttp.py:213 - "POST /api/v1/cron/update-positions/?token=5Pm-SoiK_WTo2hU1sfsprv4qaUTqp_s0rdbdag45k9M= HTTP/1.1" 200 420
[2025-12-01 00:31:55,056] INFO django.utils.autoreload /Users/NETPHIX_DEV/Desktop/crypto-trading-broker/.venv/lib/python3.13/site-packages/django/utils/autoreload.py:265 - /Users/NETPHIX_DEV/Desktop/crypto-trading-broker/trading/services/order_service.py changed, reloading.
[2025-12-01 00:31:55,056] INFO django.utils.autoreload /Users/NETPHIX_DEV/Desktop/crypto-trading-broker/.venv/lib/python3.13/site-packages/django/utils/autoreload.py:265 - /Users/NETPHIX_DEV/Desktop/crypto-trading-broker/trading/services/order_service.py changed, reloading.
[2025-12-01 00:31:57,319] INFO django.utils.autoreload /Users/NETPHIX_DEV/Desktop/crypto-trading-broker/.venv/lib/python3.13/site-packages/django/utils/autoreload.py:667 - Watching for file changes with StatReloader
[2025-12-01 00:31:57,319] INFO django.utils.autoreload /Users/NETPHIX_DEV/Desktop/crypto-trading-broker/.venv/lib/python3.13/site-packages/django/utils/autoreload.py:667 - Watching for file changes with StatReloader
[2025-12-01 00:32:00,584] INFO django.server /Users/NETPHIX_DEV/Desktop/crypto-trading-broker/.venv/lib/python3.13/site-packages/django/core/servers/basehttp.py:213 - "POST /api/v1/cron/execute-orders/?token=5Pm-SoiK_WTo2hU1sfsprv4qaUTqp_s0rdbdag45k9M= HTTP/1.1" 200 168
[2025-12-01 00:32:00,665] INFO django.server /Users/NETPHIX_DEV/Desktop/crypto-trading-broker/.venv/lib/python3.13/site-packages/django/core/servers/basehttp.py:213 - "POST /api/v1/cron/expire-orders/?token=5Pm-SoiK_WTo2hU1sfsprv4qaUTqp_s0rdbdag45k9M= HTTP/1.1" 200 131
[2025-12-01 00:32:12,782] INFO django.server /Users/NETPHIX_DEV/Desktop/crypto-trading-broker/.venv/lib/python3.13/site-packages/django/core/servers/basehttp.py:213 - "POST /api/v1/cron/update-positions/?token=5Pm-SoiK_WTo2hU1sfsprv4qaUTqp_s0rdbdag45k9M= HTTP/1.1" 200 421
[2025-12-01 00:32:52,681] INFO django.utils.autoreload /Users/NETPHIX_DEV/Desktop/crypto-trading-broker/.venv/lib/python3.13/site-packages/django/utils/autoreload.py:265 - /Users/NETPHIX_DEV/Desktop/crypto-trading-broker/trading/views.py changed, reloading.
[2025-12-01 00:32:53,006] INFO django.utils.autoreload /Users/NETPHIX_DEV/Desktop/crypto-trading-broker/.venv/lib/python3.13/site-packages/django/utils/autoreload.py:265 - /Users/NETPHIX_DEV/Desktop/crypto-trading-broker/trading/views.py changed, reloading.
[2025-12-01 00:32:54,771] INFO django.utils.autoreload /Users/NETPHIX_DEV/Desktop/crypto-trading-broker/.venv/lib/python3.13/site-packages/django/utils/autoreload.py:667 - Watching for file changes with StatReloader
[2025-12-01 00:32:54,851] INFO django.utils.autoreload /Users/NETPHIX_DEV/Desktop/crypto-trading-broker/.venv/lib/python3.13/site-packages/django/utils/autoreload.py:667 - Watching for file changes with StatReloader
[2025-12-01 00:32:59,097] INFO django.utils.autoreload /Users/NETPHIX_DEV/Desktop/crypto-trading-broker/.venv/lib/python3.13/site-packages/django/utils/autoreload.py:265 - /Users/NETPHIX_DEV/Desktop/crypto-trading-broker/trading/views.py changed, reloading.
[2025-12-01 00:32:59,106] INFO django.utils.autoreload /Users/NETPHIX_DEV/Desktop/crypto-trading-broker/.venv/lib/python3.13/site-packages/django/utils/autoreload.py:265 - /Users/NETPHIX_DEV/Desktop/crypto-trading-broker/trading/views.py changed, reloading.
[2025-12-01 00:33:01,303] INFO django.utils.autoreload /Users/NETPHIX_DEV/Desktop/crypto-trading-broker/.venv/lib/python3.13/site-packages/django/utils/autoreload.py:667 - Watching for file changes with StatReloader
[2025-12-01 00:33:01,304] INFO django.utils.autoreload /Users/NETPHIX_DEV/Desktop/crypto-trading-broker/.venv/lib/python3.13/site-packages/django/utils/autoreload.py:667 - Watching for file changes with StatReloader
[2025-12-01 00:33:04,688] INFO django.utils.autoreload /Users/NETPHIX_DEV/Desktop/crypto-trading-broker/.venv/lib/python3.13/site-packages/django/utils/autoreload.py:265 - /Users/NETPHIX_DEV/Desktop/crypto-trading-broker/trading/views.py changed, reloading.
[2025-12-01 00:33:04,708] INFO django.utils.autoreload /Users/NETPHIX_DEV/Desktop/crypto-trading-broker/.venv/lib/python3.13/site-packages/django/utils/autoreload.py:265 - /Users/NETPHIX_DEV/Desktop/crypto-trading-broker/trading/views.py changed, reloading.
[2025-12-01 00:33:06,625] INFO django.utils.autoreload /Users/NETPHIX_DEV/Desktop/crypto-trading-broker/.venv/lib/python3.13/site-packages/django/utils/autoreload.py:667 - Watching for file changes with StatReloader
[2025-12-01 00:33:06,625] INFO django.utils.autoreload /Users/NETPHIX_DEV/Desktop/crypto-trading-broker/.venv/lib/python3.13/site-packages/django/utils/autoreload.py:667 - Watching for file changes with StatReloader
[2025-12-01 00:33:09,540] INFO django.utils.autoreload /Users/NETPHIX_DEV/Desktop/crypto-trading-broker/.venv/lib/python3.13/site-packages/django/utils/autoreload.py:265 - /Users/NETPHIX_DEV/Desktop/crypto-trading-broker/trading/views.py changed, reloading.
[2025-12-01 00:33:09,548] INFO django.utils.autoreload /Users/NETPHIX_DEV/Desktop/crypto-trading-broker/.venv/lib/python3.13/site-packages/django/utils/autoreload.py:265 - /Users/NETPHIX_DEV/Desktop/crypto-trading-broker/trading/views.py changed, reloading.
[2025-12-01 00:33:11,169] INFO django.utils.autoreload /Users/NETPHIX_DEV/Desktop/crypto-trading-broker/.venv/lib/python3.13/site-packages/django/utils/autoreload.py:667 - Watching for file changes with StatReloader
[2025-12-01 00:33:11,169] INFO django.utils.autoreload /Users/NETPHIX_DEV/Desktop/crypto-trading-broker/.venv/lib/python3.13/site-packages/django/utils/autoreload.py:667 - Watching for file changes with StatReloader
[2025-12-01 00:33:13,494] INFO django.utils.autoreload /Users/NETPHIX_DEV/Desktop/crypto-trading-broker/.venv/lib/python3.13/site-packages/django/utils/autoreload.py:265 - /Users/NETPHIX_DEV/Desktop/crypto-trading-broker/trading/views.py changed, reloading.
[2025-12-01 00:33:13,501] INFO django.utils.autoreload /Users/NETPHIX_DEV/Desktop/crypto-trading-broker/.venv/lib/python3.13/site-packages/django/utils/autoreload.py:265 - /Users/NETPHIX_DEV/Desktop/crypto-trading-broker/trading/views.py changed, reloading.
[2025-12-01 00:33:14,969] INFO django.utils.autoreload /Users/NETPHIX_DEV/Desktop/crypto-trading-broker/.venv/lib/python3.13/site-packages/django/utils/autoreload.py:667 - Watching for file changes with StatReloader
[2025-12-01 00:33:14,969] INFO django.utils.autoreload /Users/NETPHIX_DEV/Desktop/crypto-trading-broker/.venv/lib/python3.13/site-packages/django/utils/autoreload.py:667 - Watching for file changes with StatReloader
[2025-12-01 00:33:43,667] INFO django.server /Users/NETPHIX_DEV/Desktop/crypto-trading-broker/.venv/lib/python3.13/site-packages/django/core/servers/basehttp.py:213 - "GET /dashboard/trading-view/1/ HTTP/1.1" 200 119591
[2025-12-01 00:33:43,821] INFO django.server /Users/NETPHIX_DEV/Desktop/crypto-trading-broker/.venv/lib/python3.13/site-packages/django/core/servers/basehttp.py:213 - "GET /static/assets/scripts/api.js HTTP/1.1" 304 0
[2025-12-01 00:33:43,832] INFO django.server /Users/NETPHIX_DEV/Desktop/crypto-trading-broker/.venv/lib/python3.13/site-packages/django/core/servers/basehttp.py:213 - "GET /static/assets/scripts/trading-single.js HTTP/1.1" 304 0
[2025-12-01 00:33:44,043] WARNING django.server /Users/NETPHIX_DEV/Desktop/crypto-trading-broker/.venv/lib/python3.13/site-packages/django/core/servers/basehttp.py:213 - "GET /.well-known/appspecific/com.chrome.devtools.json HTTP/1.1" 404 20610
[2025-12-01 00:33:45,124] INFO django.server /Users/NETPHIX_DEV/Desktop/crypto-trading-broker/.venv/lib/python3.13/site-packages/django/core/servers/basehttp.py:213 - "GET /api/v1/trading/config/ HTTP/1.1" 200 1299
[2025-12-01 00:33:45,222] INFO django.server /Users/NETPHIX_DEV/Desktop/crypto-trading-broker/.venv/lib/python3.13/site-packages/django/core/servers/basehttp.py:213 - "GET /api/v1/orders/trading_summary/ HTTP/1.1" 200 291
[2025-12-01 00:33:45,286] INFO django.server /Users/NETPHIX_DEV/Desktop/crypto-trading-broker/.venv/lib/python3.13/site-packages/django/core/servers/basehttp.py:213 - "GET /api/v1/positions/ HTTP/1.1" 200 4960
[2025-12-01 00:33:45,326] INFO django.server /Users/NETPHIX_DEV/Desktop/crypto-trading-broker/.venv/lib/python3.13/site-packages/django/core/servers/basehttp.py:213 - "GET /api/v1/orders/ HTTP/1.1" 200 15744
[2025-12-01 00:33:45,350] INFO django.server /Users/NETPHIX_DEV/Desktop/crypto-trading-broker/.venv/lib/python3.13/site-packages/django/core/servers/basehttp.py:213 - "GET /api/v1/trading-pairs/1/ HTTP/1.1" 200 590
[2025-12-01 00:33:48,049] INFO django.server /Users/NETPHIX_DEV/Desktop/crypto-trading-broker/.venv/lib/python3.13/site-packages/django/core/servers/basehttp.py:213 - "GET /api/v1/trading-pairs/1/market_data/ HTTP/1.1" 200 334
[2025-12-01 00:33:48,066] INFO django.server /Users/NETPHIX_DEV/Desktop/crypto-trading-broker/.venv/lib/python3.13/site-packages/django/core/servers/basehttp.py:213 - "GET /api/v1/accounts/balance/ HTTP/1.1" 200 353
[2025-12-01 00:33:48,118] INFO django.server /Users/NETPHIX_DEV/Desktop/crypto-trading-broker/.venv/lib/python3.13/site-packages/django/core/servers/basehttp.py:213 - "GET /api/v1/positions/ HTTP/1.1" 200 4960
[2025-12-01 00:33:48,164] INFO django.server /Users/NETPHIX_DEV/Desktop/crypto-trading-broker/.venv/lib/python3.13/site-packages/django/core/servers/basehttp.py:213 - "GET /api/v1/orders/ HTTP/1.1" 200 15744
[2025-12-01 00:33:48,221] INFO django.server /Users/NETPHIX_DEV/Desktop/crypto-trading-broker/.venv/lib/python3.13/site-packages/django/core/servers/basehttp.py:213 - "GET /api/v1/transactions/?trading_pair=1 HTTP/1.1" 200 1222
[2025-12-01 00:34:00,765] INFO django.server /Users/NETPHIX_DEV/Desktop/crypto-trading-broker/.venv/lib/python3.13/site-packages/django/core/servers/basehttp.py:213 - "POST /api/v1/cron/execute-orders/?token=5Pm-SoiK_WTo2hU1sfsprv4qaUTqp_s0rdbdag45k9M= HTTP/1.1" 200 168
[2025-12-01 00:34:00,768] INFO django.server /Users/NETPHIX_DEV/Desktop/crypto-trading-broker/.venv/lib/python3.13/site-packages/django/core/servers/basehttp.py:213 - "POST /api/v1/cron/expire-orders/?token=5Pm-SoiK_WTo2hU1sfsprv4qaUTqp_s0rdbdag45k9M= HTTP/1.1" 200 131
[2025-12-01 00:34:13,841] INFO django.server /Users/NETPHIX_DEV/Desktop/crypto-trading-broker/.venv/lib/python3.13/site-packages/django/core/servers/basehttp.py:213 - "POST /api/v1/cron/update-positions/?token=5Pm-SoiK_WTo2hU1sfsprv4qaUTqp_s0rdbdag45k9M= HTTP/1.1" 200 421
[2025-12-01 00:34:16,085] ERROR django.server /Users/NETPHIX_DEV/Desktop/crypto-trading-broker/.venv/lib/python3.13/site-packages/django/core/servers/basehttp.py:213 - "POST /api/v1/positions/5/close/ HTTP/1.1" 500 53
[2025-12-01 00:34:30,994] INFO django.server /Users/NETPHIX_DEV/Desktop/crypto-trading-broker/.venv/lib/python3.13/site-packages/django/core/servers/basehttp.py:213 - "GET /dashboard/trading-view/1/ HTTP/1.1" 200 119591
[2025-12-01 00:34:31,100] WARNING django.server /Users/NETPHIX_DEV/Desktop/crypto-trading-broker/.venv/lib/python3.13/site-packages/django/core/servers/basehttp.py:213 - "GET /.well-known/appspecific/com.chrome.devtools.json HTTP/1.1" 404 20610
[2025-12-01 00:34:31,989] INFO django.server /Users/NETPHIX_DEV/Desktop/crypto-trading-broker/.venv/lib/python3.13/site-packages/django/core/servers/basehttp.py:213 - "GET /static/assets/scripts/api.js HTTP/1.1" 200 32690
[2025-12-01 00:34:31,996] INFO django.server /Users/NETPHIX_DEV/Desktop/crypto-trading-broker/.venv/lib/python3.13/site-packages/django/core/servers/basehttp.py:213 - "GET /static/assets/scripts/order-handler.js HTTP/1.1" 200 16489
[2025-12-01 00:34:32,002] INFO django.server /Users/NETPHIX_DEV/Desktop/crypto-trading-broker/.venv/lib/python3.13/site-packages/django/core/servers/basehttp.py:213 - "GET /static/assets/scripts/trading-single.js HTTP/1.1" 200 42084
[2025-12-01 00:34:33,240] INFO django.server /Users/NETPHIX_DEV/Desktop/crypto-trading-broker/.venv/lib/python3.13/site-packages/django/core/servers/basehttp.py:213 - "GET /api/v1/trading/config/ HTTP/1.1" 200 1299
[2025-12-01 00:34:33,326] INFO django.server /Users/NETPHIX_DEV/Desktop/crypto-trading-broker/.venv/lib/python3.13/site-packages/django/core/servers/basehttp.py:213 - "GET /api/v1/orders/trading_summary/ HTTP/1.1" 200 292
[2025-12-01 00:34:33,347] INFO django.server /Users/NETPHIX_DEV/Desktop/crypto-trading-broker/.venv/lib/python3.13/site-packages/django/core/servers/basehttp.py:213 - "GET /api/v1/positions/ HTTP/1.1" 200 4956
[2025-12-01 00:34:33,370] INFO django.server /Users/NETPHIX_DEV/Desktop/crypto-trading-broker/.venv/lib/python3.13/site-packages/django/core/servers/basehttp.py:213 - "GET /api/v1/orders/ HTTP/1.1" 200 15744
[2025-12-01 00:34:33,382] INFO django.server /Users/NETPHIX_DEV/Desktop/crypto-trading-broker/.venv/lib/python3.13/site-packages/django/core/servers/basehttp.py:213 - "GET /api/v1/trading-pairs/1/ HTTP/1.1" 200 590
[2025-12-01 00:34:35,112] INFO django.server /Users/NETPHIX_DEV/Desktop/crypto-trading-broker/.venv/lib/python3.13/site-packages/django/core/servers/basehttp.py:213 - "GET /api/v1/trading-pairs/1/market_data/ HTTP/1.1" 200 334
[2025-12-01 00:34:35,131] INFO django.server /Users/NETPHIX_DEV/Desktop/crypto-trading-broker/.venv/lib/python3.13/site-packages/django/core/servers/basehttp.py:213 - "GET /api/v1/accounts/balance/ HTTP/1.1" 200 353
[2025-12-01 00:34:35,169] INFO django.server /Users/NETPHIX_DEV/Desktop/crypto-trading-broker/.venv/lib/python3.13/site-packages/django/core/servers/basehttp.py:213 - "GET /api/v1/positions/ HTTP/1.1" 200 4956
[2025-12-01 00:34:35,236] INFO django.server /Users/NETPHIX_DEV/Desktop/crypto-trading-broker/.venv/lib/python3.13/site-packages/django/core/servers/basehttp.py:213 - "GET /api/v1/orders/ HTTP/1.1" 200 15744
[2025-12-01 00:34:35,349] INFO django.server /Users/NETPHIX_DEV/Desktop/crypto-trading-broker/.venv/lib/python3.13/site-packages/django/core/servers/basehttp.py:213 - "GET /static/assets/img/XoR8MfdPTzQDfF4JVKuMIQhGj8HmCdPoBxveN4vK.png HTTP/1.1" 200 8868
[2025-12-01 00:34:35,351] INFO django.server /Users/NETPHIX_DEV/Desktop/crypto-trading-broker/.venv/lib/python3.13/site-packages/django/core/servers/basehttp.py:213 - "GET /api/v1/transactions/?trading_pair=1 HTTP/1.1" 200 1222
[2025-12-01 00:34:39,818] ERROR django.server /Users/NETPHIX_DEV/Desktop/crypto-trading-broker/.venv/lib/python3.13/site-packages/django/core/servers/basehttp.py:213 - "POST /api/v1/positions/5/close/ HTTP/1.1" 500 53
[2025-12-01 00:35:00,623] INFO django.server /Users/NETPHIX_DEV/Desktop/crypto-trading-broker/.venv/lib/python3.13/site-packages/django/core/servers/basehttp.py:213 - "POST /api/v1/cron/expire-orders/?token=5Pm-SoiK_WTo2hU1sfsprv4qaUTqp_s0rdbdag45k9M= HTTP/1.1" 200 131
[2025-12-01 00:35:00,767] INFO django.server /Users/NETPHIX_DEV/Desktop/crypto-trading-broker/.venv/lib/python3.13/site-packages/django/core/servers/basehttp.py:213 - "POST /api/v1/cron/execute-orders/?token=5Pm-SoiK_WTo2hU1sfsprv4qaUTqp_s0rdbdag45k9M= HTTP/1.1" 200 168
[2025-12-01 00:35:08,988] INFO django.server /Users/NETPHIX_DEV/Desktop/crypto-trading-broker/.venv/lib/python3.13/site-packages/django/core/servers/basehttp.py:213 - "POST /api/v1/cron/update-positions/?token=5Pm-SoiK_WTo2hU1sfsprv4qaUTqp_s0rdbdag45k9M= HTTP/1.1" 200 421
[2025-12-01 00:36:00,647] INFO django.server /Users/NETPHIX_DEV/Desktop/crypto-trading-broker/.venv/lib/python3.13/site-packages/django/core/servers/basehttp.py:213 - "POST /api/v1/cron/expire-orders/?token=5Pm-SoiK_WTo2hU1sfsprv4qaUTqp_s0rdbdag45k9M= HTTP/1.1" 200 131
[2025-12-01 00:36:00,693] INFO django.server /Users/NETPHIX_DEV/Desktop/crypto-trading-broker/.venv/lib/python3.13/site-packages/django/core/servers/basehttp.py:213 - "POST /api/v1/cron/execute-orders/?token=5Pm-SoiK_WTo2hU1sfsprv4qaUTqp_s0rdbdag45k9M= HTTP/1.1" 200 168
[2025-12-01 00:36:12,239] INFO django.server /Users/NETPHIX_DEV/Desktop/crypto-trading-broker/.venv/lib/python3.13/site-packages/django/core/servers/basehttp.py:213 - "POST /api/v1/cron/update-positions/?token=5Pm-SoiK_WTo2hU1sfsprv4qaUTqp_s0rdbdag45k9M= HTTP/1.1" 200 421
[2025-12-01 00:36:52,939] INFO django.utils.autoreload /Users/NETPHIX_DEV/Desktop/crypto-trading-broker/.venv/lib/python3.13/site-packages/django/utils/autoreload.py:265 - /Users/NETPHIX_DEV/Desktop/crypto-trading-broker/trading/services/order_service.py changed, reloading.
[2025-12-01 00:36:53,618] INFO django.utils.autoreload /Users/NETPHIX_DEV/Desktop/crypto-trading-broker/.venv/lib/python3.13/site-packages/django/utils/autoreload.py:265 - /Users/NETPHIX_DEV/Desktop/crypto-trading-broker/trading/services/order_service.py changed, reloading.
[2025-12-01 00:36:55,099] INFO django.utils.autoreload /Users/NETPHIX_DEV/Desktop/crypto-trading-broker/.venv/lib/python3.13/site-packages/django/utils/autoreload.py:667 - Watching for file changes with StatReloader
[2025-12-01 00:36:55,291] INFO django.utils.autoreload /Users/NETPHIX_DEV/Desktop/crypto-trading-broker/.venv/lib/python3.13/site-packages/django/utils/autoreload.py:667 - Watching for file changes with StatReloader
[2025-12-01 00:37:00,772] INFO django.server /Users/NETPHIX_DEV/Desktop/crypto-trading-broker/.venv/lib/python3.13/site-packages/django/core/servers/basehttp.py:213 - "POST /api/v1/cron/expire-orders/?token=5Pm-SoiK_WTo2hU1sfsprv4qaUTqp_s0rdbdag45k9M= HTTP/1.1" 200 131
[2025-12-01 00:37:00,777] INFO django.server /Users/NETPHIX_DEV/Desktop/crypto-trading-broker/.venv/lib/python3.13/site-packages/django/core/servers/basehttp.py:213 - "POST /api/v1/cron/execute-orders/?token=5Pm-SoiK_WTo2hU1sfsprv4qaUTqp_s0rdbdag45k9M= HTTP/1.1" 200 168
[2025-12-01 00:37:11,408] INFO django.server /Users/NETPHIX_DEV/Desktop/crypto-trading-broker/.venv/lib/python3.13/site-packages/django/core/servers/basehttp.py:213 - "POST /api/v1/cron/update-positions/?token=5Pm-SoiK_WTo2hU1sfsprv4qaUTqp_s0rdbdag45k9M= HTTP/1.1" 200 421
[2025-12-01 00:38:00,665] INFO django.server /Users/NETPHIX_DEV/Desktop/crypto-trading-broker/.venv/lib/python3.13/site-packages/django/core/servers/basehttp.py:213 - "POST /api/v1/cron/execute-orders/?token=5Pm-SoiK_WTo2hU1sfsprv4qaUTqp_s0rdbdag45k9M= HTTP/1.1" 200 168
[2025-12-01 00:38:00,869] INFO django.server /Users/NETPHIX_DEV/Desktop/crypto-trading-broker/.venv/lib/python3.13/site-packages/django/core/servers/basehttp.py:213 - "POST /api/v1/cron/expire-orders/?token=5Pm-SoiK_WTo2hU1sfsprv4qaUTqp_s0rdbdag45k9M= HTTP/1.1" 200 131
[2025-12-01 00:38:07,695] INFO django.server /Users/NETPHIX_DEV/Desktop/crypto-trading-broker/.venv/lib/python3.13/site-packages/django/core/servers/basehttp.py:213 - "POST /api/v1/cron/update-positions/?token=5Pm-SoiK_WTo2hU1sfsprv4qaUTqp_s0rdbdag45k9M= HTTP/1.1" 200 421
[2025-12-01 00:38:30,173] INFO django.utils.autoreload /Users/NETPHIX_DEV/Desktop/crypto-trading-broker/.venv/lib/python3.13/site-packages/django/utils/autoreload.py:265 - /Users/NETPHIX_DEV/Desktop/crypto-trading-broker/trading/services/order_service.py changed, reloading.
[2025-12-01 00:38:30,684] INFO django.utils.autoreload /Users/NETPHIX_DEV/Desktop/crypto-trading-broker/.venv/lib/python3.13/site-packages/django/utils/autoreload.py:265 - /Users/NETPHIX_DEV/Desktop/crypto-trading-broker/trading/services/order_service.py changed, reloading.
[2025-12-01 00:38:32,146] INFO django.utils.autoreload /Users/NETPHIX_DEV/Desktop/crypto-trading-broker/.venv/lib/python3.13/site-packages/django/utils/autoreload.py:667 - Watching for file changes with StatReloader
[2025-12-01 00:38:32,351] INFO django.utils.autoreload /Users/NETPHIX_DEV/Desktop/crypto-trading-broker/.venv/lib/python3.13/site-packages/django/utils/autoreload.py:667 - Watching for file changes with StatReloader
[2025-12-01 00:38:35,590] INFO django.utils.autoreload /Users/NETPHIX_DEV/Desktop/crypto-trading-broker/.venv/lib/python3.13/site-packages/django/utils/autoreload.py:265 - /Users/NETPHIX_DEV/Desktop/crypto-trading-broker/trading/services/order_service.py changed, reloading.
[2025-12-01 00:38:35,643] INFO django.utils.autoreload /Users/NETPHIX_DEV/Desktop/crypto-trading-broker/.venv/lib/python3.13/site-packages/django/utils/autoreload.py:265 - /Users/NETPHIX_DEV/Desktop/crypto-trading-broker/trading/services/order_service.py changed, reloading.
[2025-12-01 00:38:37,578] INFO django.utils.autoreload /Users/NETPHIX_DEV/Desktop/crypto-trading-broker/.venv/lib/python3.13/site-packages/django/utils/autoreload.py:667 - Watching for file changes with StatReloader
[2025-12-01 00:38:37,580] INFO django.utils.autoreload /Users/NETPHIX_DEV/Desktop/crypto-trading-broker/.venv/lib/python3.13/site-packages/django/utils/autoreload.py:667 - Watching for file changes with StatReloader
[2025-12-01 00:38:47,225] INFO django.utils.autoreload /Users/NETPHIX_DEV/Desktop/crypto-trading-broker/.venv/lib/python3.13/site-packages/django/utils/autoreload.py:265 - /Users/NETPHIX_DEV/Desktop/crypto-trading-broker/trading/services/order_service.py changed, reloading.
[2025-12-01 00:38:47,233] INFO django.utils.autoreload /Users/NETPHIX_DEV/Desktop/crypto-trading-broker/.venv/lib/python3.13/site-packages/django/utils/autoreload.py:265 - /Users/NETPHIX_DEV/Desktop/crypto-trading-broker/trading/services/order_service.py changed, reloading.
[2025-12-01 00:38:48,767] INFO django.utils.autoreload /Users/NETPHIX_DEV/Desktop/crypto-trading-broker/.venv/lib/python3.13/site-packages/django/utils/autoreload.py:667 - Watching for file changes with StatReloader
[2025-12-01 00:38:48,767] INFO django.utils.autoreload /Users/NETPHIX_DEV/Desktop/crypto-trading-broker/.venv/lib/python3.13/site-packages/django/utils/autoreload.py:667 - Watching for file changes with StatReloader
[2025-12-01 00:38:53,478] INFO django.utils.autoreload /Users/NETPHIX_DEV/Desktop/crypto-trading-broker/.venv/lib/python3.13/site-packages/django/utils/autoreload.py:265 - /Users/NETPHIX_DEV/Desktop/crypto-trading-broker/trading/services/order_service.py changed, reloading.
[2025-12-01 00:38:53,481] INFO django.utils.autoreload /Users/NETPHIX_DEV/Desktop/crypto-trading-broker/.venv/lib/python3.13/site-packages/django/utils/autoreload.py:265 - /Users/NETPHIX_DEV/Desktop/crypto-trading-broker/trading/services/order_service.py changed, reloading.
[2025-12-01 00:38:54,943] INFO django.utils.autoreload /Users/NETPHIX_DEV/Desktop/crypto-trading-broker/.venv/lib/python3.13/site-packages/django/utils/autoreload.py:667 - Watching for file changes with StatReloader
[2025-12-01 00:38:54,943] INFO django.utils.autoreload /Users/NETPHIX_DEV/Desktop/crypto-trading-broker/.venv/lib/python3.13/site-packages/django/utils/autoreload.py:667 - Watching for file changes with StatReloader
[2025-12-01 00:39:00,807] INFO django.server /Users/NETPHIX_DEV/Desktop/crypto-trading-broker/.venv/lib/python3.13/site-packages/django/core/servers/basehttp.py:213 - "POST /api/v1/cron/execute-orders/?token=5Pm-SoiK_WTo2hU1sfsprv4qaUTqp_s0rdbdag45k9M= HTTP/1.1" 200 168
[2025-12-01 00:39:01,021] INFO django.server /Users/NETPHIX_DEV/Desktop/crypto-trading-broker/.venv/lib/python3.13/site-packages/django/core/servers/basehttp.py:213 - "POST /api/v1/cron/expire-orders/?token=5Pm-SoiK_WTo2hU1sfsprv4qaUTqp_s0rdbdag45k9M= HTTP/1.1" 200 131
[2025-12-01 00:39:11,751] INFO django.server /Users/NETPHIX_DEV/Desktop/crypto-trading-broker/.venv/lib/python3.13/site-packages/django/core/servers/basehttp.py:213 - "POST /api/v1/cron/update-positions/?token=5Pm-SoiK_WTo2hU1sfsprv4qaUTqp_s0rdbdag45k9M= HTTP/1.1" 200 421
[2025-12-01 00:40:02,041] INFO django.server /Users/NETPHIX_DEV/Desktop/crypto-trading-broker/.venv/lib/python3.13/site-packages/django/core/servers/basehttp.py:213 - "POST /api/v1/cron/expire-orders/?token=5Pm-SoiK_WTo2hU1sfsprv4qaUTqp_s0rdbdag45k9M= HTTP/1.1" 200 131
[2025-12-01 00:40:02,117] INFO django.server /Users/NETPHIX_DEV/Desktop/crypto-trading-broker/.venv/lib/python3.13/site-packages/django/core/servers/basehttp.py:213 - "POST /api/v1/cron/execute-orders/?token=5Pm-SoiK_WTo2hU1sfsprv4qaUTqp_s0rdbdag45k9M= HTTP/1.1" 200 168
[2025-12-01 00:40:08,803] INFO django.server /Users/NETPHIX_DEV/Desktop/crypto-trading-broker/.venv/lib/python3.13/site-packages/django/core/servers/basehttp.py:213 - "POST /api/v1/cron/update-positions/?token=5Pm-SoiK_WTo2hU1sfsprv4qaUTqp_s0rdbdag45k9M= HTTP/1.1" 200 421
[2025-12-01 00:41:00,728] INFO django.server /Users/NETPHIX_DEV/Desktop/crypto-trading-broker/.venv/lib/python3.13/site-packages/django/core/servers/basehttp.py:213 - "POST /api/v1/cron/execute-orders/?token=5Pm-SoiK_WTo2hU1sfsprv4qaUTqp_s0rdbdag45k9M= HTTP/1.1" 200 168
[2025-12-01 00:41:00,928] INFO django.server /Users/NETPHIX_DEV/Desktop/crypto-trading-broker/.venv/lib/python3.13/site-packages/django/core/servers/basehttp.py:213 - "POST /api/v1/cron/expire-orders/?token=5Pm-SoiK_WTo2hU1sfsprv4qaUTqp_s0rdbdag45k9M= HTTP/1.1" 200 131
[2025-12-01 00:41:13,289] INFO django.server /Users/NETPHIX_DEV/Desktop/crypto-trading-broker/.venv/lib/python3.13/site-packages/django/core/servers/basehttp.py:213 - "POST /api/v1/cron/update-positions/?token=5Pm-SoiK_WTo2hU1sfsprv4qaUTqp_s0rdbdag45k9M= HTTP/1.1" 200 421
[2025-12-01 00:42:00,697] INFO django.server /Users/NETPHIX_DEV/Desktop/crypto-trading-broker/.venv/lib/python3.13/site-packages/django/core/servers/basehttp.py:213 - "POST /api/v1/cron/expire-orders/?token=5Pm-SoiK_WTo2hU1sfsprv4qaUTqp_s0rdbdag45k9M= HTTP/1.1" 200 131
[2025-12-01 00:42:01,592] INFO django.server /Users/NETPHIX_DEV/Desktop/crypto-trading-broker/.venv/lib/python3.13/site-packages/django/core/servers/basehttp.py:213 - "POST /api/v1/cron/execute-orders/?token=5Pm-SoiK_WTo2hU1sfsprv4qaUTqp_s0rdbdag45k9M= HTTP/1.1" 200 168
[2025-12-01 00:42:09,209] INFO django.server /Users/NETPHIX_DEV/Desktop/crypto-trading-broker/.venv/lib/python3.13/site-packages/django/core/servers/basehttp.py:213 - "POST /api/v1/cron/update-positions/?token=5Pm-SoiK_WTo2hU1sfsprv4qaUTqp_s0rdbdag45k9M= HTTP/1.1" 200 421
[2025-12-01 00:43:00,662] INFO django.server /Users/NETPHIX_DEV/Desktop/crypto-trading-broker/.venv/lib/python3.13/site-packages/django/core/servers/basehttp.py:213 - "POST /api/v1/cron/execute-orders/?token=5Pm-SoiK_WTo2hU1sfsprv4qaUTqp_s0rdbdag45k9M= HTTP/1.1" 200 168
[2025-12-01 00:43:00,906] INFO django.server /Users/NETPHIX_DEV/Desktop/crypto-trading-broker/.venv/lib/python3.13/site-packages/django/core/servers/basehttp.py:213 - "POST /api/v1/cron/expire-orders/?token=5Pm-SoiK_WTo2hU1sfsprv4qaUTqp_s0rdbdag45k9M= HTTP/1.1" 200 131
[2025-12-01 00:43:12,701] INFO django.server /Users/NETPHIX_DEV/Desktop/crypto-trading-broker/.venv/lib/python3.13/site-packages/django/core/servers/basehttp.py:213 - "POST /api/v1/cron/update-positions/?token=5Pm-SoiK_WTo2hU1sfsprv4qaUTqp_s0rdbdag45k9M= HTTP/1.1" 200 421
[2025-12-01 00:43:40,939] INFO django.utils.autoreload /Users/NETPHIX_DEV/Desktop/crypto-trading-broker/.venv/lib/python3.13/site-packages/django/utils/autoreload.py:265 - /Users/NETPHIX_DEV/Desktop/crypto-trading-broker/trading/services/order_service.py changed, reloading.
[2025-12-01 00:43:40,944] INFO django.utils.autoreload /Users/NETPHIX_DEV/Desktop/crypto-trading-broker/.venv/lib/python3.13/site-packages/django/utils/autoreload.py:265 - /Users/NETPHIX_DEV/Desktop/crypto-trading-broker/trading/services/order_service.py changed, reloading.
[2025-12-01 00:43:43,218] INFO django.utils.autoreload /Users/NETPHIX_DEV/Desktop/crypto-trading-broker/.venv/lib/python3.13/site-packages/django/utils/autoreload.py:667 - Watching for file changes with StatReloader
[2025-12-01 00:43:43,218] INFO django.utils.autoreload /Users/NETPHIX_DEV/Desktop/crypto-trading-broker/.venv/lib/python3.13/site-packages/django/utils/autoreload.py:667 - Watching for file changes with StatReloader
[2025-12-01 00:43:50,511] INFO django.utils.autoreload /Users/NETPHIX_DEV/Desktop/crypto-trading-broker/.venv/lib/python3.13/site-packages/django/utils/autoreload.py:265 - /Users/NETPHIX_DEV/Desktop/crypto-trading-broker/trading/services/order_service.py changed, reloading.
[2025-12-01 00:43:51,554] INFO django.utils.autoreload /Users/NETPHIX_DEV/Desktop/crypto-trading-broker/.venv/lib/python3.13/site-packages/django/utils/autoreload.py:265 - /Users/NETPHIX_DEV/Desktop/crypto-trading-broker/trading/services/order_service.py changed, reloading.
[2025-12-01 00:43:51,922] INFO django.utils.autoreload /Users/NETPHIX_DEV/Desktop/crypto-trading-broker/.venv/lib/python3.13/site-packages/django/utils/autoreload.py:667 - Watching for file changes with StatReloader
[2025-12-01 00:43:53,120] INFO django.utils.autoreload /Users/NETPHIX_DEV/Desktop/crypto-trading-broker/.venv/lib/python3.13/site-packages/django/utils/autoreload.py:667 - Watching for file changes with StatReloader
[2025-12-01 00:43:54,884] INFO django.utils.autoreload /Users/NETPHIX_DEV/Desktop/crypto-trading-broker/.venv/lib/python3.13/site-packages/django/utils/autoreload.py:265 - /Users/NETPHIX_DEV/Desktop/crypto-trading-broker/trading/services/order_service.py changed, reloading.
[2025-12-01 00:43:56,178] INFO django.utils.autoreload /Users/NETPHIX_DEV/Desktop/crypto-trading-broker/.venv/lib/python3.13/site-packages/django/utils/autoreload.py:667 - Watching for file changes with StatReloader
[2025-12-01 00:44:00,553] INFO django.server /Users/NETPHIX_DEV/Desktop/crypto-trading-broker/.venv/lib/python3.13/site-packages/django/core/servers/basehttp.py:213 - "POST /api/v1/cron/execute-orders/?token=5Pm-SoiK_WTo2hU1sfsprv4qaUTqp_s0rdbdag45k9M= HTTP/1.1" 200 168
[2025-12-01 00:44:00,634] INFO django.server /Users/NETPHIX_DEV/Desktop/crypto-trading-broker/.venv/lib/python3.13/site-packages/django/core/servers/basehttp.py:213 - "POST /api/v1/cron/expire-orders/?token=5Pm-SoiK_WTo2hU1sfsprv4qaUTqp_s0rdbdag45k9M= HTTP/1.1" 200 131
[2025-12-01 00:44:11,224] INFO django.server /Users/NETPHIX_DEV/Desktop/crypto-trading-broker/.venv/lib/python3.13/site-packages/django/core/servers/basehttp.py:213 - "POST /api/v1/cron/update-positions/?token=5Pm-SoiK_WTo2hU1sfsprv4qaUTqp_s0rdbdag45k9M= HTTP/1.1" 200 421
[2025-12-01 00:44:11,699] INFO django.utils.autoreload /Users/NETPHIX_DEV/Desktop/crypto-trading-broker/.venv/lib/python3.13/site-packages/django/utils/autoreload.py:265 - /Users/NETPHIX_DEV/Desktop/crypto-trading-broker/trading/services/order_service.py changed, reloading.
[2025-12-01 00:44:12,135] INFO django.utils.autoreload /Users/NETPHIX_DEV/Desktop/crypto-trading-broker/.venv/lib/python3.13/site-packages/django/utils/autoreload.py:265 - /Users/NETPHIX_DEV/Desktop/crypto-trading-broker/trading/services/order_service.py changed, reloading.
[2025-12-01 00:44:13,716] INFO django.utils.autoreload /Users/NETPHIX_DEV/Desktop/crypto-trading-broker/.venv/lib/python3.13/site-packages/django/utils/autoreload.py:667 - Watching for file changes with StatReloader
[2025-12-01 00:44:13,868] INFO django.utils.autoreload /Users/NETPHIX_DEV/Desktop/crypto-trading-broker/.venv/lib/python3.13/site-packages/django/utils/autoreload.py:667 - Watching for file changes with StatReloader
[2025-12-01 00:44:42,498] INFO django.utils.autoreload /Users/NETPHIX_DEV/Desktop/crypto-trading-broker/.venv/lib/python3.13/site-packages/django/utils/autoreload.py:265 - /Users/NETPHIX_DEV/Desktop/crypto-trading-broker/trading/views.py changed, reloading.
[2025-12-01 00:44:42,533] INFO django.utils.autoreload /Users/NETPHIX_DEV/Desktop/crypto-trading-broker/.venv/lib/python3.13/site-packages/django/utils/autoreload.py:265 - /Users/NETPHIX_DEV/Desktop/crypto-trading-broker/trading/views.py changed, reloading.
[2025-12-01 00:44:44,007] INFO django.utils.autoreload /Users/NETPHIX_DEV/Desktop/crypto-trading-broker/.venv/lib/python3.13/site-packages/django/utils/autoreload.py:667 - Watching for file changes with StatReloader
[2025-12-01 00:44:44,007] INFO django.utils.autoreload /Users/NETPHIX_DEV/Desktop/crypto-trading-broker/.venv/lib/python3.13/site-packages/django/utils/autoreload.py:667 - Watching for file changes with StatReloader
[2025-12-01 00:44:48,016] INFO django.utils.autoreload /Users/NETPHIX_DEV/Desktop/crypto-trading-broker/.venv/lib/python3.13/site-packages/django/utils/autoreload.py:265 - /Users/NETPHIX_DEV/Desktop/crypto-trading-broker/trading/views.py changed, reloading.
[2025-12-01 00:44:48,021] INFO django.utils.autoreload /Users/NETPHIX_DEV/Desktop/crypto-trading-broker/.venv/lib/python3.13/site-packages/django/utils/autoreload.py:265 - /Users/NETPHIX_DEV/Desktop/crypto-trading-broker/trading/views.py changed, reloading.
[2025-12-01 00:44:49,822] INFO django.utils.autoreload /Users/NETPHIX_DEV/Desktop/crypto-trading-broker/.venv/lib/python3.13/site-packages/django/utils/autoreload.py:667 - Watching for file changes with StatReloader
[2025-12-01 00:44:49,822] INFO django.utils.autoreload /Users/NETPHIX_DEV/Desktop/crypto-trading-broker/.venv/lib/python3.13/site-packages/django/utils/autoreload.py:667 - Watching for file changes with StatReloader
[2025-12-01 00:45:01,905] INFO django.server /Users/NETPHIX_DEV/Desktop/crypto-trading-broker/.venv/lib/python3.13/site-packages/django/core/servers/basehttp.py:213 - "POST /api/v1/cron/execute-orders/?token=5Pm-SoiK_WTo2hU1sfsprv4qaUTqp_s0rdbdag45k9M= HTTP/1.1" 200 168
[2025-12-01 00:45:01,907] INFO django.server /Users/NETPHIX_DEV/Desktop/crypto-trading-broker/.venv/lib/python3.13/site-packages/django/core/servers/basehttp.py:213 - "POST /api/v1/cron/expire-orders/?token=5Pm-SoiK_WTo2hU1sfsprv4qaUTqp_s0rdbdag45k9M= HTTP/1.1" 200 131
[2025-12-01 00:45:12,625] INFO django.server /Users/NETPHIX_DEV/Desktop/crypto-trading-broker/.venv/lib/python3.13/site-packages/django/core/servers/basehttp.py:213 - "POST /api/v1/cron/update-positions/?token=5Pm-SoiK_WTo2hU1sfsprv4qaUTqp_s0rdbdag45k9M= HTTP/1.1" 200 421
[2025-12-01 00:45:18,702] INFO django.server /Users/NETPHIX_DEV/Desktop/crypto-trading-broker/.venv/lib/python3.13/site-packages/django/core/servers/basehttp.py:213 - "GET /dashboard/trading-view/1/ HTTP/1.1" 200 119591
[2025-12-01 00:45:18,879] WARNING django.server /Users/NETPHIX_DEV/Desktop/crypto-trading-broker/.venv/lib/python3.13/site-packages/django/core/servers/basehttp.py:213 - "GET /.well-known/appspecific/com.chrome.devtools.json HTTP/1.1" 404 20610
[2025-12-01 00:45:19,786] INFO django.server /Users/NETPHIX_DEV/Desktop/crypto-trading-broker/.venv/lib/python3.13/site-packages/django/core/servers/basehttp.py:213 - "GET /static/assets/scripts/api.js HTTP/1.1" 200 32690
[2025-12-01 00:45:19,795] INFO django.server /Users/NETPHIX_DEV/Desktop/crypto-trading-broker/.venv/lib/python3.13/site-packages/django/core/servers/basehttp.py:213 - "GET /static/assets/scripts/order-handler.js HTTP/1.1" 200 16489
[2025-12-01 00:45:19,807] INFO django.server /Users/NETPHIX_DEV/Desktop/crypto-trading-broker/.venv/lib/python3.13/site-packages/django/core/servers/basehttp.py:213 - "GET /static/assets/scripts/trading-single.js HTTP/1.1" 200 42084
[2025-12-01 00:45:21,166] INFO django.server /Users/NETPHIX_DEV/Desktop/crypto-trading-broker/.venv/lib/python3.13/site-packages/django/core/servers/basehttp.py:213 - "GET /api/v1/trading/config/ HTTP/1.1" 200 1299
[2025-12-01 00:45:21,286] INFO django.server /Users/NETPHIX_DEV/Desktop/crypto-trading-broker/.venv/lib/python3.13/site-packages/django/core/servers/basehttp.py:213 - "GET /api/v1/orders/trading_summary/ HTTP/1.1" 200 292
[2025-12-01 00:45:21,319] INFO django.server /Users/NETPHIX_DEV/Desktop/crypto-trading-broker/.venv/lib/python3.13/site-packages/django/core/servers/basehttp.py:213 - "GET /api/v1/positions/ HTTP/1.1" 200 4961
[2025-12-01 00:45:21,360] INFO django.server /Users/NETPHIX_DEV/Desktop/crypto-trading-broker/.venv/lib/python3.13/site-packages/django/core/servers/basehttp.py:213 - "GET /api/v1/orders/ HTTP/1.1" 200 15744
[2025-12-01 00:45:21,631] INFO django.server /Users/NETPHIX_DEV/Desktop/crypto-trading-broker/.venv/lib/python3.13/site-packages/django/core/servers/basehttp.py:213 - "GET /api/v1/trading-pairs/1/ HTTP/1.1" 200 590
[2025-12-01 00:45:23,396] INFO django.server /Users/NETPHIX_DEV/Desktop/crypto-trading-broker/.venv/lib/python3.13/site-packages/django/core/servers/basehttp.py:213 - "GET /api/v1/trading-pairs/1/market_data/ HTTP/1.1" 200 335
[2025-12-01 00:45:23,446] INFO django.server /Users/NETPHIX_DEV/Desktop/crypto-trading-broker/.venv/lib/python3.13/site-packages/django/core/servers/basehttp.py:213 - "GET /api/v1/accounts/balance/ HTTP/1.1" 200 353
[2025-12-01 00:45:23,541] INFO django.server /Users/NETPHIX_DEV/Desktop/crypto-trading-broker/.venv/lib/python3.13/site-packages/django/core/servers/basehttp.py:213 - "GET /api/v1/positions/ HTTP/1.1" 200 4961
[2025-12-01 00:45:23,593] INFO django.server /Users/NETPHIX_DEV/Desktop/crypto-trading-broker/.venv/lib/python3.13/site-packages/django/core/servers/basehttp.py:213 - "GET /api/v1/orders/ HTTP/1.1" 200 15744
[2025-12-01 00:45:23,634] INFO django.server /Users/NETPHIX_DEV/Desktop/crypto-trading-broker/.venv/lib/python3.13/site-packages/django/core/servers/basehttp.py:213 - "GET /api/v1/transactions/?trading_pair=1 HTTP/1.1" 200 1222
[2025-12-01 00:45:26,282] INFO django.server /Users/NETPHIX_DEV/Desktop/crypto-trading-broker/.venv/lib/python3.13/site-packages/django/core/servers/basehttp.py:213 - "POST /api/v1/positions/5/close/ HTTP/1.1" 200 1364
[2025-12-01 00:45:26,314] INFO django.server /Users/NETPHIX_DEV/Desktop/crypto-trading-broker/.venv/lib/python3.13/site-packages/django/core/servers/basehttp.py:213 - "GET /api/v1/positions/ HTTP/1.1" 200 4961
[2025-12-01 00:45:26,369] INFO django.server /Users/NETPHIX_DEV/Desktop/crypto-trading-broker/.venv/lib/python3.13/site-packages/django/core/servers/basehttp.py:213 - "GET /api/v1/orders/ HTTP/1.1" 200 16894
[2025-12-01 00:45:26,398] INFO django.server /Users/NETPHIX_DEV/Desktop/crypto-trading-broker/.venv/lib/python3.13/site-packages/django/core/servers/basehttp.py:213 - "GET /api/v1/accounts/balance/ HTTP/1.1" 200 353
[2025-12-01 00:45:26,468] INFO django.server /Users/NETPHIX_DEV/Desktop/crypto-trading-broker/.venv/lib/python3.13/site-packages/django/core/servers/basehttp.py:213 - "GET /api/v1/transactions/?trading_pair=1 HTTP/1.1" 200 4182
[2025-12-01 00:45:33,406] INFO django.server /Users/NETPHIX_DEV/Desktop/crypto-trading-broker/.venv/lib/python3.13/site-packages/django/core/servers/basehttp.py:213 - "GET /static/assets/img/XoR8MfdPTzQDfF4JVKuMIQhGj8HmCdPoBxveN4vK.png HTTP/1.1" 200 8868
[2025-12-01 00:45:39,777] INFO django.server /Users/NETPHIX_DEV/Desktop/crypto-trading-broker/.venv/lib/python3.13/site-packages/django/core/servers/basehttp.py:213 - "GET /dashboard/trading-view/1/ HTTP/1.1" 200 119591
[2025-12-01 00:45:39,947] WARNING django.server /Users/NETPHIX_DEV/Desktop/crypto-trading-broker/.venv/lib/python3.13/site-packages/django/core/servers/basehttp.py:213 - "GET /.well-known/appspecific/com.chrome.devtools.json HTTP/1.1" 404 20610
[2025-12-01 00:45:40,518] INFO django.server /Users/NETPHIX_DEV/Desktop/crypto-trading-broker/.venv/lib/python3.13/site-packages/django/core/servers/basehttp.py:213 - "GET /api/v1/trading/config/ HTTP/1.1" 200 1299
[2025-12-01 00:45:40,719] INFO django.server /Users/NETPHIX_DEV/Desktop/crypto-trading-broker/.venv/lib/python3.13/site-packages/django/core/servers/basehttp.py:213 - "GET /api/v1/orders/trading_summary/ HTTP/1.1" 200 293
[2025-12-01 00:45:40,753] INFO django.server /Users/NETPHIX_DEV/Desktop/crypto-trading-broker/.venv/lib/python3.13/site-packages/django/core/servers/basehttp.py:213 - "GET /api/v1/positions/ HTTP/1.1" 200 4961
[2025-12-01 00:45:40,816] INFO django.server /Users/NETPHIX_DEV/Desktop/crypto-trading-broker/.venv/lib/python3.13/site-packages/django/core/servers/basehttp.py:213 - "GET /api/v1/orders/ HTTP/1.1" 200 16894
[2025-12-01 00:45:40,833] INFO django.server /Users/NETPHIX_DEV/Desktop/crypto-trading-broker/.venv/lib/python3.13/site-packages/django/core/servers/basehttp.py:213 - "GET /api/v1/trading-pairs/1/ HTTP/1.1" 200 590
[2025-12-01 00:45:42,545] INFO django.server /Users/NETPHIX_DEV/Desktop/crypto-trading-broker/.venv/lib/python3.13/site-packages/django/core/servers/basehttp.py:213 - "GET /api/v1/trading-pairs/1/market_data/ HTTP/1.1" 200 335
[2025-12-01 00:45:42,655] INFO django.server /Users/NETPHIX_DEV/Desktop/crypto-trading-broker/.venv/lib/python3.13/site-packages/django/core/servers/basehttp.py:213 - "GET /api/v1/accounts/balance/ HTTP/1.1" 200 353
[2025-12-01 00:45:42,701] INFO django.server /Users/NETPHIX_DEV/Desktop/crypto-trading-broker/.venv/lib/python3.13/site-packages/django/core/servers/basehttp.py:213 - "GET /api/v1/positions/ HTTP/1.1" 200 4961
[2025-12-01 00:45:42,776] INFO django.server /Users/NETPHIX_DEV/Desktop/crypto-trading-broker/.venv/lib/python3.13/site-packages/django/core/servers/basehttp.py:213 - "GET /api/v1/orders/ HTTP/1.1" 200 16894
[2025-12-01 00:45:42,893] INFO django.server /Users/NETPHIX_DEV/Desktop/crypto-trading-broker/.venv/lib/python3.13/site-packages/django/core/servers/basehttp.py:213 - "GET /api/v1/transactions/?trading_pair=1 HTTP/1.1" 200 4182
[2025-12-01 00:46:00,754] INFO django.server /Users/NETPHIX_DEV/Desktop/crypto-trading-broker/.venv/lib/python3.13/site-packages/django/core/servers/basehttp.py:213 - "POST /api/v1/cron/expire-orders/?token=5Pm-SoiK_WTo2hU1sfsprv4qaUTqp_s0rdbdag45k9M= HTTP/1.1" 200 131
[2025-12-01 00:46:00,756] INFO django.server /Users/NETPHIX_DEV/Desktop/crypto-trading-broker/.venv/lib/python3.13/site-packages/django/core/servers/basehttp.py:213 - "POST /api/v1/cron/execute-orders/?token=5Pm-SoiK_WTo2hU1sfsprv4qaUTqp_s0rdbdag45k9M= HTTP/1.1" 200 168
[2025-12-01 00:46:06,060] INFO django.server /Users/NETPHIX_DEV/Desktop/crypto-trading-broker/.venv/lib/python3.13/site-packages/django/core/servers/basehttp.py:213 - "POST /api/v1/cron/update-positions/?token=5Pm-SoiK_WTo2hU1sfsprv4qaUTqp_s0rdbdag45k9M= HTTP/1.1" 200 369
[2025-12-01 00:47:00,685] INFO django.server /Users/NETPHIX_DEV/Desktop/crypto-trading-broker/.venv/lib/python3.13/site-packages/django/core/servers/basehttp.py:213 - "POST /api/v1/cron/execute-orders/?token=5Pm-SoiK_WTo2hU1sfsprv4qaUTqp_s0rdbdag45k9M= HTTP/1.1" 200 168
[2025-12-01 00:47:00,686] INFO django.server /Users/NETPHIX_DEV/Desktop/crypto-trading-broker/.venv/lib/python3.13/site-packages/django/core/servers/basehttp.py:213 - "POST /api/v1/cron/expire-orders/?token=5Pm-SoiK_WTo2hU1sfsprv4qaUTqp_s0rdbdag45k9M= HTTP/1.1" 200 131
[2025-12-01 00:47:10,310] INFO django.server /Users/NETPHIX_DEV/Desktop/crypto-trading-broker/.venv/lib/python3.13/site-packages/django/core/servers/basehttp.py:213 - "POST /api/v1/cron/update-positions/?token=5Pm-SoiK_WTo2hU1sfsprv4qaUTqp_s0rdbdag45k9M= HTTP/1.1" 200 369
[2025-12-01 00:48:00,519] INFO django.server /Users/NETPHIX_DEV/Desktop/crypto-trading-broker/.venv/lib/python3.13/site-packages/django/core/servers/basehttp.py:213 - "POST /api/v1/cron/expire-orders/?token=5Pm-SoiK_WTo2hU1sfsprv4qaUTqp_s0rdbdag45k9M= HTTP/1.1" 200 131
[2025-12-01 00:48:00,587] INFO django.server /Users/NETPHIX_DEV/Desktop/crypto-trading-broker/.venv/lib/python3.13/site-packages/django/core/servers/basehttp.py:213 - "POST /api/v1/cron/execute-orders/?token=5Pm-SoiK_WTo2hU1sfsprv4qaUTqp_s0rdbdag45k9M= HTTP/1.1" 200 168
[2025-12-01 00:48:05,128] INFO django.server /Users/NETPHIX_DEV/Desktop/crypto-trading-broker/.venv/lib/python3.13/site-packages/django/core/servers/basehttp.py:213 - "POST /api/v1/cron/update-positions/?token=5Pm-SoiK_WTo2hU1sfsprv4qaUTqp_s0rdbdag45k9M= HTTP/1.1" 200 369
[2025-12-01 00:49:00,662] INFO django.server /Users/NETPHIX_DEV/Desktop/crypto-trading-broker/.venv/lib/python3.13/site-packages/django/core/servers/basehttp.py:213 - "POST /api/v1/cron/execute-orders/?token=5Pm-SoiK_WTo2hU1sfsprv4qaUTqp_s0rdbdag45k9M= HTTP/1.1" 200 168
[2025-12-01 00:49:00,728] INFO django.server /Users/NETPHIX_DEV/Desktop/crypto-trading-broker/.venv/lib/python3.13/site-packages/django/core/servers/basehttp.py:213 - "POST /api/v1/cron/expire-orders/?token=5Pm-SoiK_WTo2hU1sfsprv4qaUTqp_s0rdbdag45k9M= HTTP/1.1" 200 131
[2025-12-01 00:49:09,437] INFO django.server /Users/NETPHIX_DEV/Desktop/crypto-trading-broker/.venv/lib/python3.13/site-packages/django/core/servers/basehttp.py:213 - "POST /api/v1/cron/update-positions/?token=5Pm-SoiK_WTo2hU1sfsprv4qaUTqp_s0rdbdag45k9M= HTTP/1.1" 200 369
[2025-12-01 00:50:01,959] INFO django.server /Users/NETPHIX_DEV/Desktop/crypto-trading-broker/.venv/lib/python3.13/site-packages/django/core/servers/basehttp.py:213 - "POST /api/v1/cron/expire-orders/?token=5Pm-SoiK_WTo2hU1sfsprv4qaUTqp_s0rdbdag45k9M= HTTP/1.1" 200 131
[2025-12-01 00:50:02,178] INFO django.server /Users/NETPHIX_DEV/Desktop/crypto-trading-broker/.venv/lib/python3.13/site-packages/django/core/servers/basehttp.py:213 - "POST /api/v1/cron/execute-orders/?token=5Pm-SoiK_WTo2hU1sfsprv4qaUTqp_s0rdbdag45k9M= HTTP/1.1" 200 168
[2025-12-01 00:50:06,727] INFO django.server /Users/NETPHIX_DEV/Desktop/crypto-trading-broker/.venv/lib/python3.13/site-packages/django/core/servers/basehttp.py:213 - "POST /api/v1/cron/update-positions/?token=5Pm-SoiK_WTo2hU1sfsprv4qaUTqp_s0rdbdag45k9M= HTTP/1.1" 200 369
[2025-12-01 00:50:59,072] INFO django.server /Users/NETPHIX_DEV/Desktop/crypto-trading-broker/.venv/lib/python3.13/site-packages/django/core/servers/basehttp.py:213 - "GET /dashboard/trading-view/1/ HTTP/1.1" 200 118936
[2025-12-01 00:50:59,146] INFO django.server /Users/NETPHIX_DEV/Desktop/crypto-trading-broker/.venv/lib/python3.13/site-packages/django/core/servers/basehttp.py:213 - "GET /static/assets/scripts/trading-single.js HTTP/1.1" 304 0
[2025-12-01 00:50:59,240] WARNING django.server /Users/NETPHIX_DEV/Desktop/crypto-trading-broker/.venv/lib/python3.13/site-packages/django/core/servers/basehttp.py:213 - "GET /.well-known/appspecific/com.chrome.devtools.json HTTP/1.1" 404 20610
[2025-12-01 00:51:00,122] INFO django.server /Users/NETPHIX_DEV/Desktop/crypto-trading-broker/.venv/lib/python3.13/site-packages/django/core/servers/basehttp.py:213 - "GET /api/v1/trading/config/ HTTP/1.1" 200 1299
[2025-12-01 00:51:00,275] INFO django.server /Users/NETPHIX_DEV/Desktop/crypto-trading-broker/.venv/lib/python3.13/site-packages/django/core/servers/basehttp.py:213 - "GET /api/v1/orders/trading_summary/ HTTP/1.1" 200 293
[2025-12-01 00:51:00,294] INFO django.server /Users/NETPHIX_DEV/Desktop/crypto-trading-broker/.venv/lib/python3.13/site-packages/django/core/servers/basehttp.py:213 - "GET /api/v1/positions/ HTTP/1.1" 200 4961
[2025-12-01 00:51:00,331] INFO django.server /Users/NETPHIX_DEV/Desktop/crypto-trading-broker/.venv/lib/python3.13/site-packages/django/core/servers/basehttp.py:213 - "GET /api/v1/orders/ HTTP/1.1" 200 16894
[2025-12-01 00:51:00,355] INFO django.server /Users/NETPHIX_DEV/Desktop/crypto-trading-broker/.venv/lib/python3.13/site-packages/django/core/servers/basehttp.py:213 - "GET /api/v1/trading-pairs/1/ HTTP/1.1" 200 590
[2025-12-01 00:51:00,786] INFO django.server /Users/NETPHIX_DEV/Desktop/crypto-trading-broker/.venv/lib/python3.13/site-packages/django/core/servers/basehttp.py:213 - "POST /api/v1/cron/execute-orders/?token=5Pm-SoiK_WTo2hU1sfsprv4qaUTqp_s0rdbdag45k9M= HTTP/1.1" 200 168
[2025-12-01 00:51:00,830] INFO django.server /Users/NETPHIX_DEV/Desktop/crypto-trading-broker/.venv/lib/python3.13/site-packages/django/core/servers/basehttp.py:213 - "POST /api/v1/cron/expire-orders/?token=5Pm-SoiK_WTo2hU1sfsprv4qaUTqp_s0rdbdag45k9M= HTTP/1.1" 200 131
[2025-12-01 00:51:02,180] INFO django.server /Users/NETPHIX_DEV/Desktop/crypto-trading-broker/.venv/lib/python3.13/site-packages/django/core/servers/basehttp.py:213 - "GET /api/v1/trading-pairs/1/market_data/ HTTP/1.1" 200 335
[2025-12-01 00:51:02,285] INFO django.server /Users/NETPHIX_DEV/Desktop/crypto-trading-broker/.venv/lib/python3.13/site-packages/django/core/servers/basehttp.py:213 - "GET /api/v1/accounts/balance/ HTTP/1.1" 200 353
[2025-12-01 00:51:02,315] INFO django.server /Users/NETPHIX_DEV/Desktop/crypto-trading-broker/.venv/lib/python3.13/site-packages/django/core/servers/basehttp.py:213 - "GET /api/v1/positions/ HTTP/1.1" 200 4961
[2025-12-01 00:51:02,398] INFO django.server /Users/NETPHIX_DEV/Desktop/crypto-trading-broker/.venv/lib/python3.13/site-packages/django/core/servers/basehttp.py:213 - "GET /api/v1/orders/ HTTP/1.1" 200 16894
[2025-12-01 00:51:02,455] INFO django.server /Users/NETPHIX_DEV/Desktop/crypto-trading-broker/.venv/lib/python3.13/site-packages/django/core/servers/basehttp.py:213 - "GET /api/v1/transactions/?trading_pair=1 HTTP/1.1" 200 4182
[2025-12-01 00:51:07,638] INFO django.server /Users/NETPHIX_DEV/Desktop/crypto-trading-broker/.venv/lib/python3.13/site-packages/django/core/servers/basehttp.py:213 - "GET /dashboard/transactions HTTP/1.1" 301 0
[2025-12-01 00:51:07,658] INFO django.server /Users/NETPHIX_DEV/Desktop/crypto-trading-broker/.venv/lib/python3.13/site-packages/django/core/servers/basehttp.py:213 - "GET /dashboard/transactions/ HTTP/1.1" 200 96356
[2025-12-01 00:51:08,008] WARNING django.server /Users/NETPHIX_DEV/Desktop/crypto-trading-broker/.venv/lib/python3.13/site-packages/django/core/servers/basehttp.py:213 - "GET /.well-known/appspecific/com.chrome.devtools.json HTTP/1.1" 404 20610
[2025-12-01 00:51:08,357] INFO django.server /Users/NETPHIX_DEV/Desktop/crypto-trading-broker/.venv/lib/python3.13/site-packages/django/core/servers/basehttp.py:213 - "GET /api/v1/transactions/ HTTP/1.1" 200 6530
[2025-12-01 00:51:08,408] INFO django.server /Users/NETPHIX_DEV/Desktop/crypto-trading-broker/.venv/lib/python3.13/site-packages/django/core/servers/basehttp.py:213 - "GET /api/v1/transactions/ HTTP/1.1" 200 6530
[2025-12-01 00:51:10,849] WARNING django.server /Users/NETPHIX_DEV/Desktop/crypto-trading-broker/.venv/lib/python3.13/site-packages/django/core/servers/basehttp.py:213 - "GET /.well-known/appspecific/com.chrome.devtools.json HTTP/1.1" 404 20610
[2025-12-01 00:51:11,423] INFO django.server /Users/NETPHIX_DEV/Desktop/crypto-trading-broker/.venv/lib/python3.13/site-packages/django/core/servers/basehttp.py:213 - "POST /api/v1/cron/update-positions/?token=5Pm-SoiK_WTo2hU1sfsprv4qaUTqp_s0rdbdag45k9M= HTTP/1.1" 200 369
[2025-12-01 00:52:00,606] INFO django.server /Users/NETPHIX_DEV/Desktop/crypto-trading-broker/.venv/lib/python3.13/site-packages/django/core/servers/basehttp.py:213 - "POST /api/v1/cron/expire-orders/?token=5Pm-SoiK_WTo2hU1sfsprv4qaUTqp_s0rdbdag45k9M= HTTP/1.1" 200 131
[2025-12-01 00:52:00,608] INFO django.server /Users/NETPHIX_DEV/Desktop/crypto-trading-broker/.venv/lib/python3.13/site-packages/django/core/servers/basehttp.py:213 - "POST /api/v1/cron/execute-orders/?token=5Pm-SoiK_WTo2hU1sfsprv4qaUTqp_s0rdbdag45k9M= HTTP/1.1" 200 168
[2025-12-01 00:52:05,187] INFO django.server /Users/NETPHIX_DEV/Desktop/crypto-trading-broker/.venv/lib/python3.13/site-packages/django/core/servers/basehttp.py:213 - "POST /api/v1/cron/update-positions/?token=5Pm-SoiK_WTo2hU1sfsprv4qaUTqp_s0rdbdag45k9M= HTTP/1.1" 200 369
[2025-12-01 00:53:00,682] INFO django.server /Users/NETPHIX_DEV/Desktop/crypto-trading-broker/.venv/lib/python3.13/site-packages/django/core/servers/basehttp.py:213 - "POST /api/v1/cron/expire-orders/?token=5Pm-SoiK_WTo2hU1sfsprv4qaUTqp_s0rdbdag45k9M= HTTP/1.1" 200 131
[2025-12-01 00:53:00,898] INFO django.server /Users/NETPHIX_DEV/Desktop/crypto-trading-broker/.venv/lib/python3.13/site-packages/django/core/servers/basehttp.py:213 - "POST /api/v1/cron/execute-orders/?token=5Pm-SoiK_WTo2hU1sfsprv4qaUTqp_s0rdbdag45k9M= HTTP/1.1" 200 168
[2025-12-01 00:53:10,511] INFO django.server /Users/NETPHIX_DEV/Desktop/crypto-trading-broker/.venv/lib/python3.13/site-packages/django/core/servers/basehttp.py:213 - "POST /api/v1/cron/update-positions/?token=5Pm-SoiK_WTo2hU1sfsprv4qaUTqp_s0rdbdag45k9M= HTTP/1.1" 200 369
[2025-12-01 00:53:17,188] INFO django.server /Users/NETPHIX_DEV/Desktop/crypto-trading-broker/.venv/lib/python3.13/site-packages/django/core/servers/basehttp.py:213 - "GET /dashboard/trading-view/1/ HTTP/1.1" 200 118974
[2025-12-01 00:53:17,311] WARNING django.server /Users/NETPHIX_DEV/Desktop/crypto-trading-broker/.venv/lib/python3.13/site-packages/django/core/servers/basehttp.py:213 - "GET /.well-known/appspecific/com.chrome.devtools.json HTTP/1.1" 404 20610
[2025-12-01 00:53:18,123] INFO django.server /Users/NETPHIX_DEV/Desktop/crypto-trading-broker/.venv/lib/python3.13/site-packages/django/core/servers/basehttp.py:213 - "GET /api/v1/trading/config/ HTTP/1.1" 200 1299
[2025-12-01 00:53:18,343] INFO django.server /Users/NETPHIX_DEV/Desktop/crypto-trading-broker/.venv/lib/python3.13/site-packages/django/core/servers/basehttp.py:213 - "GET /api/v1/orders/trading_summary/ HTTP/1.1" 200 293
[2025-12-01 00:53:18,362] INFO django.server /Users/NETPHIX_DEV/Desktop/crypto-trading-broker/.venv/lib/python3.13/site-packages/django/core/servers/basehttp.py:213 - "GET /api/v1/positions/ HTTP/1.1" 200 4961
[2025-12-01 00:53:18,399] INFO django.server /Users/NETPHIX_DEV/Desktop/crypto-trading-broker/.venv/lib/python3.13/site-packages/django/core/servers/basehttp.py:213 - "GET /api/v1/orders/ HTTP/1.1" 200 16894
[2025-12-01 00:53:18,424] INFO django.server /Users/NETPHIX_DEV/Desktop/crypto-trading-broker/.venv/lib/python3.13/site-packages/django/core/servers/basehttp.py:213 - "GET /api/v1/trading-pairs/1/ HTTP/1.1" 200 590
[2025-12-01 00:53:20,239] INFO django.server /Users/NETPHIX_DEV/Desktop/crypto-trading-broker/.venv/lib/python3.13/site-packages/django/core/servers/basehttp.py:213 - "GET /api/v1/trading-pairs/1/market_data/ HTTP/1.1" 200 334
[2025-12-01 00:53:20,258] INFO django.server /Users/NETPHIX_DEV/Desktop/crypto-trading-broker/.venv/lib/python3.13/site-packages/django/core/servers/basehttp.py:213 - "GET /api/v1/accounts/balance/ HTTP/1.1" 200 353
[2025-12-01 00:53:20,310] INFO django.server /Users/NETPHIX_DEV/Desktop/crypto-trading-broker/.venv/lib/python3.13/site-packages/django/core/servers/basehttp.py:213 - "GET /api/v1/positions/ HTTP/1.1" 200 4961
[2025-12-01 00:53:20,364] INFO django.server /Users/NETPHIX_DEV/Desktop/crypto-trading-broker/.venv/lib/python3.13/site-packages/django/core/servers/basehttp.py:213 - "GET /api/v1/orders/ HTTP/1.1" 200 16894
[2025-12-01 00:53:20,441] INFO django.server /Users/NETPHIX_DEV/Desktop/crypto-trading-broker/.venv/lib/python3.13/site-packages/django/core/servers/basehttp.py:213 - "GET /api/v1/transactions/?trading_pair=1 HTTP/1.1" 200 4182
[2025-12-01 00:54:00,532] INFO django.server /Users/NETPHIX_DEV/Desktop/crypto-trading-broker/.venv/lib/python3.13/site-packages/django/core/servers/basehttp.py:213 - "POST /api/v1/cron/execute-orders/?token=5Pm-SoiK_WTo2hU1sfsprv4qaUTqp_s0rdbdag45k9M= HTTP/1.1" 200 168
[2025-12-01 00:54:00,753] INFO django.server /Users/NETPHIX_DEV/Desktop/crypto-trading-broker/.venv/lib/python3.13/site-packages/django/core/servers/basehttp.py:213 - "POST /api/v1/cron/expire-orders/?token=5Pm-SoiK_WTo2hU1sfsprv4qaUTqp_s0rdbdag45k9M= HTTP/1.1" 200 131
[2025-12-01 00:54:05,305] INFO django.server /Users/NETPHIX_DEV/Desktop/crypto-trading-broker/.venv/lib/python3.13/site-packages/django/core/servers/basehttp.py:213 - "POST /api/v1/cron/update-positions/?token=5Pm-SoiK_WTo2hU1sfsprv4qaUTqp_s0rdbdag45k9M= HTTP/1.1" 200 369
[2025-12-01 00:55:00,588] INFO django.server /Users/NETPHIX_DEV/Desktop/crypto-trading-broker/.venv/lib/python3.13/site-packages/django/core/servers/basehttp.py:213 - "POST /api/v1/cron/execute-orders/?token=5Pm-SoiK_WTo2hU1sfsprv4qaUTqp_s0rdbdag45k9M= HTTP/1.1" 200 168
[2025-12-01 00:55:00,590] INFO django.server /Users/NETPHIX_DEV/Desktop/crypto-trading-broker/.venv/lib/python3.13/site-packages/django/core/servers/basehttp.py:213 - "POST /api/v1/cron/expire-orders/?token=5Pm-SoiK_WTo2hU1sfsprv4qaUTqp_s0rdbdag45k9M= HTTP/1.1" 200 131
[2025-12-01 00:55:11,704] INFO django.server /Users/NETPHIX_DEV/Desktop/crypto-trading-broker/.venv/lib/python3.13/site-packages/django/core/servers/basehttp.py:213 - "POST /api/v1/cron/update-positions/?token=5Pm-SoiK_WTo2hU1sfsprv4qaUTqp_s0rdbdag45k9M= HTTP/1.1" 200 369
[2025-12-01 00:56:00,602] INFO django.server /Users/NETPHIX_DEV/Desktop/crypto-trading-broker/.venv/lib/python3.13/site-packages/django/core/servers/basehttp.py:213 - "POST /api/v1/cron/execute-orders/?token=5Pm-SoiK_WTo2hU1sfsprv4qaUTqp_s0rdbdag45k9M= HTTP/1.1" 200 168
[2025-12-01 00:56:00,603] INFO django.server /Users/NETPHIX_DEV/Desktop/crypto-trading-broker/.venv/lib/python3.13/site-packages/django/core/servers/basehttp.py:213 - "POST /api/v1/cron/expire-orders/?token=5Pm-SoiK_WTo2hU1sfsprv4qaUTqp_s0rdbdag45k9M= HTTP/1.1" 200 131
[2025-12-01 00:56:05,333] INFO django.server /Users/NETPHIX_DEV/Desktop/crypto-trading-broker/.venv/lib/python3.13/site-packages/django/core/servers/basehttp.py:213 - "POST /api/v1/cron/update-positions/?token=5Pm-SoiK_WTo2hU1sfsprv4qaUTqp_s0rdbdag45k9M= HTTP/1.1" 200 369
[2025-12-01 00:57:00,720] INFO django.server /Users/NETPHIX_DEV/Desktop/crypto-trading-broker/.venv/lib/python3.13/site-packages/django/core/servers/basehttp.py:213 - "POST /api/v1/cron/expire-orders/?token=5Pm-SoiK_WTo2hU1sfsprv4qaUTqp_s0rdbdag45k9M= HTTP/1.1" 200 131
[2025-12-01 00:57:00,723] INFO django.server /Users/NETPHIX_DEV/Desktop/crypto-trading-broker/.venv/lib/python3.13/site-packages/django/core/servers/basehttp.py:213 - "POST /api/v1/cron/execute-orders/?token=5Pm-SoiK_WTo2hU1sfsprv4qaUTqp_s0rdbdag45k9M= HTTP/1.1" 200 168
[2025-12-01 00:57:09,959] INFO django.server /Users/NETPHIX_DEV/Desktop/crypto-trading-broker/.venv/lib/python3.13/site-packages/django/core/servers/basehttp.py:213 - "POST /api/v1/cron/update-positions/?token=5Pm-SoiK_WTo2hU1sfsprv4qaUTqp_s0rdbdag45k9M= HTTP/1.1" 200 369
[2025-12-01 00:58:00,642] INFO django.server /Users/NETPHIX_DEV/Desktop/crypto-trading-broker/.venv/lib/python3.13/site-packages/django/core/servers/basehttp.py:213 - "POST /api/v1/cron/execute-orders/?token=5Pm-SoiK_WTo2hU1sfsprv4qaUTqp_s0rdbdag45k9M= HTTP/1.1" 200 168
[2025-12-01 00:58:00,702] INFO django.server /Users/NETPHIX_DEV/Desktop/crypto-trading-broker/.venv/lib/python3.13/site-packages/django/core/servers/basehttp.py:213 - "POST /api/v1/cron/expire-orders/?token=5Pm-SoiK_WTo2hU1sfsprv4qaUTqp_s0rdbdag45k9M= HTTP/1.1" 200 131
[2025-12-01 00:58:05,272] INFO django.server /Users/NETPHIX_DEV/Desktop/crypto-trading-broker/.venv/lib/python3.13/site-packages/django/core/servers/basehttp.py:213 - "POST /api/v1/cron/update-positions/?token=5Pm-SoiK_WTo2hU1sfsprv4qaUTqp_s0rdbdag45k9M= HTTP/1.1" 200 369
[2025-12-01 00:59:00,738] INFO django.server /Users/NETPHIX_DEV/Desktop/crypto-trading-broker/.venv/lib/python3.13/site-packages/django/core/servers/basehttp.py:213 - "POST /api/v1/cron/expire-orders/?token=5Pm-SoiK_WTo2hU1sfsprv4qaUTqp_s0rdbdag45k9M= HTTP/1.1" 200 131
[2025-12-01 00:59:00,742] INFO django.server /Users/NETPHIX_DEV/Desktop/crypto-trading-broker/.venv/lib/python3.13/site-packages/django/core/servers/basehttp.py:213 - "POST /api/v1/cron/execute-orders/?token=5Pm-SoiK_WTo2hU1sfsprv4qaUTqp_s0rdbdag45k9M= HTTP/1.1" 200 168
[2025-12-01 00:59:09,534] INFO django.server /Users/NETPHIX_DEV/Desktop/crypto-trading-broker/.venv/lib/python3.13/site-packages/django/core/servers/basehttp.py:213 - "POST /api/v1/cron/update-positions/?token=5Pm-SoiK_WTo2hU1sfsprv4qaUTqp_s0rdbdag45k9M= HTTP/1.1" 200 369
[2025-12-01 01:00:03,815] INFO django.server /Users/NETPHIX_DEV/Desktop/crypto-trading-broker/.venv/lib/python3.13/site-packages/django/core/servers/basehttp.py:213 - "POST /api/v1/cron/execute-orders/?token=5Pm-SoiK_WTo2hU1sfsprv4qaUTqp_s0rdbdag45k9M= HTTP/1.1" 200 168
[2025-12-01 01:00:03,822] INFO django.server /Users/NETPHIX_DEV/Desktop/crypto-trading-broker/.venv/lib/python3.13/site-packages/django/core/servers/basehttp.py:213 - "POST /api/v1/cron/expire-orders/?token=5Pm-SoiK_WTo2hU1sfsprv4qaUTqp_s0rdbdag45k9M= HTTP/1.1" 200 131
[2025-12-01 01:00:08,436] INFO django.server /Users/NETPHIX_DEV/Desktop/crypto-trading-broker/.venv/lib/python3.13/site-packages/django/core/servers/basehttp.py:213 - "POST /api/v1/cron/update-positions/?token=5Pm-SoiK_WTo2hU1sfsprv4qaUTqp_s0rdbdag45k9M= HTTP/1.1" 200 369
[2025-12-01 01:01:00,944] INFO django.server /Users/NETPHIX_DEV/Desktop/crypto-trading-broker/.venv/lib/python3.13/site-packages/django/core/servers/basehttp.py:213 - "POST /api/v1/cron/execute-orders/?token=5Pm-SoiK_WTo2hU1sfsprv4qaUTqp_s0rdbdag45k9M= HTTP/1.1" 200 168
[2025-12-01 01:01:00,945] INFO django.server /Users/NETPHIX_DEV/Desktop/crypto-trading-broker/.venv/lib/python3.13/site-packages/django/core/servers/basehttp.py:213 - "POST /api/v1/cron/expire-orders/?token=5Pm-SoiK_WTo2hU1sfsprv4qaUTqp_s0rdbdag45k9M= HTTP/1.1" 200 131
[2025-12-01 01:01:09,743] INFO django.server /Users/NETPHIX_DEV/Desktop/crypto-trading-broker/.venv/lib/python3.13/site-packages/django/core/servers/basehttp.py:213 - "POST /api/v1/cron/update-positions/?token=5Pm-SoiK_WTo2hU1sfsprv4qaUTqp_s0rdbdag45k9M= HTTP/1.1" 200 369
[2025-12-01 01:02:00,741] INFO django.server /Users/NETPHIX_DEV/Desktop/crypto-trading-broker/.venv/lib/python3.13/site-packages/django/core/servers/basehttp.py:213 - "POST /api/v1/cron/expire-orders/?token=5Pm-SoiK_WTo2hU1sfsprv4qaUTqp_s0rdbdag45k9M= HTTP/1.1" 200 131
[2025-12-01 01:02:00,743] INFO django.server /Users/NETPHIX_DEV/Desktop/crypto-trading-broker/.venv/lib/python3.13/site-packages/django/core/servers/basehttp.py:213 - "POST /api/v1/cron/execute-orders/?token=5Pm-SoiK_WTo2hU1sfsprv4qaUTqp_s0rdbdag45k9M= HTTP/1.1" 200 168
[2025-12-01 01:02:05,297] INFO django.server /Users/NETPHIX_DEV/Desktop/crypto-trading-broker/.venv/lib/python3.13/site-packages/django/core/servers/basehttp.py:213 - "POST /api/v1/cron/update-positions/?token=5Pm-SoiK_WTo2hU1sfsprv4qaUTqp_s0rdbdag45k9M= HTTP/1.1" 200 369
[2025-12-01 01:03:01,176] INFO django.server /Users/NETPHIX_DEV/Desktop/crypto-trading-broker/.venv/lib/python3.13/site-packages/django/core/servers/basehttp.py:213 - "POST /api/v1/cron/expire-orders/?token=5Pm-SoiK_WTo2hU1sfsprv4qaUTqp_s0rdbdag45k9M= HTTP/1.1" 200 131
[2025-12-01 01:03:01,321] INFO django.server /Users/NETPHIX_DEV/Desktop/crypto-trading-broker/.venv/lib/python3.13/site-packages/django/core/servers/basehttp.py:213 - "POST /api/v1/cron/execute-orders/?token=5Pm-SoiK_WTo2hU1sfsprv4qaUTqp_s0rdbdag45k9M= HTTP/1.1" 200 168
[2025-12-01 01:03:10,682] INFO django.server /Users/NETPHIX_DEV/Desktop/crypto-trading-broker/.venv/lib/python3.13/site-packages/django/core/servers/basehttp.py:213 - "POST /api/v1/cron/update-positions/?token=5Pm-SoiK_WTo2hU1sfsprv4qaUTqp_s0rdbdag45k9M= HTTP/1.1" 200 369
[2025-12-01 01:04:00,709] INFO django.server /Users/NETPHIX_DEV/Desktop/crypto-trading-broker/.venv/lib/python3.13/site-packages/django/core/servers/basehttp.py:213 - "POST /api/v1/cron/execute-orders/?token=5Pm-SoiK_WTo2hU1sfsprv4qaUTqp_s0rdbdag45k9M= HTTP/1.1" 200 168
[2025-12-01 01:04:00,764] INFO django.server /Users/NETPHIX_DEV/Desktop/crypto-trading-broker/.venv/lib/python3.13/site-packages/django/core/servers/basehttp.py:213 - "POST /api/v1/cron/expire-orders/?token=5Pm-SoiK_WTo2hU1sfsprv4qaUTqp_s0rdbdag45k9M= HTTP/1.1" 200 131
[2025-12-01 01:04:05,555] INFO django.server /Users/NETPHIX_DEV/Desktop/crypto-trading-broker/.venv/lib/python3.13/site-packages/django/core/servers/basehttp.py:213 - "POST /api/v1/cron/update-positions/?token=5Pm-SoiK_WTo2hU1sfsprv4qaUTqp_s0rdbdag45k9M= HTTP/1.1" 200 369
[2025-12-01 01:05:00,691] INFO django.server /Users/NETPHIX_DEV/Desktop/crypto-trading-broker/.venv/lib/python3.13/site-packages/django/core/servers/basehttp.py:213 - "POST /api/v1/cron/expire-orders/?token=5Pm-SoiK_WTo2hU1sfsprv4qaUTqp_s0rdbdag45k9M= HTTP/1.1" 200 131
[2025-12-01 01:05:00,695] INFO django.server /Users/NETPHIX_DEV/Desktop/crypto-trading-broker/.venv/lib/python3.13/site-packages/django/core/servers/basehttp.py:213 - "POST /api/v1/cron/execute-orders/?token=5Pm-SoiK_WTo2hU1sfsprv4qaUTqp_s0rdbdag45k9M= HTTP/1.1" 200 168
[2025-12-01 01:05:09,643] INFO django.server /Users/NETPHIX_DEV/Desktop/crypto-trading-broker/.venv/lib/python3.13/site-packages/django/core/servers/basehttp.py:213 - "POST /api/v1/cron/update-positions/?token=5Pm-SoiK_WTo2hU1sfsprv4qaUTqp_s0rdbdag45k9M= HTTP/1.1" 200 369
[2025-12-01 01:06:00,638] INFO django.server /Users/NETPHIX_DEV/Desktop/crypto-trading-broker/.venv/lib/python3.13/site-packages/django/core/servers/basehttp.py:213 - "POST /api/v1/cron/execute-orders/?token=5Pm-SoiK_WTo2hU1sfsprv4qaUTqp_s0rdbdag45k9M= HTTP/1.1" 200 168
[2025-12-01 01:06:00,717] INFO django.server /Users/NETPHIX_DEV/Desktop/crypto-trading-broker/.venv/lib/python3.13/site-packages/django/core/servers/basehttp.py:213 - "POST /api/v1/cron/expire-orders/?token=5Pm-SoiK_WTo2hU1sfsprv4qaUTqp_s0rdbdag45k9M= HTTP/1.1" 200 131
[2025-12-01 01:06:05,337] INFO django.server /Users/NETPHIX_DEV/Desktop/crypto-trading-broker/.venv/lib/python3.13/site-packages/django/core/servers/basehttp.py:213 - "POST /api/v1/cron/update-positions/?token=5Pm-SoiK_WTo2hU1sfsprv4qaUTqp_s0rdbdag45k9M= HTTP/1.1" 200 369
[2025-12-01 01:07:00,838] INFO django.server /Users/NETPHIX_DEV/Desktop/crypto-trading-broker/.venv/lib/python3.13/site-packages/django/core/servers/basehttp.py:213 - "POST /api/v1/cron/expire-orders/?token=5Pm-SoiK_WTo2hU1sfsprv4qaUTqp_s0rdbdag45k9M= HTTP/1.1" 200 131
[2025-12-01 01:07:01,121] INFO django.server /Users/NETPHIX_DEV/Desktop/crypto-trading-broker/.venv/lib/python3.13/site-packages/django/core/servers/basehttp.py:213 - "POST /api/v1/cron/execute-orders/?token=5Pm-SoiK_WTo2hU1sfsprv4qaUTqp_s0rdbdag45k9M= HTTP/1.1" 200 168
[2025-12-01 01:07:09,885] INFO django.server /Users/NETPHIX_DEV/Desktop/crypto-trading-broker/.venv/lib/python3.13/site-packages/django/core/servers/basehttp.py:213 - "POST /api/v1/cron/update-positions/?token=5Pm-SoiK_WTo2hU1sfsprv4qaUTqp_s0rdbdag45k9M= HTTP/1.1" 200 369
[2025-12-01 01:08:00,684] INFO django.server /Users/NETPHIX_DEV/Desktop/crypto-trading-broker/.venv/lib/python3.13/site-packages/django/core/servers/basehttp.py:213 - "POST /api/v1/cron/expire-orders/?token=5Pm-SoiK_WTo2hU1sfsprv4qaUTqp_s0rdbdag45k9M= HTTP/1.1" 200 131
[2025-12-01 01:08:00,710] INFO django.server /Users/NETPHIX_DEV/Desktop/crypto-trading-broker/.venv/lib/python3.13/site-packages/django/core/servers/basehttp.py:213 - "POST /api/v1/cron/execute-orders/?token=5Pm-SoiK_WTo2hU1sfsprv4qaUTqp_s0rdbdag45k9M= HTTP/1.1" 200 168
[2025-12-01 01:08:05,662] INFO django.server /Users/NETPHIX_DEV/Desktop/crypto-trading-broker/.venv/lib/python3.13/site-packages/django/core/servers/basehttp.py:213 - "POST /api/v1/cron/update-positions/?token=5Pm-SoiK_WTo2hU1sfsprv4qaUTqp_s0rdbdag45k9M= HTTP/1.1" 200 369
[2025-12-01 01:09:00,736] INFO django.server /Users/NETPHIX_DEV/Desktop/crypto-trading-broker/.venv/lib/python3.13/site-packages/django/core/servers/basehttp.py:213 - "POST /api/v1/cron/expire-orders/?token=5Pm-SoiK_WTo2hU1sfsprv4qaUTqp_s0rdbdag45k9M= HTTP/1.1" 200 131
[2025-12-01 01:09:00,853] INFO django.server /Users/NETPHIX_DEV/Desktop/crypto-trading-broker/.venv/lib/python3.13/site-packages/django/core/servers/basehttp.py:213 - "POST /api/v1/cron/execute-orders/?token=5Pm-SoiK_WTo2hU1sfsprv4qaUTqp_s0rdbdag45k9M= HTTP/1.1" 200 168
[2025-12-01 01:09:09,243] INFO django.server /Users/NETPHIX_DEV/Desktop/crypto-trading-broker/.venv/lib/python3.13/site-packages/django/core/servers/basehttp.py:213 - "POST /api/v1/cron/update-positions/?token=5Pm-SoiK_WTo2hU1sfsprv4qaUTqp_s0rdbdag45k9M= HTTP/1.1" 200 369
[2025-12-01 01:10:02,072] INFO django.server /Users/NETPHIX_DEV/Desktop/crypto-trading-broker/.venv/lib/python3.13/site-packages/django/core/servers/basehttp.py:213 - "POST /api/v1/cron/execute-orders/?token=5Pm-SoiK_WTo2hU1sfsprv4qaUTqp_s0rdbdag45k9M= HTTP/1.1" 200 168
[2025-12-01 01:10:02,331] INFO django.server /Users/NETPHIX_DEV/Desktop/crypto-trading-broker/.venv/lib/python3.13/site-packages/django/core/servers/basehttp.py:213 - "POST /api/v1/cron/expire-orders/?token=5Pm-SoiK_WTo2hU1sfsprv4qaUTqp_s0rdbdag45k9M= HTTP/1.1" 200 131
[2025-12-01 01:10:07,466] INFO django.server /Users/NETPHIX_DEV/Desktop/crypto-trading-broker/.venv/lib/python3.13/site-packages/django/core/servers/basehttp.py:213 - "POST /api/v1/cron/update-positions/?token=5Pm-SoiK_WTo2hU1sfsprv4qaUTqp_s0rdbdag45k9M= HTTP/1.1" 200 369
[2025-12-01 01:11:00,721] INFO django.server /Users/NETPHIX_DEV/Desktop/crypto-trading-broker/.venv/lib/python3.13/site-packages/django/core/servers/basehttp.py:213 - "POST /api/v1/cron/execute-orders/?token=5Pm-SoiK_WTo2hU1sfsprv4qaUTqp_s0rdbdag45k9M= HTTP/1.1" 200 168
[2025-12-01 01:11:00,776] INFO django.server /Users/NETPHIX_DEV/Desktop/crypto-trading-broker/.venv/lib/python3.13/site-packages/django/core/servers/basehttp.py:213 - "POST /api/v1/cron/expire-orders/?token=5Pm-SoiK_WTo2hU1sfsprv4qaUTqp_s0rdbdag45k9M= HTTP/1.1" 200 131
[2025-12-01 01:11:09,552] INFO django.server /Users/NETPHIX_DEV/Desktop/crypto-trading-broker/.venv/lib/python3.13/site-packages/django/core/servers/basehttp.py:213 - "POST /api/v1/cron/update-positions/?token=5Pm-SoiK_WTo2hU1sfsprv4qaUTqp_s0rdbdag45k9M= HTTP/1.1" 200 369
[2025-12-01 01:12:00,731] INFO django.server /Users/NETPHIX_DEV/Desktop/crypto-trading-broker/.venv/lib/python3.13/site-packages/django/core/servers/basehttp.py:213 - "POST /api/v1/cron/expire-orders/?token=5Pm-SoiK_WTo2hU1sfsprv4qaUTqp_s0rdbdag45k9M= HTTP/1.1" 200 131
[2025-12-01 01:12:00,734] INFO django.server /Users/NETPHIX_DEV/Desktop/crypto-trading-broker/.venv/lib/python3.13/site-packages/django/core/servers/basehttp.py:213 - "POST /api/v1/cron/execute-orders/?token=5Pm-SoiK_WTo2hU1sfsprv4qaUTqp_s0rdbdag45k9M= HTTP/1.1" 200 168
[2025-12-01 01:12:05,455] INFO django.server /Users/NETPHIX_DEV/Desktop/crypto-trading-broker/.venv/lib/python3.13/site-packages/django/core/servers/basehttp.py:213 - "POST /api/v1/cron/update-positions/?token=5Pm-SoiK_WTo2hU1sfsprv4qaUTqp_s0rdbdag45k9M= HTTP/1.1" 200 369
[2025-12-01 01:13:00,716] INFO django.server /Users/NETPHIX_DEV/Desktop/crypto-trading-broker/.venv/lib/python3.13/site-packages/django/core/servers/basehttp.py:213 - "POST /api/v1/cron/execute-orders/?token=5Pm-SoiK_WTo2hU1sfsprv4qaUTqp_s0rdbdag45k9M= HTTP/1.1" 200 168
[2025-12-01 01:13:00,890] INFO django.server /Users/NETPHIX_DEV/Desktop/crypto-trading-broker/.venv/lib/python3.13/site-packages/django/core/servers/basehttp.py:213 - "POST /api/v1/cron/expire-orders/?token=5Pm-SoiK_WTo2hU1sfsprv4qaUTqp_s0rdbdag45k9M= HTTP/1.1" 200 131
[2025-12-01 01:13:10,048] INFO django.server /Users/NETPHIX_DEV/Desktop/crypto-trading-broker/.venv/lib/python3.13/site-packages/django/core/servers/basehttp.py:213 - "POST /api/v1/cron/update-positions/?token=5Pm-SoiK_WTo2hU1sfsprv4qaUTqp_s0rdbdag45k9M= HTTP/1.1" 200 369
[2025-12-01 01:14:00,716] INFO django.server /Users/NETPHIX_DEV/Desktop/crypto-trading-broker/.venv/lib/python3.13/site-packages/django/core/servers/basehttp.py:213 - "POST /api/v1/cron/execute-orders/?token=5Pm-SoiK_WTo2hU1sfsprv4qaUTqp_s0rdbdag45k9M= HTTP/1.1" 200 168
[2025-12-01 01:14:00,765] INFO django.server /Users/NETPHIX_DEV/Desktop/crypto-trading-broker/.venv/lib/python3.13/site-packages/django/core/servers/basehttp.py:213 - "POST /api/v1/cron/expire-orders/?token=5Pm-SoiK_WTo2hU1sfsprv4qaUTqp_s0rdbdag45k9M= HTTP/1.1" 200 131
[2025-12-01 01:14:05,386] INFO django.server /Users/NETPHIX_DEV/Desktop/crypto-trading-broker/.venv/lib/python3.13/site-packages/django/core/servers/basehttp.py:213 - "POST /api/v1/cron/update-positions/?token=5Pm-SoiK_WTo2hU1sfsprv4qaUTqp_s0rdbdag45k9M= HTTP/1.1" 200 369
[2025-12-01 01:15:01,965] INFO django.server /Users/NETPHIX_DEV/Desktop/crypto-trading-broker/.venv/lib/python3.13/site-packages/django/core/servers/basehttp.py:213 - "POST /api/v1/cron/execute-orders/?token=5Pm-SoiK_WTo2hU1sfsprv4qaUTqp_s0rdbdag45k9M= HTTP/1.1" 200 168
[2025-12-01 01:15:02,568] INFO django.server /Users/NETPHIX_DEV/Desktop/crypto-trading-broker/.venv/lib/python3.13/site-packages/django/core/servers/basehttp.py:213 - "POST /api/v1/cron/expire-orders/?token=5Pm-SoiK_WTo2hU1sfsprv4qaUTqp_s0rdbdag45k9M= HTTP/1.1" 200 131
[2025-12-01 01:15:11,727] INFO django.server /Users/NETPHIX_DEV/Desktop/crypto-trading-broker/.venv/lib/python3.13/site-packages/django/core/servers/basehttp.py:213 - "POST /api/v1/cron/update-positions/?token=5Pm-SoiK_WTo2hU1sfsprv4qaUTqp_s0rdbdag45k9M= HTTP/1.1" 200 369
[2025-12-01 01:16:00,792] INFO django.server /Users/NETPHIX_DEV/Desktop/crypto-trading-broker/.venv/lib/python3.13/site-packages/django/core/servers/basehttp.py:213 - "POST /api/v1/cron/execute-orders/?token=5Pm-SoiK_WTo2hU1sfsprv4qaUTqp_s0rdbdag45k9M= HTTP/1.1" 200 168
[2025-12-01 01:16:00,851] INFO django.server /Users/NETPHIX_DEV/Desktop/crypto-trading-broker/.venv/lib/python3.13/site-packages/django/core/servers/basehttp.py:213 - "POST /api/v1/cron/expire-orders/?token=5Pm-SoiK_WTo2hU1sfsprv4qaUTqp_s0rdbdag45k9M= HTTP/1.1" 200 131
[2025-12-01 01:16:05,344] INFO django.server /Users/NETPHIX_DEV/Desktop/crypto-trading-broker/.venv/lib/python3.13/site-packages/django/core/servers/basehttp.py:213 - "POST /api/v1/cron/update-positions/?token=5Pm-SoiK_WTo2hU1sfsprv4qaUTqp_s0rdbdag45k9M= HTTP/1.1" 200 369
[2025-12-01 01:17:00,852] INFO django.server /Users/NETPHIX_DEV/Desktop/crypto-trading-broker/.venv/lib/python3.13/site-packages/django/core/servers/basehttp.py:213 - "POST /api/v1/cron/execute-orders/?token=5Pm-SoiK_WTo2hU1sfsprv4qaUTqp_s0rdbdag45k9M= HTTP/1.1" 200 168
[2025-12-01 01:17:00,859] INFO django.server /Users/NETPHIX_DEV/Desktop/crypto-trading-broker/.venv/lib/python3.13/site-packages/django/core/servers/basehttp.py:213 - "POST /api/v1/cron/expire-orders/?token=5Pm-SoiK_WTo2hU1sfsprv4qaUTqp_s0rdbdag45k9M= HTTP/1.1" 200 131
[2025-12-01 01:17:10,386] INFO django.server /Users/NETPHIX_DEV/Desktop/crypto-trading-broker/.venv/lib/python3.13/site-packages/django/core/servers/basehttp.py:213 - "POST /api/v1/cron/update-positions/?token=5Pm-SoiK_WTo2hU1sfsprv4qaUTqp_s0rdbdag45k9M= HTTP/1.1" 200 369
[2025-12-01 01:18:01,026] INFO django.server /Users/NETPHIX_DEV/Desktop/crypto-trading-broker/.venv/lib/python3.13/site-packages/django/core/servers/basehttp.py:213 - "POST /api/v1/cron/execute-orders/?token=5Pm-SoiK_WTo2hU1sfsprv4qaUTqp_s0rdbdag45k9M= HTTP/1.1" 200 168
[2025-12-01 01:18:01,033] INFO django.server /Users/NETPHIX_DEV/Desktop/crypto-trading-broker/.venv/lib/python3.13/site-packages/django/core/servers/basehttp.py:213 - "POST /api/v1/cron/expire-orders/?token=5Pm-SoiK_WTo2hU1sfsprv4qaUTqp_s0rdbdag45k9M= HTTP/1.1" 200 131
[2025-12-01 01:18:05,735] INFO django.server /Users/NETPHIX_DEV/Desktop/crypto-trading-broker/.venv/lib/python3.13/site-packages/django/core/servers/basehttp.py:213 - "POST /api/v1/cron/update-positions/?token=5Pm-SoiK_WTo2hU1sfsprv4qaUTqp_s0rdbdag45k9M= HTTP/1.1" 200 369
[2025-12-01 01:19:00,856] INFO django.server /Users/NETPHIX_DEV/Desktop/crypto-trading-broker/.venv/lib/python3.13/site-packages/django/core/servers/basehttp.py:213 - "POST /api/v1/cron/expire-orders/?token=5Pm-SoiK_WTo2hU1sfsprv4qaUTqp_s0rdbdag45k9M= HTTP/1.1" 200 131
[2025-12-01 01:19:01,062] INFO django.server /Users/NETPHIX_DEV/Desktop/crypto-trading-broker/.venv/lib/python3.13/site-packages/django/core/servers/basehttp.py:213 - "POST /api/v1/cron/execute-orders/?token=5Pm-SoiK_WTo2hU1sfsprv4qaUTqp_s0rdbdag45k9M= HTTP/1.1" 200 168
[2025-12-01 01:19:11,685] INFO django.server /Users/NETPHIX_DEV/Desktop/crypto-trading-broker/.venv/lib/python3.13/site-packages/django/core/servers/basehttp.py:213 - "POST /api/v1/cron/update-positions/?token=5Pm-SoiK_WTo2hU1sfsprv4qaUTqp_s0rdbdag45k9M= HTTP/1.1" 200 369
[2025-12-01 01:20:01,776] INFO django.server /Users/NETPHIX_DEV/Desktop/crypto-trading-broker/.venv/lib/python3.13/site-packages/django/core/servers/basehttp.py:213 - "POST /api/v1/cron/expire-orders/?token=5Pm-SoiK_WTo2hU1sfsprv4qaUTqp_s0rdbdag45k9M= HTTP/1.1" 200 131
[2025-12-01 01:20:01,988] INFO django.server /Users/NETPHIX_DEV/Desktop/crypto-trading-broker/.venv/lib/python3.13/site-packages/django/core/servers/basehttp.py:213 - "POST /api/v1/cron/execute-orders/?token=5Pm-SoiK_WTo2hU1sfsprv4qaUTqp_s0rdbdag45k9M= HTTP/1.1" 200 168
[2025-12-01 01:20:07,335] INFO django.server /Users/NETPHIX_DEV/Desktop/crypto-trading-broker/.venv/lib/python3.13/site-packages/django/core/servers/basehttp.py:213 - "POST /api/v1/cron/update-positions/?token=5Pm-SoiK_WTo2hU1sfsprv4qaUTqp_s0rdbdag45k9M= HTTP/1.1" 200 369
[2025-12-01 01:21:00,882] INFO django.server /Users/NETPHIX_DEV/Desktop/crypto-trading-broker/.venv/lib/python3.13/site-packages/django/core/servers/basehttp.py:213 - "POST /api/v1/cron/execute-orders/?token=5Pm-SoiK_WTo2hU1sfsprv4qaUTqp_s0rdbdag45k9M= HTTP/1.1" 200 168
[2025-12-01 01:21:00,888] INFO django.server /Users/NETPHIX_DEV/Desktop/crypto-trading-broker/.venv/lib/python3.13/site-packages/django/core/servers/basehttp.py:213 - "POST /api/v1/cron/expire-orders/?token=5Pm-SoiK_WTo2hU1sfsprv4qaUTqp_s0rdbdag45k9M= HTTP/1.1" 200 131
[2025-12-01 01:21:10,322] INFO django.server /Users/NETPHIX_DEV/Desktop/crypto-trading-broker/.venv/lib/python3.13/site-packages/django/core/servers/basehttp.py:213 - "POST /api/v1/cron/update-positions/?token=5Pm-SoiK_WTo2hU1sfsprv4qaUTqp_s0rdbdag45k9M= HTTP/1.1" 200 369
[2025-12-01 01:22:00,717] INFO django.server /Users/NETPHIX_DEV/Desktop/crypto-trading-broker/.venv/lib/python3.13/site-packages/django/core/servers/basehttp.py:213 - "POST /api/v1/cron/execute-orders/?token=5Pm-SoiK_WTo2hU1sfsprv4qaUTqp_s0rdbdag45k9M= HTTP/1.1" 200 168
[2025-12-01 01:22:00,785] INFO django.server /Users/NETPHIX_DEV/Desktop/crypto-trading-broker/.venv/lib/python3.13/site-packages/django/core/servers/basehttp.py:213 - "POST /api/v1/cron/expire-orders/?token=5Pm-SoiK_WTo2hU1sfsprv4qaUTqp_s0rdbdag45k9M= HTTP/1.1" 200 131
[2025-12-01 01:22:05,393] INFO django.server /Users/NETPHIX_DEV/Desktop/crypto-trading-broker/.venv/lib/python3.13/site-packages/django/core/servers/basehttp.py:213 - "POST /api/v1/cron/update-positions/?token=5Pm-SoiK_WTo2hU1sfsprv4qaUTqp_s0rdbdag45k9M= HTTP/1.1" 200 369
[2025-12-01 01:23:00,964] INFO django.server /Users/NETPHIX_DEV/Desktop/crypto-trading-broker/.venv/lib/python3.13/site-packages/django/core/servers/basehttp.py:213 - "POST /api/v1/cron/expire-orders/?token=5Pm-SoiK_WTo2hU1sfsprv4qaUTqp_s0rdbdag45k9M= HTTP/1.1" 200 131
[2025-12-01 01:23:00,969] INFO django.server /Users/NETPHIX_DEV/Desktop/crypto-trading-broker/.venv/lib/python3.13/site-packages/django/core/servers/basehttp.py:213 - "POST /api/v1/cron/execute-orders/?token=5Pm-SoiK_WTo2hU1sfsprv4qaUTqp_s0rdbdag45k9M= HTTP/1.1" 200 168
[2025-12-01 01:23:09,884] INFO django.server /Users/NETPHIX_DEV/Desktop/crypto-trading-broker/.venv/lib/python3.13/site-packages/django/core/servers/basehttp.py:213 - "POST /api/v1/cron/update-positions/?token=5Pm-SoiK_WTo2hU1sfsprv4qaUTqp_s0rdbdag45k9M= HTTP/1.1" 200 369
[2025-12-01 01:23:16,020] INFO django.server /Users/NETPHIX_DEV/Desktop/crypto-trading-broker/.venv/lib/python3.13/site-packages/django/core/servers/basehttp.py:213 - "GET /dashboard/trading-view/1/ HTTP/1.1" 200 119947
[2025-12-01 01:23:16,345] WARNING django.server /Users/NETPHIX_DEV/Desktop/crypto-trading-broker/.venv/lib/python3.13/site-packages/django/core/servers/basehttp.py:213 - "GET /.well-known/appspecific/com.chrome.devtools.json HTTP/1.1" 404 20610
[2025-12-01 01:23:17,222] INFO django.server /Users/NETPHIX_DEV/Desktop/crypto-trading-broker/.venv/lib/python3.13/site-packages/django/core/servers/basehttp.py:213 - "GET /static/assets/scripts/api.js HTTP/1.1" 200 32690
[2025-12-01 01:23:17,237] INFO django.server /Users/NETPHIX_DEV/Desktop/crypto-trading-broker/.venv/lib/python3.13/site-packages/django/core/servers/basehttp.py:213 - "GET /static/assets/scripts/order-handler.js HTTP/1.1" 200 16523
[2025-12-01 01:23:17,245] INFO django.server /Users/NETPHIX_DEV/Desktop/crypto-trading-broker/.venv/lib/python3.13/site-packages/django/core/servers/basehttp.py:213 - "GET /static/assets/scripts/trading-single.js HTTP/1.1" 200 43401
[2025-12-01 01:23:18,776] INFO django.server /Users/NETPHIX_DEV/Desktop/crypto-trading-broker/.venv/lib/python3.13/site-packages/django/core/servers/basehttp.py:213 - "GET /api/v1/trading/config/ HTTP/1.1" 200 1299
[2025-12-01 01:23:18,902] INFO django.server /Users/NETPHIX_DEV/Desktop/crypto-trading-broker/.venv/lib/python3.13/site-packages/django/core/servers/basehttp.py:213 - "GET /api/v1/orders/trading_summary/ HTTP/1.1" 200 293
[2025-12-01 01:23:18,946] INFO django.server /Users/NETPHIX_DEV/Desktop/crypto-trading-broker/.venv/lib/python3.13/site-packages/django/core/servers/basehttp.py:213 - "GET /api/v1/positions/ HTTP/1.1" 200 4960
[2025-12-01 01:23:19,023] INFO django.server /Users/NETPHIX_DEV/Desktop/crypto-trading-broker/.venv/lib/python3.13/site-packages/django/core/servers/basehttp.py:213 - "GET /api/v1/orders/ HTTP/1.1" 200 16894
[2025-12-01 01:23:19,051] INFO django.server /Users/NETPHIX_DEV/Desktop/crypto-trading-broker/.venv/lib/python3.13/site-packages/django/core/servers/basehttp.py:213 - "GET /api/v1/trading-pairs/1/ HTTP/1.1" 200 590
[2025-12-01 01:23:20,797] INFO django.server /Users/NETPHIX_DEV/Desktop/crypto-trading-broker/.venv/lib/python3.13/site-packages/django/core/servers/basehttp.py:213 - "GET /api/v1/trading-pairs/1/market_data/ HTTP/1.1" 200 334
[2025-12-01 01:23:20,814] INFO django.server /Users/NETPHIX_DEV/Desktop/crypto-trading-broker/.venv/lib/python3.13/site-packages/django/core/servers/basehttp.py:213 - "GET /api/v1/accounts/balance/ HTTP/1.1" 200 353
[2025-12-01 01:23:20,850] INFO django.server /Users/NETPHIX_DEV/Desktop/crypto-trading-broker/.venv/lib/python3.13/site-packages/django/core/servers/basehttp.py:213 - "GET /api/v1/positions/ HTTP/1.1" 200 4960
[2025-12-01 01:23:20,890] INFO django.server /Users/NETPHIX_DEV/Desktop/crypto-trading-broker/.venv/lib/python3.13/site-packages/django/core/servers/basehttp.py:213 - "GET /api/v1/orders/ HTTP/1.1" 200 16894
[2025-12-01 01:23:20,966] INFO django.server /Users/NETPHIX_DEV/Desktop/crypto-trading-broker/.venv/lib/python3.13/site-packages/django/core/servers/basehttp.py:213 - "GET /api/v1/transactions/?trading_pair=1 HTTP/1.1" 200 4182
[2025-12-01 01:23:29,142] INFO django.server /Users/NETPHIX_DEV/Desktop/crypto-trading-broker/.venv/lib/python3.13/site-packages/django/core/servers/basehttp.py:213 - "GET /static/assets/img/XoR8MfdPTzQDfF4JVKuMIQhGj8HmCdPoBxveN4vK.png HTTP/1.1" 200 8868
[2025-12-01 01:24:00,754] INFO django.server /Users/NETPHIX_DEV/Desktop/crypto-trading-broker/.venv/lib/python3.13/site-packages/django/core/servers/basehttp.py:213 - "POST /api/v1/cron/expire-orders/?token=5Pm-SoiK_WTo2hU1sfsprv4qaUTqp_s0rdbdag45k9M= HTTP/1.1" 200 131
[2025-12-01 01:24:00,830] INFO django.server /Users/NETPHIX_DEV/Desktop/crypto-trading-broker/.venv/lib/python3.13/site-packages/django/core/servers/basehttp.py:213 - "POST /api/v1/cron/execute-orders/?token=5Pm-SoiK_WTo2hU1sfsprv4qaUTqp_s0rdbdag45k9M= HTTP/1.1" 200 168
[2025-12-01 01:24:06,201] INFO django.server /Users/NETPHIX_DEV/Desktop/crypto-trading-broker/.venv/lib/python3.13/site-packages/django/core/servers/basehttp.py:213 - "POST /api/v1/cron/update-positions/?token=5Pm-SoiK_WTo2hU1sfsprv4qaUTqp_s0rdbdag45k9M= HTTP/1.1" 200 369
[2025-12-01 01:25:01,150] INFO django.server /Users/NETPHIX_DEV/Desktop/crypto-trading-broker/.venv/lib/python3.13/site-packages/django/core/servers/basehttp.py:213 - "POST /api/v1/cron/execute-orders/?token=5Pm-SoiK_WTo2hU1sfsprv4qaUTqp_s0rdbdag45k9M= HTTP/1.1" 200 168
[2025-12-01 01:25:01,154] INFO django.server /Users/NETPHIX_DEV/Desktop/crypto-trading-broker/.venv/lib/python3.13/site-packages/django/core/servers/basehttp.py:213 - "POST /api/v1/cron/expire-orders/?token=5Pm-SoiK_WTo2hU1sfsprv4qaUTqp_s0rdbdag45k9M= HTTP/1.1" 200 131
[2025-12-01 01:25:14,727] INFO django.server /Users/NETPHIX_DEV/Desktop/crypto-trading-broker/.venv/lib/python3.13/site-packages/django/core/servers/basehttp.py:213 - "POST /api/v1/cron/update-positions/?token=5Pm-SoiK_WTo2hU1sfsprv4qaUTqp_s0rdbdag45k9M= HTTP/1.1" 200 369
[2025-12-01 01:26:00,723] INFO django.server /Users/NETPHIX_DEV/Desktop/crypto-trading-broker/.venv/lib/python3.13/site-packages/django/core/servers/basehttp.py:213 - "POST /api/v1/cron/execute-orders/?token=5Pm-SoiK_WTo2hU1sfsprv4qaUTqp_s0rdbdag45k9M= HTTP/1.1" 200 168
[2025-12-01 01:26:00,867] INFO django.server /Users/NETPHIX_DEV/Desktop/crypto-trading-broker/.venv/lib/python3.13/site-packages/django/core/servers/basehttp.py:213 - "POST /api/v1/cron/expire-orders/?token=5Pm-SoiK_WTo2hU1sfsprv4qaUTqp_s0rdbdag45k9M= HTTP/1.1" 200 131
[2025-12-01 01:26:06,906] INFO django.server /Users/NETPHIX_DEV/Desktop/crypto-trading-broker/.venv/lib/python3.13/site-packages/django/core/servers/basehttp.py:213 - "POST /api/v1/cron/update-positions/?token=5Pm-SoiK_WTo2hU1sfsprv4qaUTqp_s0rdbdag45k9M= HTTP/1.1" 200 369
[2025-12-01 01:27:00,809] INFO django.server /Users/NETPHIX_DEV/Desktop/crypto-trading-broker/.venv/lib/python3.13/site-packages/django/core/servers/basehttp.py:213 - "POST /api/v1/cron/expire-orders/?token=5Pm-SoiK_WTo2hU1sfsprv4qaUTqp_s0rdbdag45k9M= HTTP/1.1" 200 131
[2025-12-01 01:27:00,896] INFO django.server /Users/NETPHIX_DEV/Desktop/crypto-trading-broker/.venv/lib/python3.13/site-packages/django/core/servers/basehttp.py:213 - "POST /api/v1/cron/execute-orders/?token=5Pm-SoiK_WTo2hU1sfsprv4qaUTqp_s0rdbdag45k9M= HTTP/1.1" 200 168
[2025-12-01 01:27:09,933] INFO django.server /Users/NETPHIX_DEV/Desktop/crypto-trading-broker/.venv/lib/python3.13/site-packages/django/core/servers/basehttp.py:213 - "POST /api/v1/cron/update-positions/?token=5Pm-SoiK_WTo2hU1sfsprv4qaUTqp_s0rdbdag45k9M= HTTP/1.1" 200 369
[2025-12-01 01:28:00,853] INFO django.server /Users/NETPHIX_DEV/Desktop/crypto-trading-broker/.venv/lib/python3.13/site-packages/django/core/servers/basehttp.py:213 - "POST /api/v1/cron/expire-orders/?token=5Pm-SoiK_WTo2hU1sfsprv4qaUTqp_s0rdbdag45k9M= HTTP/1.1" 200 131
[2025-12-01 01:28:00,854] INFO django.server /Users/NETPHIX_DEV/Desktop/crypto-trading-broker/.venv/lib/python3.13/site-packages/django/core/servers/basehttp.py:213 - "POST /api/v1/cron/execute-orders/?token=5Pm-SoiK_WTo2hU1sfsprv4qaUTqp_s0rdbdag45k9M= HTTP/1.1" 200 168
[2025-12-01 01:28:05,805] INFO django.server /Users/NETPHIX_DEV/Desktop/crypto-trading-broker/.venv/lib/python3.13/site-packages/django/core/servers/basehttp.py:213 - "POST /api/v1/cron/update-positions/?token=5Pm-SoiK_WTo2hU1sfsprv4qaUTqp_s0rdbdag45k9M= HTTP/1.1" 200 369
[2025-12-01 01:29:00,947] INFO django.server /Users/NETPHIX_DEV/Desktop/crypto-trading-broker/.venv/lib/python3.13/site-packages/django/core/servers/basehttp.py:213 - "POST /api/v1/cron/expire-orders/?token=5Pm-SoiK_WTo2hU1sfsprv4qaUTqp_s0rdbdag45k9M= HTTP/1.1" 200 131
[2025-12-01 01:29:00,948] INFO django.server /Users/NETPHIX_DEV/Desktop/crypto-trading-broker/.venv/lib/python3.13/site-packages/django/core/servers/basehttp.py:213 - "POST /api/v1/cron/execute-orders/?token=5Pm-SoiK_WTo2hU1sfsprv4qaUTqp_s0rdbdag45k9M= HTTP/1.1" 200 168
[2025-12-01 01:29:09,988] INFO django.server /Users/NETPHIX_DEV/Desktop/crypto-trading-broker/.venv/lib/python3.13/site-packages/django/core/servers/basehttp.py:213 - "POST /api/v1/cron/update-positions/?token=5Pm-SoiK_WTo2hU1sfsprv4qaUTqp_s0rdbdag45k9M= HTTP/1.1" 200 369
[2025-12-01 01:30:03,050] INFO django.server /Users/NETPHIX_DEV/Desktop/crypto-trading-broker/.venv/lib/python3.13/site-packages/django/core/servers/basehttp.py:213 - "POST /api/v1/cron/expire-orders/?token=5Pm-SoiK_WTo2hU1sfsprv4qaUTqp_s0rdbdag45k9M= HTTP/1.1" 200 131
[2025-12-01 01:30:03,241] INFO django.server /Users/NETPHIX_DEV/Desktop/crypto-trading-broker/.venv/lib/python3.13/site-packages/django/core/servers/basehttp.py:213 - "POST /api/v1/cron/execute-orders/?token=5Pm-SoiK_WTo2hU1sfsprv4qaUTqp_s0rdbdag45k9M= HTTP/1.1" 200 168
[2025-12-01 01:30:07,964] INFO django.server /Users/NETPHIX_DEV/Desktop/crypto-trading-broker/.venv/lib/python3.13/site-packages/django/core/servers/basehttp.py:213 - "POST /api/v1/cron/update-positions/?token=5Pm-SoiK_WTo2hU1sfsprv4qaUTqp_s0rdbdag45k9M= HTTP/1.1" 200 369
[2025-12-01 01:31:00,980] INFO django.server /Users/NETPHIX_DEV/Desktop/crypto-trading-broker/.venv/lib/python3.13/site-packages/django/core/servers/basehttp.py:213 - "POST /api/v1/cron/expire-orders/?token=5Pm-SoiK_WTo2hU1sfsprv4qaUTqp_s0rdbdag45k9M= HTTP/1.1" 200 131
[2025-12-01 01:31:00,982] INFO django.server /Users/NETPHIX_DEV/Desktop/crypto-trading-broker/.venv/lib/python3.13/site-packages/django/core/servers/basehttp.py:213 - "POST /api/v1/cron/execute-orders/?token=5Pm-SoiK_WTo2hU1sfsprv4qaUTqp_s0rdbdag45k9M= HTTP/1.1" 200 168
[2025-12-01 01:31:10,953] INFO django.server /Users/NETPHIX_DEV/Desktop/crypto-trading-broker/.venv/lib/python3.13/site-packages/django/core/servers/basehttp.py:213 - "POST /api/v1/cron/update-positions/?token=5Pm-SoiK_WTo2hU1sfsprv4qaUTqp_s0rdbdag45k9M= HTTP/1.1" 200 369
[2025-12-01 01:31:42,625] WARNING django.server /Users/NETPHIX_DEV/Desktop/crypto-trading-broker/.venv/lib/python3.13/site-packages/django/core/servers/basehttp.py:213 - "GET /api/v1/orders/ HTTP/1.1" 401 172
[2025-12-01 01:31:57,471] INFO django.server /Users/NETPHIX_DEV/Desktop/crypto-trading-broker/.venv/lib/python3.13/site-packages/django/core/servers/basehttp.py:213 - "GET /api/v1/orders/ HTTP/1.1" 200 16894
[2025-12-01 01:32:00,882] INFO django.server /Users/NETPHIX_DEV/Desktop/crypto-trading-broker/.venv/lib/python3.13/site-packages/django/core/servers/basehttp.py:213 - "POST /api/v1/cron/expire-orders/?token=5Pm-SoiK_WTo2hU1sfsprv4qaUTqp_s0rdbdag45k9M= HTTP/1.1" 200 131
[2025-12-01 01:32:01,552] INFO django.server /Users/NETPHIX_DEV/Desktop/crypto-trading-broker/.venv/lib/python3.13/site-packages/django/core/servers/basehttp.py:213 - "POST /api/v1/cron/execute-orders/?token=5Pm-SoiK_WTo2hU1sfsprv4qaUTqp_s0rdbdag45k9M= HTTP/1.1" 200 168
[2025-12-01 01:32:07,556] INFO django.server /Users/NETPHIX_DEV/Desktop/crypto-trading-broker/.venv/lib/python3.13/site-packages/django/core/servers/basehttp.py:213 - "POST /api/v1/cron/update-positions/?token=5Pm-SoiK_WTo2hU1sfsprv4qaUTqp_s0rdbdag45k9M= HTTP/1.1" 200 369
[2025-12-01 01:32:09,771] INFO django.server /Users/NETPHIX_DEV/Desktop/crypto-trading-broker/.venv/lib/python3.13/site-packages/django/core/servers/basehttp.py:213 - "GET /api/v1/orders/?status=open HTTP/1.1" 200 52
[2025-12-01 01:32:26,702] INFO django.server /Users/NETPHIX_DEV/Desktop/crypto-trading-broker/.venv/lib/python3.13/site-packages/django/core/servers/basehttp.py:213 - "GET /api/v1/orders/?status=filled HTTP/1.1" 200 11376
[2025-12-01 01:33:00,915] INFO django.server /Users/NETPHIX_DEV/Desktop/crypto-trading-broker/.venv/lib/python3.13/site-packages/django/core/servers/basehttp.py:213 - "POST /api/v1/cron/execute-orders/?token=5Pm-SoiK_WTo2hU1sfsprv4qaUTqp_s0rdbdag45k9M= HTTP/1.1" 200 168
[2025-12-01 01:33:00,972] INFO django.server /Users/NETPHIX_DEV/Desktop/crypto-trading-broker/.venv/lib/python3.13/site-packages/django/core/servers/basehttp.py:213 - "POST /api/v1/cron/expire-orders/?token=5Pm-SoiK_WTo2hU1sfsprv4qaUTqp_s0rdbdag45k9M= HTTP/1.1" 200 131
[2025-12-01 01:33:11,859] INFO django.server /Users/NETPHIX_DEV/Desktop/crypto-trading-broker/.venv/lib/python3.13/site-packages/django/core/servers/basehttp.py:213 - "POST /api/v1/cron/update-positions/?token=5Pm-SoiK_WTo2hU1sfsprv4qaUTqp_s0rdbdag45k9M= HTTP/1.1" 200 369
[2025-12-01 01:34:00,918] INFO django.server /Users/NETPHIX_DEV/Desktop/crypto-trading-broker/.venv/lib/python3.13/site-packages/django/core/servers/basehttp.py:213 - "POST /api/v1/cron/execute-orders/?token=5Pm-SoiK_WTo2hU1sfsprv4qaUTqp_s0rdbdag45k9M= HTTP/1.1" 200 168
[2025-12-01 01:34:00,989] INFO django.server /Users/NETPHIX_DEV/Desktop/crypto-trading-broker/.venv/lib/python3.13/site-packages/django/core/servers/basehttp.py:213 - "POST /api/v1/cron/expire-orders/?token=5Pm-SoiK_WTo2hU1sfsprv4qaUTqp_s0rdbdag45k9M= HTTP/1.1" 200 131
[2025-12-01 01:34:05,727] INFO django.server /Users/NETPHIX_DEV/Desktop/crypto-trading-broker/.venv/lib/python3.13/site-packages/django/core/servers/basehttp.py:213 - "POST /api/v1/cron/update-positions/?token=5Pm-SoiK_WTo2hU1sfsprv4qaUTqp_s0rdbdag45k9M= HTTP/1.1" 200 369
[2025-12-01 01:35:01,239] INFO django.server /Users/NETPHIX_DEV/Desktop/crypto-trading-broker/.venv/lib/python3.13/site-packages/django/core/servers/basehttp.py:213 - "POST /api/v1/cron/execute-orders/?token=5Pm-SoiK_WTo2hU1sfsprv4qaUTqp_s0rdbdag45k9M= HTTP/1.1" 200 168
[2025-12-01 01:35:01,660] INFO django.server /Users/NETPHIX_DEV/Desktop/crypto-trading-broker/.venv/lib/python3.13/site-packages/django/core/servers/basehttp.py:213 - "POST /api/v1/cron/expire-orders/?token=5Pm-SoiK_WTo2hU1sfsprv4qaUTqp_s0rdbdag45k9M= HTTP/1.1" 200 131
[2025-12-01 01:35:13,289] INFO django.server /Users/NETPHIX_DEV/Desktop/crypto-trading-broker/.venv/lib/python3.13/site-packages/django/core/servers/basehttp.py:213 - "POST /api/v1/cron/update-positions/?token=5Pm-SoiK_WTo2hU1sfsprv4qaUTqp_s0rdbdag45k9M= HTTP/1.1" 200 369
[2025-12-01 01:36:00,900] INFO django.server /Users/NETPHIX_DEV/Desktop/crypto-trading-broker/.venv/lib/python3.13/site-packages/django/core/servers/basehttp.py:213 - "POST /api/v1/cron/execute-orders/?token=5Pm-SoiK_WTo2hU1sfsprv4qaUTqp_s0rdbdag45k9M= HTTP/1.1" 200 168
[2025-12-01 01:36:00,902] INFO django.server /Users/NETPHIX_DEV/Desktop/crypto-trading-broker/.venv/lib/python3.13/site-packages/django/core/servers/basehttp.py:213 - "POST /api/v1/cron/expire-orders/?token=5Pm-SoiK_WTo2hU1sfsprv4qaUTqp_s0rdbdag45k9M= HTTP/1.1" 200 131
[2025-12-01 01:36:06,334] INFO django.server /Users/NETPHIX_DEV/Desktop/crypto-trading-broker/.venv/lib/python3.13/site-packages/django/core/servers/basehttp.py:213 - "POST /api/v1/cron/update-positions/?token=5Pm-SoiK_WTo2hU1sfsprv4qaUTqp_s0rdbdag45k9M= HTTP/1.1" 200 369
[2025-12-01 01:36:19,320] INFO django.server /Users/NETPHIX_DEV/Desktop/crypto-trading-broker/.venv/lib/python3.13/site-packages/django/core/servers/basehttp.py:213 - "GET /dashboard/trading-view/1/ HTTP/1.1" 200 118946
[2025-12-01 01:36:19,529] INFO django.server /Users/NETPHIX_DEV/Desktop/crypto-trading-broker/.venv/lib/python3.13/site-packages/django/core/servers/basehttp.py:213 - "GET /static/assets/scripts/trading-single.js HTTP/1.1" 304 0
[2025-12-01 01:36:19,532] INFO django.server /Users/NETPHIX_DEV/Desktop/crypto-trading-broker/.venv/lib/python3.13/site-packages/django/core/servers/basehttp.py:213 - "GET /static/assets/scripts/order-handler.js HTTP/1.1" 200 16642
[2025-12-01 01:36:21,402] INFO django.server /Users/NETPHIX_DEV/Desktop/crypto-trading-broker/.venv/lib/python3.13/site-packages/django/core/servers/basehttp.py:213 - "GET /api/v1/trading/config/ HTTP/1.1" 200 1299
[2025-12-01 01:36:21,662] INFO django.server /Users/NETPHIX_DEV/Desktop/crypto-trading-broker/.venv/lib/python3.13/site-packages/django/core/servers/basehttp.py:213 - "GET /api/v1/orders/trading_summary/ HTTP/1.1" 200 293
[2025-12-01 01:36:21,691] INFO django.server /Users/NETPHIX_DEV/Desktop/crypto-trading-broker/.venv/lib/python3.13/site-packages/django/core/servers/basehttp.py:213 - "GET /api/v1/positions/ HTTP/1.1" 200 4961
[2025-12-01 01:36:21,730] INFO django.server /Users/NETPHIX_DEV/Desktop/crypto-trading-broker/.venv/lib/python3.13/site-packages/django/core/servers/basehttp.py:213 - "GET /api/v1/orders/ HTTP/1.1" 200 16894
[2025-12-01 01:36:21,762] INFO django.server /Users/NETPHIX_DEV/Desktop/crypto-trading-broker/.venv/lib/python3.13/site-packages/django/core/servers/basehttp.py:213 - "GET /api/v1/trading-pairs/1/ HTTP/1.1" 200 590
[2025-12-01 01:36:23,698] WARNING django.server /Users/NETPHIX_DEV/Desktop/crypto-trading-broker/.venv/lib/python3.13/site-packages/django/core/servers/basehttp.py:213 - "GET /.well-known/appspecific/com.chrome.devtools.json HTTP/1.1" 404 20610
[2025-12-01 01:36:24,133] INFO django.server /Users/NETPHIX_DEV/Desktop/crypto-trading-broker/.venv/lib/python3.13/site-packages/django/core/servers/basehttp.py:213 - "GET /api/v1/trading-pairs/1/market_data/ HTTP/1.1" 200 331
[2025-12-01 01:36:24,181] INFO django.server /Users/NETPHIX_DEV/Desktop/crypto-trading-broker/.venv/lib/python3.13/site-packages/django/core/servers/basehttp.py:213 - "GET /api/v1/accounts/balance/ HTTP/1.1" 200 353
[2025-12-01 01:36:24,223] INFO django.server /Users/NETPHIX_DEV/Desktop/crypto-trading-broker/.venv/lib/python3.13/site-packages/django/core/servers/basehttp.py:213 - "GET /api/v1/positions/ HTTP/1.1" 200 4961
[2025-12-01 01:36:24,282] INFO django.server /Users/NETPHIX_DEV/Desktop/crypto-trading-broker/.venv/lib/python3.13/site-packages/django/core/servers/basehttp.py:213 - "GET /api/v1/orders/ HTTP/1.1" 200 16894
[2025-12-01 01:36:24,356] INFO django.server /Users/NETPHIX_DEV/Desktop/crypto-trading-broker/.venv/lib/python3.13/site-packages/django/core/servers/basehttp.py:213 - "GET /api/v1/transactions/?trading_pair=1 HTTP/1.1" 200 4182
[2025-12-01 01:36:47,906] INFO django.server /Users/NETPHIX_DEV/Desktop/crypto-trading-broker/.venv/lib/python3.13/site-packages/django/core/servers/basehttp.py:213 - "GET /dashboard/trading-view/1/ HTTP/1.1" 200 118747
[2025-12-01 01:36:48,032] WARNING django.server /Users/NETPHIX_DEV/Desktop/crypto-trading-broker/.venv/lib/python3.13/site-packages/django/core/servers/basehttp.py:213 - "GET /.well-known/appspecific/com.chrome.devtools.json HTTP/1.1" 404 20610
[2025-12-01 01:36:48,781] INFO django.server /Users/NETPHIX_DEV/Desktop/crypto-trading-broker/.venv/lib/python3.13/site-packages/django/core/servers/basehttp.py:213 - "GET /api/v1/trading/config/ HTTP/1.1" 200 1299
[2025-12-01 01:36:48,951] INFO django.server /Users/NETPHIX_DEV/Desktop/crypto-trading-broker/.venv/lib/python3.13/site-packages/django/core/servers/basehttp.py:213 - "GET /api/v1/orders/trading_summary/ HTTP/1.1" 200 293
[2025-12-01 01:36:49,003] INFO django.server /Users/NETPHIX_DEV/Desktop/crypto-trading-broker/.venv/lib/python3.13/site-packages/django/core/servers/basehttp.py:213 - "GET /api/v1/positions/ HTTP/1.1" 200 4961
[2025-12-01 01:36:49,121] INFO django.server /Users/NETPHIX_DEV/Desktop/crypto-trading-broker/.venv/lib/python3.13/site-packages/django/core/servers/basehttp.py:213 - "GET /api/v1/orders/ HTTP/1.1" 200 16894
[2025-12-01 01:36:49,190] INFO django.server /Users/NETPHIX_DEV/Desktop/crypto-trading-broker/.venv/lib/python3.13/site-packages/django/core/servers/basehttp.py:213 - "GET /api/v1/trading-pairs/1/ HTTP/1.1" 200 590
[2025-12-01 01:36:50,989] INFO django.server /Users/NETPHIX_DEV/Desktop/crypto-trading-broker/.venv/lib/python3.13/site-packages/django/core/servers/basehttp.py:213 - "GET /api/v1/trading-pairs/1/market_data/ HTTP/1.1" 200 331
[2025-12-01 01:36:51,123] INFO django.server /Users/NETPHIX_DEV/Desktop/crypto-trading-broker/.venv/lib/python3.13/site-packages/django/core/servers/basehttp.py:213 - "GET /api/v1/accounts/balance/ HTTP/1.1" 200 353
[2025-12-01 01:36:51,150] INFO django.server /Users/NETPHIX_DEV/Desktop/crypto-trading-broker/.venv/lib/python3.13/site-packages/django/core/servers/basehttp.py:213 - "GET /api/v1/positions/ HTTP/1.1" 200 4961
[2025-12-01 01:36:51,202] INFO django.server /Users/NETPHIX_DEV/Desktop/crypto-trading-broker/.venv/lib/python3.13/site-packages/django/core/servers/basehttp.py:213 - "GET /api/v1/orders/ HTTP/1.1" 200 16894
[2025-12-01 01:36:51,259] INFO django.server /Users/NETPHIX_DEV/Desktop/crypto-trading-broker/.venv/lib/python3.13/site-packages/django/core/servers/basehttp.py:213 - "GET /api/v1/transactions/?trading_pair=1 HTTP/1.1" 200 4182
[2025-12-01 01:37:01,054] INFO django.server /Users/NETPHIX_DEV/Desktop/crypto-trading-broker/.venv/lib/python3.13/site-packages/django/core/servers/basehttp.py:213 - "POST /api/v1/cron/execute-orders/?token=5Pm-SoiK_WTo2hU1sfsprv4qaUTqp_s0rdbdag45k9M= HTTP/1.1" 200 168
[2025-12-01 01:37:01,076] INFO django.server /Users/NETPHIX_DEV/Desktop/crypto-trading-broker/.venv/lib/python3.13/site-packages/django/core/servers/basehttp.py:213 - "POST /api/v1/cron/expire-orders/?token=5Pm-SoiK_WTo2hU1sfsprv4qaUTqp_s0rdbdag45k9M= HTTP/1.1" 200 131
[2025-12-01 01:37:12,538] INFO django.server /Users/NETPHIX_DEV/Desktop/crypto-trading-broker/.venv/lib/python3.13/site-packages/django/core/servers/basehttp.py:213 - "POST /api/v1/cron/update-positions/?token=5Pm-SoiK_WTo2hU1sfsprv4qaUTqp_s0rdbdag45k9M= HTTP/1.1" 200 369
[2025-12-01 01:37:53,316] INFO django.server /Users/NETPHIX_DEV/Desktop/crypto-trading-broker/.venv/lib/python3.13/site-packages/django/core/servers/basehttp.py:213 - "GET /dashboard/trading-view/1/ HTTP/1.1" 200 118747
[2025-12-01 01:37:53,358] INFO django.server /Users/NETPHIX_DEV/Desktop/crypto-trading-broker/.venv/lib/python3.13/site-packages/django/core/servers/basehttp.py:213 - "GET /static/assets/scripts/order-handler.js HTTP/1.1" 304 0
[2025-12-01 01:37:53,467] WARNING django.server /Users/NETPHIX_DEV/Desktop/crypto-trading-broker/.venv/lib/python3.13/site-packages/django/core/servers/basehttp.py:213 - "GET /.well-known/appspecific/com.chrome.devtools.json HTTP/1.1" 404 20610
[2025-12-01 01:37:54,135] INFO django.server /Users/NETPHIX_DEV/Desktop/crypto-trading-broker/.venv/lib/python3.13/site-packages/django/core/servers/basehttp.py:213 - "GET /api/v1/trading/config/ HTTP/1.1" 200 1299
[2025-12-01 01:37:54,322] INFO django.server /Users/NETPHIX_DEV/Desktop/crypto-trading-broker/.venv/lib/python3.13/site-packages/django/core/servers/basehttp.py:213 - "GET /api/v1/orders/trading_summary/ HTTP/1.1" 200 293
[2025-12-01 01:37:54,346] INFO django.server /Users/NETPHIX_DEV/Desktop/crypto-trading-broker/.venv/lib/python3.13/site-packages/django/core/servers/basehttp.py:213 - "GET /api/v1/positions/ HTTP/1.1" 200 4960
[2025-12-01 01:37:54,376] INFO django.server /Users/NETPHIX_DEV/Desktop/crypto-trading-broker/.venv/lib/python3.13/site-packages/django/core/servers/basehttp.py:213 - "GET /api/v1/orders/ HTTP/1.1" 200 16894
[2025-12-01 01:37:54,393] INFO django.server /Users/NETPHIX_DEV/Desktop/crypto-trading-broker/.venv/lib/python3.13/site-packages/django/core/servers/basehttp.py:213 - "GET /api/v1/trading-pairs/1/ HTTP/1.1" 200 590
[2025-12-01 01:37:56,229] INFO django.server /Users/NETPHIX_DEV/Desktop/crypto-trading-broker/.venv/lib/python3.13/site-packages/django/core/servers/basehttp.py:213 - "GET /api/v1/trading-pairs/1/market_data/ HTTP/1.1" 200 335
[2025-12-01 01:37:56,254] INFO django.server /Users/NETPHIX_DEV/Desktop/crypto-trading-broker/.venv/lib/python3.13/site-packages/django/core/servers/basehttp.py:213 - "GET /api/v1/accounts/balance/ HTTP/1.1" 200 353
[2025-12-01 01:37:56,288] INFO django.server /Users/NETPHIX_DEV/Desktop/crypto-trading-broker/.venv/lib/python3.13/site-packages/django/core/servers/basehttp.py:213 - "GET /api/v1/positions/ HTTP/1.1" 200 4960
[2025-12-01 01:37:56,334] INFO django.server /Users/NETPHIX_DEV/Desktop/crypto-trading-broker/.venv/lib/python3.13/site-packages/django/core/servers/basehttp.py:213 - "GET /api/v1/orders/ HTTP/1.1" 200 16894
[2025-12-01 01:37:56,382] INFO django.server /Users/NETPHIX_DEV/Desktop/crypto-trading-broker/.venv/lib/python3.13/site-packages/django/core/servers/basehttp.py:213 - "GET /api/v1/transactions/?trading_pair=1 HTTP/1.1" 200 4182
[2025-12-01 01:38:00,804] INFO django.server /Users/NETPHIX_DEV/Desktop/crypto-trading-broker/.venv/lib/python3.13/site-packages/django/core/servers/basehttp.py:213 - "POST /api/v1/cron/execute-orders/?token=5Pm-SoiK_WTo2hU1sfsprv4qaUTqp_s0rdbdag45k9M= HTTP/1.1" 200 168
[2025-12-01 01:38:00,818] INFO django.server /Users/NETPHIX_DEV/Desktop/crypto-trading-broker/.venv/lib/python3.13/site-packages/django/core/servers/basehttp.py:213 - "POST /api/v1/cron/expire-orders/?token=5Pm-SoiK_WTo2hU1sfsprv4qaUTqp_s0rdbdag45k9M= HTTP/1.1" 200 131
[2025-12-01 01:38:06,843] INFO django.server /Users/NETPHIX_DEV/Desktop/crypto-trading-broker/.venv/lib/python3.13/site-packages/django/core/servers/basehttp.py:213 - "POST /api/v1/cron/update-positions/?token=5Pm-SoiK_WTo2hU1sfsprv4qaUTqp_s0rdbdag45k9M= HTTP/1.1" 200 369
[2025-12-01 01:38:29,473] INFO django.server /Users/NETPHIX_DEV/Desktop/crypto-trading-broker/.venv/lib/python3.13/site-packages/django/core/servers/basehttp.py:213 - "GET /dashboard/trading-view/1/ HTTP/1.1" 200 118747
[2025-12-01 01:38:29,526] INFO django.server /Users/NETPHIX_DEV/Desktop/crypto-trading-broker/.venv/lib/python3.13/site-packages/django/core/servers/basehttp.py:213 - "GET /static/assets/scripts/api.js HTTP/1.1" 200 32883
[2025-12-01 01:38:29,531] INFO django.server /Users/NETPHIX_DEV/Desktop/crypto-trading-broker/.venv/lib/python3.13/site-packages/django/core/servers/basehttp.py:213 - "GET /static/assets/scripts/trading-single.js HTTP/1.1" 304 0
[2025-12-01 01:38:29,832] WARNING django.server /Users/NETPHIX_DEV/Desktop/crypto-trading-broker/.venv/lib/python3.13/site-packages/django/core/servers/basehttp.py:213 - "GET /.well-known/appspecific/com.chrome.devtools.json HTTP/1.1" 404 20610
[2025-12-01 01:38:30,306] INFO django.server /Users/NETPHIX_DEV/Desktop/crypto-trading-broker/.venv/lib/python3.13/site-packages/django/core/servers/basehttp.py:213 - "GET /api/v1/trading/config/ HTTP/1.1" 200 1299
[2025-12-01 01:38:30,433] INFO django.server /Users/NETPHIX_DEV/Desktop/crypto-trading-broker/.venv/lib/python3.13/site-packages/django/core/servers/basehttp.py:213 - "GET /api/v1/orders/trading_summary/ HTTP/1.1" 200 293
[2025-12-01 01:38:30,451] INFO django.server /Users/NETPHIX_DEV/Desktop/crypto-trading-broker/.venv/lib/python3.13/site-packages/django/core/servers/basehttp.py:213 - "GET /api/v1/positions/ HTTP/1.1" 200 4960
[2025-12-01 01:38:30,488] INFO django.server /Users/NETPHIX_DEV/Desktop/crypto-trading-broker/.venv/lib/python3.13/site-packages/django/core/servers/basehttp.py:213 - "GET /api/v1/orders/ HTTP/1.1" 200 16894
[2025-12-01 01:38:30,506] INFO django.server /Users/NETPHIX_DEV/Desktop/crypto-trading-broker/.venv/lib/python3.13/site-packages/django/core/servers/basehttp.py:213 - "GET /api/v1/trading-pairs/1/ HTTP/1.1" 200 590
[2025-12-01 01:38:32,266] INFO django.server /Users/NETPHIX_DEV/Desktop/crypto-trading-broker/.venv/lib/python3.13/site-packages/django/core/servers/basehttp.py:213 - "GET /api/v1/trading-pairs/1/market_data/ HTTP/1.1" 200 335
[2025-12-01 01:38:32,282] INFO django.server /Users/NETPHIX_DEV/Desktop/crypto-trading-broker/.venv/lib/python3.13/site-packages/django/core/servers/basehttp.py:213 - "GET /api/v1/accounts/balance/ HTTP/1.1" 200 353
[2025-12-01 01:38:32,347] INFO django.server /Users/NETPHIX_DEV/Desktop/crypto-trading-broker/.venv/lib/python3.13/site-packages/django/core/servers/basehttp.py:213 - "GET /api/v1/positions/ HTTP/1.1" 200 4960
[2025-12-01 01:38:32,425] INFO django.server /Users/NETPHIX_DEV/Desktop/crypto-trading-broker/.venv/lib/python3.13/site-packages/django/core/servers/basehttp.py:213 - "GET /api/v1/orders/ HTTP/1.1" 200 16894
[2025-12-01 01:38:32,457] INFO django.server /Users/NETPHIX_DEV/Desktop/crypto-trading-broker/.venv/lib/python3.13/site-packages/django/core/servers/basehttp.py:213 - "GET /api/v1/transactions/?trading_pair=1 HTTP/1.1" 200 4182
[2025-12-01 01:39:01,207] INFO django.server /Users/NETPHIX_DEV/Desktop/crypto-trading-broker/.venv/lib/python3.13/site-packages/django/core/servers/basehttp.py:213 - "POST /api/v1/cron/expire-orders/?token=5Pm-SoiK_WTo2hU1sfsprv4qaUTqp_s0rdbdag45k9M= HTTP/1.1" 200 131
[2025-12-01 01:39:01,208] INFO django.server /Users/NETPHIX_DEV/Desktop/crypto-trading-broker/.venv/lib/python3.13/site-packages/django/core/servers/basehttp.py:213 - "POST /api/v1/cron/execute-orders/?token=5Pm-SoiK_WTo2hU1sfsprv4qaUTqp_s0rdbdag45k9M= HTTP/1.1" 200 168
[2025-12-01 01:39:17,855] INFO django.server /Users/NETPHIX_DEV/Desktop/crypto-trading-broker/.venv/lib/python3.13/site-packages/django/core/servers/basehttp.py:213 - "POST /api/v1/cron/update-positions/?token=5Pm-SoiK_WTo2hU1sfsprv4qaUTqp_s0rdbdag45k9M= HTTP/1.1" 200 369
[2025-12-01 01:40:02,221] INFO django.server /Users/NETPHIX_DEV/Desktop/crypto-trading-broker/.venv/lib/python3.13/site-packages/django/core/servers/basehttp.py:213 - "POST /api/v1/cron/expire-orders/?token=5Pm-SoiK_WTo2hU1sfsprv4qaUTqp_s0rdbdag45k9M= HTTP/1.1" 200 131
[2025-12-01 01:40:02,513] INFO django.server /Users/NETPHIX_DEV/Desktop/crypto-trading-broker/.venv/lib/python3.13/site-packages/django/core/servers/basehttp.py:213 - "POST /api/v1/cron/execute-orders/?token=5Pm-SoiK_WTo2hU1sfsprv4qaUTqp_s0rdbdag45k9M= HTTP/1.1" 200 168
[2025-12-01 01:40:08,325] INFO django.server /Users/NETPHIX_DEV/Desktop/crypto-trading-broker/.venv/lib/python3.13/site-packages/django/core/servers/basehttp.py:213 - "POST /api/v1/cron/update-positions/?token=5Pm-SoiK_WTo2hU1sfsprv4qaUTqp_s0rdbdag45k9M= HTTP/1.1" 200 369
[2025-12-01 01:41:01,169] INFO django.server /Users/NETPHIX_DEV/Desktop/crypto-trading-broker/.venv/lib/python3.13/site-packages/django/core/servers/basehttp.py:213 - "POST /api/v1/cron/expire-orders/?token=5Pm-SoiK_WTo2hU1sfsprv4qaUTqp_s0rdbdag45k9M= HTTP/1.1" 200 131
[2025-12-01 01:41:01,360] INFO django.server /Users/NETPHIX_DEV/Desktop/crypto-trading-broker/.venv/lib/python3.13/site-packages/django/core/servers/basehttp.py:213 - "POST /api/v1/cron/execute-orders/?token=5Pm-SoiK_WTo2hU1sfsprv4qaUTqp_s0rdbdag45k9M= HTTP/1.1" 200 168
[2025-12-01 01:41:13,817] INFO django.server /Users/NETPHIX_DEV/Desktop/crypto-trading-broker/.venv/lib/python3.13/site-packages/django/core/servers/basehttp.py:213 - "POST /api/v1/cron/update-positions/?token=5Pm-SoiK_WTo2hU1sfsprv4qaUTqp_s0rdbdag45k9M= HTTP/1.1" 200 369
[2025-12-01 01:42:00,945] INFO django.server /Users/NETPHIX_DEV/Desktop/crypto-trading-broker/.venv/lib/python3.13/site-packages/django/core/servers/basehttp.py:213 - "POST /api/v1/cron/execute-orders/?token=5Pm-SoiK_WTo2hU1sfsprv4qaUTqp_s0rdbdag45k9M= HTTP/1.1" 200 168
[2025-12-01 01:42:00,945] INFO django.server /Users/NETPHIX_DEV/Desktop/crypto-trading-broker/.venv/lib/python3.13/site-packages/django/core/servers/basehttp.py:213 - "POST /api/v1/cron/expire-orders/?token=5Pm-SoiK_WTo2hU1sfsprv4qaUTqp_s0rdbdag45k9M= HTTP/1.1" 200 131
[2025-12-01 01:42:05,668] INFO django.server /Users/NETPHIX_DEV/Desktop/crypto-trading-broker/.venv/lib/python3.13/site-packages/django/core/servers/basehttp.py:213 - "POST /api/v1/cron/update-positions/?token=5Pm-SoiK_WTo2hU1sfsprv4qaUTqp_s0rdbdag45k9M= HTTP/1.1" 200 369
[2025-12-01 01:43:01,314] INFO django.server /Users/NETPHIX_DEV/Desktop/crypto-trading-broker/.venv/lib/python3.13/site-packages/django/core/servers/basehttp.py:213 - "POST /api/v1/cron/expire-orders/?token=5Pm-SoiK_WTo2hU1sfsprv4qaUTqp_s0rdbdag45k9M= HTTP/1.1" 200 131
[2025-12-01 01:43:01,316] INFO django.server /Users/NETPHIX_DEV/Desktop/crypto-trading-broker/.venv/lib/python3.13/site-packages/django/core/servers/basehttp.py:213 - "POST /api/v1/cron/execute-orders/?token=5Pm-SoiK_WTo2hU1sfsprv4qaUTqp_s0rdbdag45k9M= HTTP/1.1" 200 168
[2025-12-01 01:43:11,297] INFO django.server /Users/NETPHIX_DEV/Desktop/crypto-trading-broker/.venv/lib/python3.13/site-packages/django/core/servers/basehttp.py:213 - "POST /api/v1/cron/update-positions/?token=5Pm-SoiK_WTo2hU1sfsprv4qaUTqp_s0rdbdag45k9M= HTTP/1.1" 200 369
[2025-12-01 01:44:00,969] INFO django.server /Users/NETPHIX_DEV/Desktop/crypto-trading-broker/.venv/lib/python3.13/site-packages/django/core/servers/basehttp.py:213 - "POST /api/v1/cron/expire-orders/?token=5Pm-SoiK_WTo2hU1sfsprv4qaUTqp_s0rdbdag45k9M= HTTP/1.1" 200 131
[2025-12-01 01:44:00,970] INFO django.server /Users/NETPHIX_DEV/Desktop/crypto-trading-broker/.venv/lib/python3.13/site-packages/django/core/servers/basehttp.py:213 - "POST /api/v1/cron/execute-orders/?token=5Pm-SoiK_WTo2hU1sfsprv4qaUTqp_s0rdbdag45k9M= HTTP/1.1" 200 168
[2025-12-01 01:44:05,864] INFO django.server /Users/NETPHIX_DEV/Desktop/crypto-trading-broker/.venv/lib/python3.13/site-packages/django/core/servers/basehttp.py:213 - "POST /api/v1/cron/update-positions/?token=5Pm-SoiK_WTo2hU1sfsprv4qaUTqp_s0rdbdag45k9M= HTTP/1.1" 200 369
[2025-12-01 01:45:02,532] INFO django.server /Users/NETPHIX_DEV/Desktop/crypto-trading-broker/.venv/lib/python3.13/site-packages/django/core/servers/basehttp.py:213 - "POST /api/v1/cron/expire-orders/?token=5Pm-SoiK_WTo2hU1sfsprv4qaUTqp_s0rdbdag45k9M= HTTP/1.1" 200 131
[2025-12-01 01:45:02,783] INFO django.server /Users/NETPHIX_DEV/Desktop/crypto-trading-broker/.venv/lib/python3.13/site-packages/django/core/servers/basehttp.py:213 - "POST /api/v1/cron/execute-orders/?token=5Pm-SoiK_WTo2hU1sfsprv4qaUTqp_s0rdbdag45k9M= HTTP/1.1" 200 168
[2025-12-01 01:45:11,718] INFO django.server /Users/NETPHIX_DEV/Desktop/crypto-trading-broker/.venv/lib/python3.13/site-packages/django/core/servers/basehttp.py:213 - "POST /api/v1/cron/update-positions/?token=5Pm-SoiK_WTo2hU1sfsprv4qaUTqp_s0rdbdag45k9M= HTTP/1.1" 200 369
[2025-12-01 01:46:00,876] INFO django.server /Users/NETPHIX_DEV/Desktop/crypto-trading-broker/.venv/lib/python3.13/site-packages/django/core/servers/basehttp.py:213 - "POST /api/v1/cron/execute-orders/?token=5Pm-SoiK_WTo2hU1sfsprv4qaUTqp_s0rdbdag45k9M= HTTP/1.1" 200 168
[2025-12-01 01:46:00,935] INFO django.server /Users/NETPHIX_DEV/Desktop/crypto-trading-broker/.venv/lib/python3.13/site-packages/django/core/servers/basehttp.py:213 - "POST /api/v1/cron/expire-orders/?token=5Pm-SoiK_WTo2hU1sfsprv4qaUTqp_s0rdbdag45k9M= HTTP/1.1" 200 131
[2025-12-01 01:46:05,727] INFO django.server /Users/NETPHIX_DEV/Desktop/crypto-trading-broker/.venv/lib/python3.13/site-packages/django/core/servers/basehttp.py:213 - "POST /api/v1/cron/update-positions/?token=5Pm-SoiK_WTo2hU1sfsprv4qaUTqp_s0rdbdag45k9M= HTTP/1.1" 200 369
[2025-12-01 01:47:00,903] INFO django.server /Users/NETPHIX_DEV/Desktop/crypto-trading-broker/.venv/lib/python3.13/site-packages/django/core/servers/basehttp.py:213 - "POST /api/v1/cron/expire-orders/?token=5Pm-SoiK_WTo2hU1sfsprv4qaUTqp_s0rdbdag45k9M= HTTP/1.1" 200 131
[2025-12-01 01:47:00,957] INFO django.server /Users/NETPHIX_DEV/Desktop/crypto-trading-broker/.venv/lib/python3.13/site-packages/django/core/servers/basehttp.py:213 - "POST /api/v1/cron/execute-orders/?token=5Pm-SoiK_WTo2hU1sfsprv4qaUTqp_s0rdbdag45k9M= HTTP/1.1" 200 168
[2025-12-01 01:47:10,149] INFO django.server /Users/NETPHIX_DEV/Desktop/crypto-trading-broker/.venv/lib/python3.13/site-packages/django/core/servers/basehttp.py:213 - "POST /api/v1/cron/update-positions/?token=5Pm-SoiK_WTo2hU1sfsprv4qaUTqp_s0rdbdag45k9M= HTTP/1.1" 200 369
[2025-12-01 01:48:00,953] INFO django.server /Users/NETPHIX_DEV/Desktop/crypto-trading-broker/.venv/lib/python3.13/site-packages/django/core/servers/basehttp.py:213 - "POST /api/v1/cron/expire-orders/?token=5Pm-SoiK_WTo2hU1sfsprv4qaUTqp_s0rdbdag45k9M= HTTP/1.1" 200 131
[2025-12-01 01:48:00,958] INFO django.server /Users/NETPHIX_DEV/Desktop/crypto-trading-broker/.venv/lib/python3.13/site-packages/django/core/servers/basehttp.py:213 - "POST /api/v1/cron/execute-orders/?token=5Pm-SoiK_WTo2hU1sfsprv4qaUTqp_s0rdbdag45k9M= HTTP/1.1" 200 168
[2025-12-01 01:48:05,906] INFO django.server /Users/NETPHIX_DEV/Desktop/crypto-trading-broker/.venv/lib/python3.13/site-packages/django/core/servers/basehttp.py:213 - "POST /api/v1/cron/update-positions/?token=5Pm-SoiK_WTo2hU1sfsprv4qaUTqp_s0rdbdag45k9M= HTTP/1.1" 200 369
[2025-12-01 02:00:04,070] INFO django.server /Users/NETPHIX_DEV/Desktop/crypto-trading-broker/.venv/lib/python3.13/site-packages/django/core/servers/basehttp.py:213 - "POST /api/v1/cron/execute-orders/?token=5Pm-SoiK_WTo2hU1sfsprv4qaUTqp_s0rdbdag45k9M= HTTP/1.1" 200 168
[2025-12-01 02:00:04,080] INFO django.server /Users/NETPHIX_DEV/Desktop/crypto-trading-broker/.venv/lib/python3.13/site-packages/django/core/servers/basehttp.py:213 - "POST /api/v1/cron/expire-orders/?token=5Pm-SoiK_WTo2hU1sfsprv4qaUTqp_s0rdbdag45k9M= HTTP/1.1" 200 131
[2025-12-01 02:00:13,797] INFO django.server /Users/NETPHIX_DEV/Desktop/crypto-trading-broker/.venv/lib/python3.13/site-packages/django/core/servers/basehttp.py:213 - "POST /api/v1/cron/update-positions/?token=5Pm-SoiK_WTo2hU1sfsprv4qaUTqp_s0rdbdag45k9M= HTTP/1.1" 200 369
[2025-12-01 02:01:01,076] INFO django.server /Users/NETPHIX_DEV/Desktop/crypto-trading-broker/.venv/lib/python3.13/site-packages/django/core/servers/basehttp.py:213 - "POST /api/v1/cron/expire-orders/?token=5Pm-SoiK_WTo2hU1sfsprv4qaUTqp_s0rdbdag45k9M= HTTP/1.1" 200 131
[2025-12-01 02:01:01,078] INFO django.server /Users/NETPHIX_DEV/Desktop/crypto-trading-broker/.venv/lib/python3.13/site-packages/django/core/servers/basehttp.py:213 - "POST /api/v1/cron/execute-orders/?token=5Pm-SoiK_WTo2hU1sfsprv4qaUTqp_s0rdbdag45k9M= HTTP/1.1" 200 168
[2025-12-01 02:01:06,334] INFO django.server /Users/NETPHIX_DEV/Desktop/crypto-trading-broker/.venv/lib/python3.13/site-packages/django/core/servers/basehttp.py:213 - "POST /api/v1/cron/update-positions/?token=5Pm-SoiK_WTo2hU1sfsprv4qaUTqp_s0rdbdag45k9M= HTTP/1.1" 200 369
[2025-12-01 02:02:00,855] INFO django.server /Users/NETPHIX_DEV/Desktop/crypto-trading-broker/.venv/lib/python3.13/site-packages/django/core/servers/basehttp.py:213 - "POST /api/v1/cron/execute-orders/?token=5Pm-SoiK_WTo2hU1sfsprv4qaUTqp_s0rdbdag45k9M= HTTP/1.1" 200 168
[2025-12-01 02:02:00,936] INFO django.server /Users/NETPHIX_DEV/Desktop/crypto-trading-broker/.venv/lib/python3.13/site-packages/django/core/servers/basehttp.py:213 - "POST /api/v1/cron/expire-orders/?token=5Pm-SoiK_WTo2hU1sfsprv4qaUTqp_s0rdbdag45k9M= HTTP/1.1" 200 131
[2025-12-01 02:02:10,299] INFO django.server /Users/NETPHIX_DEV/Desktop/crypto-trading-broker/.venv/lib/python3.13/site-packages/django/core/servers/basehttp.py:213 - "POST /api/v1/cron/update-positions/?token=5Pm-SoiK_WTo2hU1sfsprv4qaUTqp_s0rdbdag45k9M= HTTP/1.1" 200 369
[2025-12-01 02:03:00,932] INFO django.server /Users/NETPHIX_DEV/Desktop/crypto-trading-broker/.venv/lib/python3.13/site-packages/django/core/servers/basehttp.py:213 - "POST /api/v1/cron/execute-orders/?token=5Pm-SoiK_WTo2hU1sfsprv4qaUTqp_s0rdbdag45k9M= HTTP/1.1" 200 168
[2025-12-01 02:03:01,030] INFO django.server /Users/NETPHIX_DEV/Desktop/crypto-trading-broker/.venv/lib/python3.13/site-packages/django/core/servers/basehttp.py:213 - "POST /api/v1/cron/expire-orders/?token=5Pm-SoiK_WTo2hU1sfsprv4qaUTqp_s0rdbdag45k9M= HTTP/1.1" 200 131
[2025-12-01 02:03:05,902] INFO django.server /Users/NETPHIX_DEV/Desktop/crypto-trading-broker/.venv/lib/python3.13/site-packages/django/core/servers/basehttp.py:213 - "POST /api/v1/cron/update-positions/?token=5Pm-SoiK_WTo2hU1sfsprv4qaUTqp_s0rdbdag45k9M= HTTP/1.1" 200 369
[2025-12-01 02:04:00,867] INFO django.server /Users/NETPHIX_DEV/Desktop/crypto-trading-broker/.venv/lib/python3.13/site-packages/django/core/servers/basehttp.py:213 - "POST /api/v1/cron/execute-orders/?token=5Pm-SoiK_WTo2hU1sfsprv4qaUTqp_s0rdbdag45k9M= HTTP/1.1" 200 168
[2025-12-01 02:04:00,952] INFO django.server /Users/NETPHIX_DEV/Desktop/crypto-trading-broker/.venv/lib/python3.13/site-packages/django/core/servers/basehttp.py:213 - "POST /api/v1/cron/expire-orders/?token=5Pm-SoiK_WTo2hU1sfsprv4qaUTqp_s0rdbdag45k9M= HTTP/1.1" 200 131
[2025-12-01 02:04:14,761] INFO django.server /Users/NETPHIX_DEV/Desktop/crypto-trading-broker/.venv/lib/python3.13/site-packages/django/core/servers/basehttp.py:213 - "POST /api/v1/cron/update-positions/?token=5Pm-SoiK_WTo2hU1sfsprv4qaUTqp_s0rdbdag45k9M= HTTP/1.1" 200 369
[2025-12-01 02:05:00,927] INFO django.server /Users/NETPHIX_DEV/Desktop/crypto-trading-broker/.venv/lib/python3.13/site-packages/django/core/servers/basehttp.py:213 - "POST /api/v1/cron/expire-orders/?token=5Pm-SoiK_WTo2hU1sfsprv4qaUTqp_s0rdbdag45k9M= HTTP/1.1" 200 131
[2025-12-01 02:05:01,634] INFO django.server /Users/NETPHIX_DEV/Desktop/crypto-trading-broker/.venv/lib/python3.13/site-packages/django/core/servers/basehttp.py:213 - "POST /api/v1/cron/execute-orders/?token=5Pm-SoiK_WTo2hU1sfsprv4qaUTqp_s0rdbdag45k9M= HTTP/1.1" 200 168
[2025-12-01 02:05:07,369] INFO django.server /Users/NETPHIX_DEV/Desktop/crypto-trading-broker/.venv/lib/python3.13/site-packages/django/core/servers/basehttp.py:213 - "POST /api/v1/cron/update-positions/?token=5Pm-SoiK_WTo2hU1sfsprv4qaUTqp_s0rdbdag45k9M= HTTP/1.1" 200 369
[2025-12-01 02:06:01,027] INFO django.server /Users/NETPHIX_DEV/Desktop/crypto-trading-broker/.venv/lib/python3.13/site-packages/django/core/servers/basehttp.py:213 - "POST /api/v1/cron/expire-orders/?token=5Pm-SoiK_WTo2hU1sfsprv4qaUTqp_s0rdbdag45k9M= HTTP/1.1" 200 131
[2025-12-01 02:06:01,539] INFO django.server /Users/NETPHIX_DEV/Desktop/crypto-trading-broker/.venv/lib/python3.13/site-packages/django/core/servers/basehttp.py:213 - "POST /api/v1/cron/execute-orders/?token=5Pm-SoiK_WTo2hU1sfsprv4qaUTqp_s0rdbdag45k9M= HTTP/1.1" 200 168
[2025-12-01 02:06:11,841] INFO django.server /Users/NETPHIX_DEV/Desktop/crypto-trading-broker/.venv/lib/python3.13/site-packages/django/core/servers/basehttp.py:213 - "POST /api/v1/cron/update-positions/?token=5Pm-SoiK_WTo2hU1sfsprv4qaUTqp_s0rdbdag45k9M= HTTP/1.1" 200 369
[2025-12-01 02:07:00,994] INFO django.server /Users/NETPHIX_DEV/Desktop/crypto-trading-broker/.venv/lib/python3.13/site-packages/django/core/servers/basehttp.py:213 - "POST /api/v1/cron/execute-orders/?token=5Pm-SoiK_WTo2hU1sfsprv4qaUTqp_s0rdbdag45k9M= HTTP/1.1" 200 168
[2025-12-01 02:07:01,034] INFO django.server /Users/NETPHIX_DEV/Desktop/crypto-trading-broker/.venv/lib/python3.13/site-packages/django/core/servers/basehttp.py:213 - "POST /api/v1/cron/expire-orders/?token=5Pm-SoiK_WTo2hU1sfsprv4qaUTqp_s0rdbdag45k9M= HTTP/1.1" 200 131
[2025-12-01 02:07:05,847] INFO django.server /Users/NETPHIX_DEV/Desktop/crypto-trading-broker/.venv/lib/python3.13/site-packages/django/core/servers/basehttp.py:213 - "POST /api/v1/cron/update-positions/?token=5Pm-SoiK_WTo2hU1sfsprv4qaUTqp_s0rdbdag45k9M= HTTP/1.1" 200 369
[2025-12-01 02:08:00,920] INFO django.server /Users/NETPHIX_DEV/Desktop/crypto-trading-broker/.venv/lib/python3.13/site-packages/django/core/servers/basehttp.py:213 - "POST /api/v1/cron/execute-orders/?token=5Pm-SoiK_WTo2hU1sfsprv4qaUTqp_s0rdbdag45k9M= HTTP/1.1" 200 168
[2025-12-01 02:08:01,000] INFO django.server /Users/NETPHIX_DEV/Desktop/crypto-trading-broker/.venv/lib/python3.13/site-packages/django/core/servers/basehttp.py:213 - "POST /api/v1/cron/expire-orders/?token=5Pm-SoiK_WTo2hU1sfsprv4qaUTqp_s0rdbdag45k9M= HTTP/1.1" 200 131
[2025-12-01 02:08:09,502] INFO django.server /Users/NETPHIX_DEV/Desktop/crypto-trading-broker/.venv/lib/python3.13/site-packages/django/core/servers/basehttp.py:213 - "POST /api/v1/cron/update-positions/?token=5Pm-SoiK_WTo2hU1sfsprv4qaUTqp_s0rdbdag45k9M= HTTP/1.1" 200 369
[2025-12-01 02:08:34,328] INFO django.server /Users/NETPHIX_DEV/Desktop/crypto-trading-broker/.venv/lib/python3.13/site-packages/django/core/servers/basehttp.py:213 - "POST /api/v1/positions/5/close/ HTTP/1.1" 200 1364
[2025-12-01 02:08:34,348] INFO django.server /Users/NETPHIX_DEV/Desktop/crypto-trading-broker/.venv/lib/python3.13/site-packages/django/core/servers/basehttp.py:213 - "GET /api/v1/positions/ HTTP/1.1" 200 4960
[2025-12-01 02:08:34,382] INFO django.server /Users/NETPHIX_DEV/Desktop/crypto-trading-broker/.venv/lib/python3.13/site-packages/django/core/servers/basehttp.py:213 - "GET /api/v1/orders/ HTTP/1.1" 200 18044
[2025-12-01 02:08:34,436] INFO django.server /Users/NETPHIX_DEV/Desktop/crypto-trading-broker/.venv/lib/python3.13/site-packages/django/core/servers/basehttp.py:213 - "GET /api/v1/accounts/balance/ HTTP/1.1" 200 353
[2025-12-01 02:08:34,491] INFO django.server /Users/NETPHIX_DEV/Desktop/crypto-trading-broker/.venv/lib/python3.13/site-packages/django/core/servers/basehttp.py:213 - "GET /api/v1/transactions/?trading_pair=1 HTTP/1.1" 200 6609
[2025-12-01 02:09:01,049] INFO django.server /Users/NETPHIX_DEV/Desktop/crypto-trading-broker/.venv/lib/python3.13/site-packages/django/core/servers/basehttp.py:213 - "POST /api/v1/cron/expire-orders/?token=5Pm-SoiK_WTo2hU1sfsprv4qaUTqp_s0rdbdag45k9M= HTTP/1.1" 200 131
[2025-12-01 02:09:01,053] INFO django.server /Users/NETPHIX_DEV/Desktop/crypto-trading-broker/.venv/lib/python3.13/site-packages/django/core/servers/basehttp.py:213 - "POST /api/v1/cron/execute-orders/?token=5Pm-SoiK_WTo2hU1sfsprv4qaUTqp_s0rdbdag45k9M= HTTP/1.1" 200 168
[2025-12-01 02:09:05,660] INFO django.server /Users/NETPHIX_DEV/Desktop/crypto-trading-broker/.venv/lib/python3.13/site-packages/django/core/servers/basehttp.py:213 - "POST /api/v1/cron/update-positions/?token=5Pm-SoiK_WTo2hU1sfsprv4qaUTqp_s0rdbdag45k9M= HTTP/1.1" 200 369
[2025-12-01 02:10:02,498] INFO django.server /Users/NETPHIX_DEV/Desktop/crypto-trading-broker/.venv/lib/python3.13/site-packages/django/core/servers/basehttp.py:213 - "POST /api/v1/cron/expire-orders/?token=5Pm-SoiK_WTo2hU1sfsprv4qaUTqp_s0rdbdag45k9M= HTTP/1.1" 200 131
[2025-12-01 02:10:02,853] INFO django.server /Users/NETPHIX_DEV/Desktop/crypto-trading-broker/.venv/lib/python3.13/site-packages/django/core/servers/basehttp.py:213 - "POST /api/v1/cron/execute-orders/?token=5Pm-SoiK_WTo2hU1sfsprv4qaUTqp_s0rdbdag45k9M= HTTP/1.1" 200 168
[2025-12-01 02:10:11,514] INFO django.server /Users/NETPHIX_DEV/Desktop/crypto-trading-broker/.venv/lib/python3.13/site-packages/django/core/servers/basehttp.py:213 - "POST /api/v1/cron/update-positions/?token=5Pm-SoiK_WTo2hU1sfsprv4qaUTqp_s0rdbdag45k9M= HTTP/1.1" 200 369
[2025-12-01 02:11:00,956] INFO django.server /Users/NETPHIX_DEV/Desktop/crypto-trading-broker/.venv/lib/python3.13/site-packages/django/core/servers/basehttp.py:213 - "POST /api/v1/cron/execute-orders/?token=5Pm-SoiK_WTo2hU1sfsprv4qaUTqp_s0rdbdag45k9M= HTTP/1.1" 200 168
[2025-12-01 02:11:01,064] INFO django.server /Users/NETPHIX_DEV/Desktop/crypto-trading-broker/.venv/lib/python3.13/site-packages/django/core/servers/basehttp.py:213 - "POST /api/v1/cron/expire-orders/?token=5Pm-SoiK_WTo2hU1sfsprv4qaUTqp_s0rdbdag45k9M= HTTP/1.1" 200 131
[2025-12-01 02:11:05,592] INFO django.server /Users/NETPHIX_DEV/Desktop/crypto-trading-broker/.venv/lib/python3.13/site-packages/django/core/servers/basehttp.py:213 - "POST /api/v1/cron/update-positions/?token=5Pm-SoiK_WTo2hU1sfsprv4qaUTqp_s0rdbdag45k9M= HTTP/1.1" 200 369
[2025-12-01 02:12:00,969] INFO django.server /Users/NETPHIX_DEV/Desktop/crypto-trading-broker/.venv/lib/python3.13/site-packages/django/core/servers/basehttp.py:213 - "POST /api/v1/cron/expire-orders/?token=5Pm-SoiK_WTo2hU1sfsprv4qaUTqp_s0rdbdag45k9M= HTTP/1.1" 200 131
[2025-12-01 02:12:00,971] INFO django.server /Users/NETPHIX_DEV/Desktop/crypto-trading-broker/.venv/lib/python3.13/site-packages/django/core/servers/basehttp.py:213 - "POST /api/v1/cron/execute-orders/?token=5Pm-SoiK_WTo2hU1sfsprv4qaUTqp_s0rdbdag45k9M= HTTP/1.1" 200 168
[2025-12-01 02:12:09,722] INFO django.server /Users/NETPHIX_DEV/Desktop/crypto-trading-broker/.venv/lib/python3.13/site-packages/django/core/servers/basehttp.py:213 - "POST /api/v1/cron/update-positions/?token=5Pm-SoiK_WTo2hU1sfsprv4qaUTqp_s0rdbdag45k9M= HTTP/1.1" 200 369
[2025-12-01 02:13:00,965] INFO django.server /Users/NETPHIX_DEV/Desktop/crypto-trading-broker/.venv/lib/python3.13/site-packages/django/core/servers/basehttp.py:213 - "POST /api/v1/cron/expire-orders/?token=5Pm-SoiK_WTo2hU1sfsprv4qaUTqp_s0rdbdag45k9M= HTTP/1.1" 200 131
[2025-12-01 02:13:01,108] INFO django.server /Users/NETPHIX_DEV/Desktop/crypto-trading-broker/.venv/lib/python3.13/site-packages/django/core/servers/basehttp.py:213 - "POST /api/v1/cron/execute-orders/?token=5Pm-SoiK_WTo2hU1sfsprv4qaUTqp_s0rdbdag45k9M= HTTP/1.1" 200 168
[2025-12-01 02:13:05,895] INFO django.server /Users/NETPHIX_DEV/Desktop/crypto-trading-broker/.venv/lib/python3.13/site-packages/django/core/servers/basehttp.py:213 - "POST /api/v1/cron/update-positions/?token=5Pm-SoiK_WTo2hU1sfsprv4qaUTqp_s0rdbdag45k9M= HTTP/1.1" 200 369
[2025-12-01 02:14:00,952] INFO django.server /Users/NETPHIX_DEV/Desktop/crypto-trading-broker/.venv/lib/python3.13/site-packages/django/core/servers/basehttp.py:213 - "POST /api/v1/cron/execute-orders/?token=5Pm-SoiK_WTo2hU1sfsprv4qaUTqp_s0rdbdag45k9M= HTTP/1.1" 200 168
[2025-12-01 02:14:01,023] INFO django.server /Users/NETPHIX_DEV/Desktop/crypto-trading-broker/.venv/lib/python3.13/site-packages/django/core/servers/basehttp.py:213 - "POST /api/v1/cron/expire-orders/?token=5Pm-SoiK_WTo2hU1sfsprv4qaUTqp_s0rdbdag45k9M= HTTP/1.1" 200 131
[2025-12-01 02:14:10,206] INFO django.server /Users/NETPHIX_DEV/Desktop/crypto-trading-broker/.venv/lib/python3.13/site-packages/django/core/servers/basehttp.py:213 - "POST /api/v1/cron/update-positions/?token=5Pm-SoiK_WTo2hU1sfsprv4qaUTqp_s0rdbdag45k9M= HTTP/1.1" 200 369
[2025-12-01 02:15:02,137] INFO django.server /Users/NETPHIX_DEV/Desktop/crypto-trading-broker/.venv/lib/python3.13/site-packages/django/core/servers/basehttp.py:213 - "POST /api/v1/cron/expire-orders/?token=5Pm-SoiK_WTo2hU1sfsprv4qaUTqp_s0rdbdag45k9M= HTTP/1.1" 200 131
[2025-12-01 02:15:02,201] INFO django.server /Users/NETPHIX_DEV/Desktop/crypto-trading-broker/.venv/lib/python3.13/site-packages/django/core/servers/basehttp.py:213 - "POST /api/v1/cron/execute-orders/?token=5Pm-SoiK_WTo2hU1sfsprv4qaUTqp_s0rdbdag45k9M= HTTP/1.1" 200 168
[2025-12-01 02:15:06,555] INFO django.server /Users/NETPHIX_DEV/Desktop/crypto-trading-broker/.venv/lib/python3.13/site-packages/django/core/servers/basehttp.py:213 - "POST /api/v1/cron/update-positions/?token=5Pm-SoiK_WTo2hU1sfsprv4qaUTqp_s0rdbdag45k9M= HTTP/1.1" 200 369
[2025-12-01 02:15:22,541] INFO django.server /Users/NETPHIX_DEV/Desktop/crypto-trading-broker/.venv/lib/python3.13/site-packages/django/core/servers/basehttp.py:213 - "GET /dashboard/trading-view/1/ HTTP/1.1" 200 119935
[2025-12-01 02:15:22,870] INFO django.server /Users/NETPHIX_DEV/Desktop/crypto-trading-broker/.venv/lib/python3.13/site-packages/django/core/servers/basehttp.py:213 - "GET /static/assets/scripts/api.js HTTP/1.1" 304 0
[2025-12-01 02:15:22,892] INFO django.server /Users/NETPHIX_DEV/Desktop/crypto-trading-broker/.venv/lib/python3.13/site-packages/django/core/servers/basehttp.py:213 - "GET /static/assets/scripts/order-handler.js HTTP/1.1" 200 16707
[2025-12-01 02:15:22,892] INFO django.server /Users/NETPHIX_DEV/Desktop/crypto-trading-broker/.venv/lib/python3.13/site-packages/django/core/servers/basehttp.py:213 - "GET /static/assets/scripts/trading-single.js HTTP/1.1" 200 43401
[2025-12-01 02:15:23,252] WARNING django.server /Users/NETPHIX_DEV/Desktop/crypto-trading-broker/.venv/lib/python3.13/site-packages/django/core/servers/basehttp.py:213 - "GET /.well-known/appspecific/com.chrome.devtools.json HTTP/1.1" 404 20610
[2025-12-01 02:15:24,352] INFO django.server /Users/NETPHIX_DEV/Desktop/crypto-trading-broker/.venv/lib/python3.13/site-packages/django/core/servers/basehttp.py:213 - "GET /api/v1/trading/config/ HTTP/1.1" 200 1299
[2025-12-01 02:15:24,522] INFO django.server /Users/NETPHIX_DEV/Desktop/crypto-trading-broker/.venv/lib/python3.13/site-packages/django/core/servers/basehttp.py:213 - "GET /api/v1/orders/trading_summary/ HTTP/1.1" 200 293
[2025-12-01 02:15:24,579] INFO django.server /Users/NETPHIX_DEV/Desktop/crypto-trading-broker/.venv/lib/python3.13/site-packages/django/core/servers/basehttp.py:213 - "GET /api/v1/positions/ HTTP/1.1" 200 4959
[2025-12-01 02:15:24,641] INFO django.server /Users/NETPHIX_DEV/Desktop/crypto-trading-broker/.venv/lib/python3.13/site-packages/django/core/servers/basehttp.py:213 - "GET /api/v1/orders/ HTTP/1.1" 200 18044
[2025-12-01 02:15:24,671] INFO django.server /Users/NETPHIX_DEV/Desktop/crypto-trading-broker/.venv/lib/python3.13/site-packages/django/core/servers/basehttp.py:213 - "GET /api/v1/trading-pairs/1/ HTTP/1.1" 200 590
[2025-12-01 02:15:26,383] INFO django.server /Users/NETPHIX_DEV/Desktop/crypto-trading-broker/.venv/lib/python3.13/site-packages/django/core/servers/basehttp.py:213 - "GET /api/v1/trading-pairs/1/market_data/ HTTP/1.1" 200 333
[2025-12-01 02:15:26,473] INFO django.server /Users/NETPHIX_DEV/Desktop/crypto-trading-broker/.venv/lib/python3.13/site-packages/django/core/servers/basehttp.py:213 - "GET /api/v1/accounts/balance/ HTTP/1.1" 200 353
[2025-12-01 02:15:26,520] INFO django.server /Users/NETPHIX_DEV/Desktop/crypto-trading-broker/.venv/lib/python3.13/site-packages/django/core/servers/basehttp.py:213 - "GET /api/v1/positions/ HTTP/1.1" 200 4959
[2025-12-01 02:15:26,592] INFO django.server /Users/NETPHIX_DEV/Desktop/crypto-trading-broker/.venv/lib/python3.13/site-packages/django/core/servers/basehttp.py:213 - "GET /api/v1/orders/ HTTP/1.1" 200 18044
[2025-12-01 02:15:26,635] INFO django.server /Users/NETPHIX_DEV/Desktop/crypto-trading-broker/.venv/lib/python3.13/site-packages/django/core/servers/basehttp.py:213 - "GET /api/v1/transactions/?trading_pair=1 HTTP/1.1" 200 6609
[2025-12-01 02:16:00,779] INFO django.server /Users/NETPHIX_DEV/Desktop/crypto-trading-broker/.venv/lib/python3.13/site-packages/django/core/servers/basehttp.py:213 - "POST /api/v1/cron/execute-orders/?token=5Pm-SoiK_WTo2hU1sfsprv4qaUTqp_s0rdbdag45k9M= HTTP/1.1" 200 168
[2025-12-01 02:16:00,781] INFO django.server /Users/NETPHIX_DEV/Desktop/crypto-trading-broker/.venv/lib/python3.13/site-packages/django/core/servers/basehttp.py:213 - "POST /api/v1/cron/expire-orders/?token=5Pm-SoiK_WTo2hU1sfsprv4qaUTqp_s0rdbdag45k9M= HTTP/1.1" 200 131
[2025-12-01 02:16:09,831] INFO django.server /Users/NETPHIX_DEV/Desktop/crypto-trading-broker/.venv/lib/python3.13/site-packages/django/core/servers/basehttp.py:213 - "POST /api/v1/cron/update-positions/?token=5Pm-SoiK_WTo2hU1sfsprv4qaUTqp_s0rdbdag45k9M= HTTP/1.1" 200 369
[2025-12-01 02:16:14,311] INFO django.server /Users/NETPHIX_DEV/Desktop/crypto-trading-broker/.venv/lib/python3.13/site-packages/django/core/servers/basehttp.py:213 - "GET /dashboard/trading-view/1/ HTTP/1.1" 200 119935
[2025-12-01 02:16:14,358] INFO django.server /Users/NETPHIX_DEV/Desktop/crypto-trading-broker/.venv/lib/python3.13/site-packages/django/core/servers/basehttp.py:213 - "GET /static/assets/scripts/order-handler.js HTTP/1.1" 304 0
[2025-12-01 02:16:14,369] INFO django.server /Users/NETPHIX_DEV/Desktop/crypto-trading-broker/.venv/lib/python3.13/site-packages/django/core/servers/basehttp.py:213 - "GET /static/assets/scripts/trading-single.js HTTP/1.1" 304 0
[2025-12-01 02:16:14,574] WARNING django.server /Users/NETPHIX_DEV/Desktop/crypto-trading-broker/.venv/lib/python3.13/site-packages/django/core/servers/basehttp.py:213 - "GET /.well-known/appspecific/com.chrome.devtools.json HTTP/1.1" 404 20610
[2025-12-01 02:16:15,227] INFO django.server /Users/NETPHIX_DEV/Desktop/crypto-trading-broker/.venv/lib/python3.13/site-packages/django/core/servers/basehttp.py:213 - "GET /api/v1/trading/config/ HTTP/1.1" 200 1299
[2025-12-01 02:16:15,398] INFO django.server /Users/NETPHIX_DEV/Desktop/crypto-trading-broker/.venv/lib/python3.13/site-packages/django/core/servers/basehttp.py:213 - "GET /api/v1/orders/trading_summary/ HTTP/1.1" 200 293
[2025-12-01 02:16:15,449] INFO django.server /Users/NETPHIX_DEV/Desktop/crypto-trading-broker/.venv/lib/python3.13/site-packages/django/core/servers/basehttp.py:213 - "GET /api/v1/positions/ HTTP/1.1" 200 4937
[2025-12-01 02:16:15,505] INFO django.server /Users/NETPHIX_DEV/Desktop/crypto-trading-broker/.venv/lib/python3.13/site-packages/django/core/servers/basehttp.py:213 - "GET /api/v1/orders/ HTTP/1.1" 200 17972
[2025-12-01 02:16:15,532] INFO django.server /Users/NETPHIX_DEV/Desktop/crypto-trading-broker/.venv/lib/python3.13/site-packages/django/core/servers/basehttp.py:213 - "GET /api/v1/trading-pairs/1/ HTTP/1.1" 200 566
[2025-12-01 02:16:17,200] INFO django.server /Users/NETPHIX_DEV/Desktop/crypto-trading-broker/.venv/lib/python3.13/site-packages/django/core/servers/basehttp.py:213 - "GET /api/v1/trading-pairs/1/market_data/ HTTP/1.1" 200 335
[2025-12-01 02:16:17,218] INFO django.server /Users/NETPHIX_DEV/Desktop/crypto-trading-broker/.venv/lib/python3.13/site-packages/django/core/servers/basehttp.py:213 - "GET /api/v1/accounts/balance/ HTTP/1.1" 200 353
[2025-12-01 02:16:17,251] INFO django.server /Users/NETPHIX_DEV/Desktop/crypto-trading-broker/.venv/lib/python3.13/site-packages/django/core/servers/basehttp.py:213 - "GET /api/v1/positions/ HTTP/1.1" 200 4937
[2025-12-01 02:16:17,295] INFO django.server /Users/NETPHIX_DEV/Desktop/crypto-trading-broker/.venv/lib/python3.13/site-packages/django/core/servers/basehttp.py:213 - "GET /api/v1/orders/ HTTP/1.1" 200 17972
[2025-12-01 02:16:17,344] INFO django.server /Users/NETPHIX_DEV/Desktop/crypto-trading-broker/.venv/lib/python3.13/site-packages/django/core/servers/basehttp.py:213 - "GET /api/v1/transactions/?trading_pair=1 HTTP/1.1" 200 6609
[2025-12-01 02:17:00,820] INFO django.server /Users/NETPHIX_DEV/Desktop/crypto-trading-broker/.venv/lib/python3.13/site-packages/django/core/servers/basehttp.py:213 - "POST /api/v1/cron/execute-orders/?token=5Pm-SoiK_WTo2hU1sfsprv4qaUTqp_s0rdbdag45k9M= HTTP/1.1" 200 168
[2025-12-01 02:17:00,887] INFO django.server /Users/NETPHIX_DEV/Desktop/crypto-trading-broker/.venv/lib/python3.13/site-packages/django/core/servers/basehttp.py:213 - "POST /api/v1/cron/expire-orders/?token=5Pm-SoiK_WTo2hU1sfsprv4qaUTqp_s0rdbdag45k9M= HTTP/1.1" 200 131
[2025-12-01 02:17:05,665] INFO django.server /Users/NETPHIX_DEV/Desktop/crypto-trading-broker/.venv/lib/python3.13/site-packages/django/core/servers/basehttp.py:213 - "POST /api/v1/cron/update-positions/?token=5Pm-SoiK_WTo2hU1sfsprv4qaUTqp_s0rdbdag45k9M= HTTP/1.1" 200 369
[2025-12-01 02:17:42,395] INFO django.server /Users/NETPHIX_DEV/Desktop/crypto-trading-broker/.venv/lib/python3.13/site-packages/django/core/servers/basehttp.py:213 - "GET /dashboard/transactions/ HTTP/1.1" 200 96356
[2025-12-01 02:17:42,577] WARNING django.server /Users/NETPHIX_DEV/Desktop/crypto-trading-broker/.venv/lib/python3.13/site-packages/django/core/servers/basehttp.py:213 - "GET /.well-known/appspecific/com.chrome.devtools.json HTTP/1.1" 404 20610
[2025-12-01 02:17:43,454] INFO django.server /Users/NETPHIX_DEV/Desktop/crypto-trading-broker/.venv/lib/python3.13/site-packages/django/core/servers/basehttp.py:213 - "GET /api/v1/transactions/ HTTP/1.1" 200 9499
[2025-12-01 02:17:43,488] INFO django.server /Users/NETPHIX_DEV/Desktop/crypto-trading-broker/.venv/lib/python3.13/site-packages/django/core/servers/basehttp.py:213 - "GET /api/v1/transactions/ HTTP/1.1" 200 9499
[2025-12-01 02:18:00,758] INFO django.server /Users/NETPHIX_DEV/Desktop/crypto-trading-broker/.venv/lib/python3.13/site-packages/django/core/servers/basehttp.py:213 - "POST /api/v1/cron/expire-orders/?token=5Pm-SoiK_WTo2hU1sfsprv4qaUTqp_s0rdbdag45k9M= HTTP/1.1" 200 131
[2025-12-01 02:18:00,812] INFO django.server /Users/NETPHIX_DEV/Desktop/crypto-trading-broker/.venv/lib/python3.13/site-packages/django/core/servers/basehttp.py:213 - "POST /api/v1/cron/execute-orders/?token=5Pm-SoiK_WTo2hU1sfsprv4qaUTqp_s0rdbdag45k9M= HTTP/1.1" 200 168
[2025-12-01 02:18:06,474] INFO django.server /Users/NETPHIX_DEV/Desktop/crypto-trading-broker/.venv/lib/python3.13/site-packages/django/core/servers/basehttp.py:213 - "GET /dashboard/trading-view/1/ HTTP/1.1" 200 119935
[2025-12-01 02:18:06,674] INFO django.server /Users/NETPHIX_DEV/Desktop/crypto-trading-broker/.venv/lib/python3.13/site-packages/django/core/servers/basehttp.py:213 - "GET /static/assets/scripts/order-handler.js HTTP/1.1" 304 0
[2025-12-01 02:18:06,685] INFO django.server /Users/NETPHIX_DEV/Desktop/crypto-trading-broker/.venv/lib/python3.13/site-packages/django/core/servers/basehttp.py:213 - "GET /static/assets/scripts/trading-single.js HTTP/1.1" 304 0
[2025-12-01 02:18:07,407] INFO django.server /Users/NETPHIX_DEV/Desktop/crypto-trading-broker/.venv/lib/python3.13/site-packages/django/core/servers/basehttp.py:213 - "GET /api/v1/trading/config/ HTTP/1.1" 200 1299
[2025-12-01 02:18:07,514] INFO django.server /Users/NETPHIX_DEV/Desktop/crypto-trading-broker/.venv/lib/python3.13/site-packages/django/core/servers/basehttp.py:213 - "GET /api/v1/orders/trading_summary/ HTTP/1.1" 200 293
[2025-12-01 02:18:07,544] INFO django.server /Users/NETPHIX_DEV/Desktop/crypto-trading-broker/.venv/lib/python3.13/site-packages/django/core/servers/basehttp.py:213 - "GET /api/v1/positions/ HTTP/1.1" 200 4936
[2025-12-01 02:18:07,581] INFO django.server /Users/NETPHIX_DEV/Desktop/crypto-trading-broker/.venv/lib/python3.13/site-packages/django/core/servers/basehttp.py:213 - "GET /api/v1/orders/ HTTP/1.1" 200 17972
[2025-12-01 02:18:07,597] INFO django.server /Users/NETPHIX_DEV/Desktop/crypto-trading-broker/.venv/lib/python3.13/site-packages/django/core/servers/basehttp.py:213 - "GET /api/v1/trading-pairs/1/ HTTP/1.1" 200 566
[2025-12-01 02:18:09,151] INFO django.server /Users/NETPHIX_DEV/Desktop/crypto-trading-broker/.venv/lib/python3.13/site-packages/django/core/servers/basehttp.py:213 - "GET /api/v1/trading-pairs/1/market_data/ HTTP/1.1" 200 335
[2025-12-01 02:18:09,165] INFO django.server /Users/NETPHIX_DEV/Desktop/crypto-trading-broker/.venv/lib/python3.13/site-packages/django/core/servers/basehttp.py:213 - "GET /api/v1/accounts/balance/ HTTP/1.1" 200 353
[2025-12-01 02:18:09,192] INFO django.server /Users/NETPHIX_DEV/Desktop/crypto-trading-broker/.venv/lib/python3.13/site-packages/django/core/servers/basehttp.py:213 - "GET /api/v1/positions/ HTTP/1.1" 200 4960
[2025-12-01 02:18:09,261] INFO django.server /Users/NETPHIX_DEV/Desktop/crypto-trading-broker/.venv/lib/python3.13/site-packages/django/core/servers/basehttp.py:213 - "GET /api/v1/orders/ HTTP/1.1" 200 18044
[2025-12-01 02:18:09,302] INFO django.server /Users/NETPHIX_DEV/Desktop/crypto-trading-broker/.venv/lib/python3.13/site-packages/django/core/servers/basehttp.py:213 - "GET /api/v1/transactions/?trading_pair=1 HTTP/1.1" 200 6609
[2025-12-01 02:18:09,985] INFO django.server /Users/NETPHIX_DEV/Desktop/crypto-trading-broker/.venv/lib/python3.13/site-packages/django/core/servers/basehttp.py:213 - "POST /api/v1/cron/update-positions/?token=5Pm-SoiK_WTo2hU1sfsprv4qaUTqp_s0rdbdag45k9M= HTTP/1.1" 200 369
[2025-12-01 02:19:00,924] INFO django.server /Users/NETPHIX_DEV/Desktop/crypto-trading-broker/.venv/lib/python3.13/site-packages/django/core/servers/basehttp.py:213 - "POST /api/v1/cron/execute-orders/?token=5Pm-SoiK_WTo2hU1sfsprv4qaUTqp_s0rdbdag45k9M= HTTP/1.1" 200 168
[2025-12-01 02:19:01,019] INFO django.server /Users/NETPHIX_DEV/Desktop/crypto-trading-broker/.venv/lib/python3.13/site-packages/django/core/servers/basehttp.py:213 - "POST /api/v1/cron/expire-orders/?token=5Pm-SoiK_WTo2hU1sfsprv4qaUTqp_s0rdbdag45k9M= HTTP/1.1" 200 131
[2025-12-01 02:19:06,050] INFO django.server /Users/NETPHIX_DEV/Desktop/crypto-trading-broker/.venv/lib/python3.13/site-packages/django/core/servers/basehttp.py:213 - "POST /api/v1/cron/update-positions/?token=5Pm-SoiK_WTo2hU1sfsprv4qaUTqp_s0rdbdag45k9M= HTTP/1.1" 200 369
[2025-12-01 02:19:17,712] INFO django.utils.autoreload /Users/NETPHIX_DEV/Desktop/crypto-trading-broker/.venv/lib/python3.13/site-packages/django/utils/autoreload.py:265 - /Users/NETPHIX_DEV/Desktop/crypto-trading-broker/trading/serializers.py changed, reloading.
[2025-12-01 02:19:17,894] INFO django.utils.autoreload /Users/NETPHIX_DEV/Desktop/crypto-trading-broker/.venv/lib/python3.13/site-packages/django/utils/autoreload.py:265 - /Users/NETPHIX_DEV/Desktop/crypto-trading-broker/trading/serializers.py changed, reloading.
[2025-12-01 02:19:20,571] INFO django.utils.autoreload /Users/NETPHIX_DEV/Desktop/crypto-trading-broker/.venv/lib/python3.13/site-packages/django/utils/autoreload.py:667 - Watching for file changes with StatReloader
[2025-12-01 02:19:20,573] INFO django.utils.autoreload /Users/NETPHIX_DEV/Desktop/crypto-trading-broker/.venv/lib/python3.13/site-packages/django/utils/autoreload.py:667 - Watching for file changes with StatReloader
[2025-12-01 02:19:21,869] INFO django.utils.autoreload /Users/NETPHIX_DEV/Desktop/crypto-trading-broker/.venv/lib/python3.13/site-packages/django/utils/autoreload.py:265 - /Users/NETPHIX_DEV/Desktop/crypto-trading-broker/trading/serializers.py changed, reloading.
[2025-12-01 02:19:21,877] INFO django.utils.autoreload /Users/NETPHIX_DEV/Desktop/crypto-trading-broker/.venv/lib/python3.13/site-packages/django/utils/autoreload.py:265 - /Users/NETPHIX_DEV/Desktop/crypto-trading-broker/trading/serializers.py changed, reloading.
[2025-12-01 02:19:22,980] INFO django.utils.autoreload /Users/NETPHIX_DEV/Desktop/crypto-trading-broker/.venv/lib/python3.13/site-packages/django/utils/autoreload.py:667 - Watching for file changes with StatReloader
[2025-12-01 02:19:22,989] INFO django.utils.autoreload /Users/NETPHIX_DEV/Desktop/crypto-trading-broker/.venv/lib/python3.13/site-packages/django/utils/autoreload.py:667 - Watching for file changes with StatReloader
[2025-12-01 02:19:24,202] INFO django.utils.autoreload /Users/NETPHIX_DEV/Desktop/crypto-trading-broker/.venv/lib/python3.13/site-packages/django/utils/autoreload.py:265 - /Users/NETPHIX_DEV/Desktop/crypto-trading-broker/trading/serializers.py changed, reloading.
[2025-12-01 02:19:24,205] INFO django.utils.autoreload /Users/NETPHIX_DEV/Desktop/crypto-trading-broker/.venv/lib/python3.13/site-packages/django/utils/autoreload.py:265 - /Users/NETPHIX_DEV/Desktop/crypto-trading-broker/trading/serializers.py changed, reloading.
[2025-12-01 02:19:25,661] INFO django.utils.autoreload /Users/NETPHIX_DEV/Desktop/crypto-trading-broker/.venv/lib/python3.13/site-packages/django/utils/autoreload.py:667 - Watching for file changes with StatReloader
[2025-12-01 02:19:25,661] INFO django.utils.autoreload /Users/NETPHIX_DEV/Desktop/crypto-trading-broker/.venv/lib/python3.13/site-packages/django/utils/autoreload.py:667 - Watching for file changes with StatReloader
[2025-12-01 02:19:27,962] INFO django.utils.autoreload /Users/NETPHIX_DEV/Desktop/crypto-trading-broker/.venv/lib/python3.13/site-packages/django/utils/autoreload.py:265 - /Users/NETPHIX_DEV/Desktop/crypto-trading-broker/trading/serializers.py changed, reloading.
[2025-12-01 02:19:27,968] INFO django.utils.autoreload /Users/NETPHIX_DEV/Desktop/crypto-trading-broker/.venv/lib/python3.13/site-packages/django/utils/autoreload.py:265 - /Users/NETPHIX_DEV/Desktop/crypto-trading-broker/trading/serializers.py changed, reloading.
[2025-12-01 02:19:29,144] INFO django.utils.autoreload /Users/NETPHIX_DEV/Desktop/crypto-trading-broker/.venv/lib/python3.13/site-packages/django/utils/autoreload.py:667 - Watching for file changes with StatReloader
[2025-12-01 02:19:29,144] INFO django.utils.autoreload /Users/NETPHIX_DEV/Desktop/crypto-trading-broker/.venv/lib/python3.13/site-packages/django/utils/autoreload.py:667 - Watching for file changes with StatReloader
[2025-12-01 02:19:37,333] INFO django.server /Users/NETPHIX_DEV/Desktop/crypto-trading-broker/.venv/lib/python3.13/site-packages/django/core/servers/basehttp.py:213 - "GET /api/v1/positions/ HTTP/1.1" 200 5042
[2025-12-01 02:20:01,995] INFO django.server /Users/NETPHIX_DEV/Desktop/crypto-trading-broker/.venv/lib/python3.13/site-packages/django/core/servers/basehttp.py:213 - "POST /api/v1/cron/expire-orders/?token=5Pm-SoiK_WTo2hU1sfsprv4qaUTqp_s0rdbdag45k9M= HTTP/1.1" 200 131
[2025-12-01 02:20:01,997] INFO django.server /Users/NETPHIX_DEV/Desktop/crypto-trading-broker/.venv/lib/python3.13/site-packages/django/core/servers/basehttp.py:213 - "POST /api/v1/cron/execute-orders/?token=5Pm-SoiK_WTo2hU1sfsprv4qaUTqp_s0rdbdag45k9M= HTTP/1.1" 200 168
[2025-12-01 02:20:04,707] INFO django.server /Users/NETPHIX_DEV/Desktop/crypto-trading-broker/.venv/lib/python3.13/site-packages/django/core/servers/basehttp.py:213 - "GET /api/v1/positions/?status=closed HTTP/1.1" 200 5042
[2025-12-01 02:20:11,500] INFO django.server /Users/NETPHIX_DEV/Desktop/crypto-trading-broker/.venv/lib/python3.13/site-packages/django/core/servers/basehttp.py:213 - "POST /api/v1/cron/update-positions/?token=5Pm-SoiK_WTo2hU1sfsprv4qaUTqp_s0rdbdag45k9M= HTTP/1.1" 200 369
[2025-12-01 02:21:00,708] INFO django.server /Users/NETPHIX_DEV/Desktop/crypto-trading-broker/.venv/lib/python3.13/site-packages/django/core/servers/basehttp.py:213 - "POST /api/v1/cron/expire-orders/?token=5Pm-SoiK_WTo2hU1sfsprv4qaUTqp_s0rdbdag45k9M= HTTP/1.1" 200 131
[2025-12-01 02:21:00,799] INFO django.server /Users/NETPHIX_DEV/Desktop/crypto-trading-broker/.venv/lib/python3.13/site-packages/django/core/servers/basehttp.py:213 - "POST /api/v1/cron/execute-orders/?token=5Pm-SoiK_WTo2hU1sfsprv4qaUTqp_s0rdbdag45k9M= HTTP/1.1" 200 168
[2025-12-01 02:21:05,467] INFO django.server /Users/NETPHIX_DEV/Desktop/crypto-trading-broker/.venv/lib/python3.13/site-packages/django/core/servers/basehttp.py:213 - "POST /api/v1/cron/update-positions/?token=5Pm-SoiK_WTo2hU1sfsprv4qaUTqp_s0rdbdag45k9M= HTTP/1.1" 200 369
[2025-12-01 02:21:20,741] INFO django.utils.autoreload /Users/NETPHIX_DEV/Desktop/crypto-trading-broker/.venv/lib/python3.13/site-packages/django/utils/autoreload.py:265 - /Users/NETPHIX_DEV/Desktop/crypto-trading-broker/trading/views.py changed, reloading.
[2025-12-01 02:21:20,957] INFO django.utils.autoreload /Users/NETPHIX_DEV/Desktop/crypto-trading-broker/.venv/lib/python3.13/site-packages/django/utils/autoreload.py:265 - /Users/NETPHIX_DEV/Desktop/crypto-trading-broker/trading/views.py changed, reloading.
[2025-12-01 02:21:22,644] INFO django.utils.autoreload /Users/NETPHIX_DEV/Desktop/crypto-trading-broker/.venv/lib/python3.13/site-packages/django/utils/autoreload.py:667 - Watching for file changes with StatReloader
[2025-12-01 02:21:22,644] INFO django.utils.autoreload /Users/NETPHIX_DEV/Desktop/crypto-trading-broker/.venv/lib/python3.13/site-packages/django/utils/autoreload.py:667 - Watching for file changes with StatReloader
[2025-12-01 02:21:26,195] INFO django.utils.autoreload /Users/NETPHIX_DEV/Desktop/crypto-trading-broker/.venv/lib/python3.13/site-packages/django/utils/autoreload.py:265 - /Users/NETPHIX_DEV/Desktop/crypto-trading-broker/trading/views.py changed, reloading.
[2025-12-01 02:21:26,201] INFO django.utils.autoreload /Users/NETPHIX_DEV/Desktop/crypto-trading-broker/.venv/lib/python3.13/site-packages/django/utils/autoreload.py:265 - /Users/NETPHIX_DEV/Desktop/crypto-trading-broker/trading/views.py changed, reloading.
[2025-12-01 02:21:27,582] INFO django.utils.autoreload /Users/NETPHIX_DEV/Desktop/crypto-trading-broker/.venv/lib/python3.13/site-packages/django/utils/autoreload.py:667 - Watching for file changes with StatReloader
[2025-12-01 02:21:27,584] INFO django.utils.autoreload /Users/NETPHIX_DEV/Desktop/crypto-trading-broker/.venv/lib/python3.13/site-packages/django/utils/autoreload.py:667 - Watching for file changes with StatReloader
[2025-12-01 02:21:32,990] INFO django.utils.autoreload /Users/NETPHIX_DEV/Desktop/crypto-trading-broker/.venv/lib/python3.13/site-packages/django/utils/autoreload.py:265 - /Users/NETPHIX_DEV/Desktop/crypto-trading-broker/trading/views.py changed, reloading.
[2025-12-01 02:21:32,994] INFO django.utils.autoreload /Users/NETPHIX_DEV/Desktop/crypto-trading-broker/.venv/lib/python3.13/site-packages/django/utils/autoreload.py:265 - /Users/NETPHIX_DEV/Desktop/crypto-trading-broker/trading/views.py changed, reloading.
[2025-12-01 02:21:34,974] INFO django.utils.autoreload /Users/NETPHIX_DEV/Desktop/crypto-trading-broker/.venv/lib/python3.13/site-packages/django/utils/autoreload.py:667 - Watching for file changes with StatReloader
[2025-12-01 02:21:34,975] INFO django.utils.autoreload /Users/NETPHIX_DEV/Desktop/crypto-trading-broker/.venv/lib/python3.13/site-packages/django/utils/autoreload.py:667 - Watching for file changes with StatReloader
[2025-12-01 02:21:46,199] INFO django.utils.autoreload /Users/NETPHIX_DEV/Desktop/crypto-trading-broker/.venv/lib/python3.13/site-packages/django/utils/autoreload.py:265 - /Users/NETPHIX_DEV/Desktop/crypto-trading-broker/trading/views.py changed, reloading.
[2025-12-01 02:21:46,208] INFO django.utils.autoreload /Users/NETPHIX_DEV/Desktop/crypto-trading-broker/.venv/lib/python3.13/site-packages/django/utils/autoreload.py:265 - /Users/NETPHIX_DEV/Desktop/crypto-trading-broker/trading/views.py changed, reloading.
[2025-12-01 02:21:47,896] INFO django.utils.autoreload /Users/NETPHIX_DEV/Desktop/crypto-trading-broker/.venv/lib/python3.13/site-packages/django/utils/autoreload.py:667 - Watching for file changes with StatReloader
[2025-12-01 02:21:47,901] INFO django.utils.autoreload /Users/NETPHIX_DEV/Desktop/crypto-trading-broker/.venv/lib/python3.13/site-packages/django/utils/autoreload.py:667 - Watching for file changes with StatReloader
[2025-12-01 02:22:00,817] INFO django.server /Users/NETPHIX_DEV/Desktop/crypto-trading-broker/.venv/lib/python3.13/site-packages/django/core/servers/basehttp.py:213 - "POST /api/v1/cron/execute-orders/?token=5Pm-SoiK_WTo2hU1sfsprv4qaUTqp_s0rdbdag45k9M= HTTP/1.1" 200 168
[2025-12-01 02:22:00,822] INFO django.server /Users/NETPHIX_DEV/Desktop/crypto-trading-broker/.venv/lib/python3.13/site-packages/django/core/servers/basehttp.py:213 - "POST /api/v1/cron/expire-orders/?token=5Pm-SoiK_WTo2hU1sfsprv4qaUTqp_s0rdbdag45k9M= HTTP/1.1" 200 131
[2025-12-01 02:22:09,749] INFO django.server /Users/NETPHIX_DEV/Desktop/crypto-trading-broker/.venv/lib/python3.13/site-packages/django/core/servers/basehttp.py:213 - "POST /api/v1/cron/update-positions/?token=5Pm-SoiK_WTo2hU1sfsprv4qaUTqp_s0rdbdag45k9M= HTTP/1.1" 200 369
[2025-12-01 02:22:40,221] INFO django.utils.autoreload /Users/NETPHIX_DEV/Desktop/crypto-trading-broker/.venv/lib/python3.13/site-packages/django/utils/autoreload.py:265 - /Users/NETPHIX_DEV/Desktop/crypto-trading-broker/trading/views.py changed, reloading.
[2025-12-01 02:22:40,321] INFO django.utils.autoreload /Users/NETPHIX_DEV/Desktop/crypto-trading-broker/.venv/lib/python3.13/site-packages/django/utils/autoreload.py:265 - /Users/NETPHIX_DEV/Desktop/crypto-trading-broker/trading/views.py changed, reloading.
[2025-12-01 02:22:42,146] INFO django.utils.autoreload /Users/NETPHIX_DEV/Desktop/crypto-trading-broker/.venv/lib/python3.13/site-packages/django/utils/autoreload.py:667 - Watching for file changes with StatReloader
[2025-12-01 02:22:42,146] INFO django.utils.autoreload /Users/NETPHIX_DEV/Desktop/crypto-trading-broker/.venv/lib/python3.13/site-packages/django/utils/autoreload.py:667 - Watching for file changes with StatReloader
[2025-12-01 02:22:45,394] INFO django.server /Users/NETPHIX_DEV/Desktop/crypto-trading-broker/.venv/lib/python3.13/site-packages/django/core/servers/basehttp.py:213 - "GET /api/v1/positions/?status=closed HTTP/1.1" 200 1066
[2025-12-01 02:22:58,671] INFO django.server /Users/NETPHIX_DEV/Desktop/crypto-trading-broker/.venv/lib/python3.13/site-packages/django/core/servers/basehttp.py:213 - "GET /api/v1/positions/?status=open HTTP/1.1" 200 4027
[2025-12-01 02:23:00,891] INFO django.server /Users/NETPHIX_DEV/Desktop/crypto-trading-broker/.venv/lib/python3.13/site-packages/django/core/servers/basehttp.py:213 - "POST /api/v1/cron/expire-orders/?token=5Pm-SoiK_WTo2hU1sfsprv4qaUTqp_s0rdbdag45k9M= HTTP/1.1" 200 131
[2025-12-01 02:23:00,960] INFO django.server /Users/NETPHIX_DEV/Desktop/crypto-trading-broker/.venv/lib/python3.13/site-packages/django/core/servers/basehttp.py:213 - "POST /api/v1/cron/execute-orders/?token=5Pm-SoiK_WTo2hU1sfsprv4qaUTqp_s0rdbdag45k9M= HTTP/1.1" 200 168
[2025-12-01 02:23:09,751] INFO django.server /Users/NETPHIX_DEV/Desktop/crypto-trading-broker/.venv/lib/python3.13/site-packages/django/core/servers/basehttp.py:213 - "POST /api/v1/cron/update-positions/?token=5Pm-SoiK_WTo2hU1sfsprv4qaUTqp_s0rdbdag45k9M= HTTP/1.1" 200 369
[2025-12-01 02:23:13,470] INFO django.server /Users/NETPHIX_DEV/Desktop/crypto-trading-broker/.venv/lib/python3.13/site-packages/django/core/servers/basehttp.py:213 - "GET /dashboard/trading-view/1/ HTTP/1.1" 200 119935
[2025-12-01 02:23:13,531] INFO django.server /Users/NETPHIX_DEV/Desktop/crypto-trading-broker/.venv/lib/python3.13/site-packages/django/core/servers/basehttp.py:213 - "GET /static/assets/scripts/api.js HTTP/1.1" 304 0
[2025-12-01 02:23:13,543] INFO django.server /Users/NETPHIX_DEV/Desktop/crypto-trading-broker/.venv/lib/python3.13/site-packages/django/core/servers/basehttp.py:213 - "GET /static/assets/scripts/order-handler.js HTTP/1.1" 304 0
[2025-12-01 02:23:13,550] INFO django.server /Users/NETPHIX_DEV/Desktop/crypto-trading-broker/.venv/lib/python3.13/site-packages/django/core/servers/basehttp.py:213 - "GET /static/assets/scripts/trading-single.js HTTP/1.1" 304 0
[2025-12-01 02:23:14,981] INFO django.server /Users/NETPHIX_DEV/Desktop/crypto-trading-broker/.venv/lib/python3.13/site-packages/django/core/servers/basehttp.py:213 - "GET /api/v1/trading/config/ HTTP/1.1" 200 1299
[2025-12-01 02:23:15,110] INFO django.server /Users/NETPHIX_DEV/Desktop/crypto-trading-broker/.venv/lib/python3.13/site-packages/django/core/servers/basehttp.py:213 - "GET /api/v1/orders/trading_summary/ HTTP/1.1" 200 293
[2025-12-01 02:23:15,128] INFO django.server /Users/NETPHIX_DEV/Desktop/crypto-trading-broker/.venv/lib/python3.13/site-packages/django/core/servers/basehttp.py:213 - "GET /api/v1/positions/ HTTP/1.1" 200 5043
[2025-12-01 02:23:15,155] INFO django.server /Users/NETPHIX_DEV/Desktop/crypto-trading-broker/.venv/lib/python3.13/site-packages/django/core/servers/basehttp.py:213 - "GET /api/v1/orders/ HTTP/1.1" 200 18044
[2025-12-01 02:23:15,170] INFO django.server /Users/NETPHIX_DEV/Desktop/crypto-trading-broker/.venv/lib/python3.13/site-packages/django/core/servers/basehttp.py:213 - "GET /api/v1/trading-pairs/1/ HTTP/1.1" 200 590
[2025-12-01 02:23:16,941] INFO django.server /Users/NETPHIX_DEV/Desktop/crypto-trading-broker/.venv/lib/python3.13/site-packages/django/core/servers/basehttp.py:213 - "GET /api/v1/trading-pairs/1/market_data/ HTTP/1.1" 200 334
[2025-12-01 02:23:16,955] INFO django.server /Users/NETPHIX_DEV/Desktop/crypto-trading-broker/.venv/lib/python3.13/site-packages/django/core/servers/basehttp.py:213 - "GET /api/v1/accounts/balance/ HTTP/1.1" 200 353
[2025-12-01 02:23:16,989] INFO django.server /Users/NETPHIX_DEV/Desktop/crypto-trading-broker/.venv/lib/python3.13/site-packages/django/core/servers/basehttp.py:213 - "GET /api/v1/positions/ HTTP/1.1" 200 5043
[2025-12-01 02:23:17,071] INFO django.server /Users/NETPHIX_DEV/Desktop/crypto-trading-broker/.venv/lib/python3.13/site-packages/django/core/servers/basehttp.py:213 - "GET /api/v1/orders/ HTTP/1.1" 200 18044
[2025-12-01 02:23:17,130] INFO django.server /Users/NETPHIX_DEV/Desktop/crypto-trading-broker/.venv/lib/python3.13/site-packages/django/core/servers/basehttp.py:213 - "GET /api/v1/transactions/?trading_pair=1 HTTP/1.1" 200 6609
[2025-12-01 02:24:00,786] INFO django.server /Users/NETPHIX_DEV/Desktop/crypto-trading-broker/.venv/lib/python3.13/site-packages/django/core/servers/basehttp.py:213 - "POST /api/v1/cron/execute-orders/?token=5Pm-SoiK_WTo2hU1sfsprv4qaUTqp_s0rdbdag45k9M= HTTP/1.1" 200 168
[2025-12-01 02:24:00,835] INFO django.server /Users/NETPHIX_DEV/Desktop/crypto-trading-broker/.venv/lib/python3.13/site-packages/django/core/servers/basehttp.py:213 - "POST /api/v1/cron/expire-orders/?token=5Pm-SoiK_WTo2hU1sfsprv4qaUTqp_s0rdbdag45k9M= HTTP/1.1" 200 131
[2025-12-01 02:24:05,317] INFO django.server /Users/NETPHIX_DEV/Desktop/crypto-trading-broker/.venv/lib/python3.13/site-packages/django/core/servers/basehttp.py:213 - "POST /api/v1/cron/update-positions/?token=5Pm-SoiK_WTo2hU1sfsprv4qaUTqp_s0rdbdag45k9M= HTTP/1.1" 200 369
[2025-12-01 02:25:00,408] INFO django.server /Users/NETPHIX_DEV/Desktop/crypto-trading-broker/.venv/lib/python3.13/site-packages/django/core/servers/basehttp.py:213 - "POST /api/v1/cron/execute-orders/?token=5Pm-SoiK_WTo2hU1sfsprv4qaUTqp_s0rdbdag45k9M= HTTP/1.1" 200 168
[2025-12-01 02:25:01,212] INFO django.server /Users/NETPHIX_DEV/Desktop/crypto-trading-broker/.venv/lib/python3.13/site-packages/django/core/servers/basehttp.py:213 - "POST /api/v1/cron/expire-orders/?token=5Pm-SoiK_WTo2hU1sfsprv4qaUTqp_s0rdbdag45k9M= HTTP/1.1" 200 131
[2025-12-01 02:25:10,223] INFO django.server /Users/NETPHIX_DEV/Desktop/crypto-trading-broker/.venv/lib/python3.13/site-packages/django/core/servers/basehttp.py:213 - "POST /api/v1/cron/update-positions/?token=5Pm-SoiK_WTo2hU1sfsprv4qaUTqp_s0rdbdag45k9M= HTTP/1.1" 200 369
[2025-12-01 02:26:00,725] INFO django.server /Users/NETPHIX_DEV/Desktop/crypto-trading-broker/.venv/lib/python3.13/site-packages/django/core/servers/basehttp.py:213 - "POST /api/v1/cron/execute-orders/?token=5Pm-SoiK_WTo2hU1sfsprv4qaUTqp_s0rdbdag45k9M= HTTP/1.1" 200 168
[2025-12-01 02:26:00,826] INFO django.server /Users/NETPHIX_DEV/Desktop/crypto-trading-broker/.venv/lib/python3.13/site-packages/django/core/servers/basehttp.py:213 - "POST /api/v1/cron/expire-orders/?token=5Pm-SoiK_WTo2hU1sfsprv4qaUTqp_s0rdbdag45k9M= HTTP/1.1" 200 131
[2025-12-01 02:26:05,559] INFO django.server /Users/NETPHIX_DEV/Desktop/crypto-trading-broker/.venv/lib/python3.13/site-packages/django/core/servers/basehttp.py:213 - "POST /api/v1/cron/update-positions/?token=5Pm-SoiK_WTo2hU1sfsprv4qaUTqp_s0rdbdag45k9M= HTTP/1.1" 200 369
[2025-12-01 02:26:40,958] INFO django.server /Users/NETPHIX_DEV/Desktop/crypto-trading-broker/.venv/lib/python3.13/site-packages/django/core/servers/basehttp.py:213 - "GET /dashboard/trading-view/1/ HTTP/1.1" 200 119935
[2025-12-01 02:26:41,017] INFO django.server /Users/NETPHIX_DEV/Desktop/crypto-trading-broker/.venv/lib/python3.13/site-packages/django/core/servers/basehttp.py:213 - "GET /static/assets/scripts/order-handler.js HTTP/1.1" 304 0
[2025-12-01 02:26:41,020] INFO django.server /Users/NETPHIX_DEV/Desktop/crypto-trading-broker/.venv/lib/python3.13/site-packages/django/core/servers/basehttp.py:213 - "GET /static/assets/scripts/trading-single.js HTTP/1.1" 304 0
[2025-12-01 02:26:41,809] INFO django.server /Users/NETPHIX_DEV/Desktop/crypto-trading-broker/.venv/lib/python3.13/site-packages/django/core/servers/basehttp.py:213 - "GET /api/v1/trading/config/ HTTP/1.1" 200 1299
[2025-12-01 02:26:41,977] INFO django.server /Users/NETPHIX_DEV/Desktop/crypto-trading-broker/.venv/lib/python3.13/site-packages/django/core/servers/basehttp.py:213 - "GET /api/v1/orders/trading_summary/ HTTP/1.1" 200 293
[2025-12-01 02:26:42,021] INFO django.server /Users/NETPHIX_DEV/Desktop/crypto-trading-broker/.venv/lib/python3.13/site-packages/django/core/servers/basehttp.py:213 - "GET /api/v1/positions/ HTTP/1.1" 200 5042
[2025-12-01 02:26:42,085] INFO django.server /Users/NETPHIX_DEV/Desktop/crypto-trading-broker/.venv/lib/python3.13/site-packages/django/core/servers/basehttp.py:213 - "GET /api/v1/orders/ HTTP/1.1" 200 18044
[2025-12-01 02:26:42,104] INFO django.server /Users/NETPHIX_DEV/Desktop/crypto-trading-broker/.venv/lib/python3.13/site-packages/django/core/servers/basehttp.py:213 - "GET /api/v1/trading-pairs/1/ HTTP/1.1" 200 590
[2025-12-01 02:26:43,716] INFO django.server /Users/NETPHIX_DEV/Desktop/crypto-trading-broker/.venv/lib/python3.13/site-packages/django/core/servers/basehttp.py:213 - "GET /api/v1/trading-pairs/1/market_data/ HTTP/1.1" 200 334
[2025-12-01 02:26:43,726] INFO django.server /Users/NETPHIX_DEV/Desktop/crypto-trading-broker/.venv/lib/python3.13/site-packages/django/core/servers/basehttp.py:213 - "GET /api/v1/accounts/balance/ HTTP/1.1" 200 353
[2025-12-01 02:26:43,742] INFO django.server /Users/NETPHIX_DEV/Desktop/crypto-trading-broker/.venv/lib/python3.13/site-packages/django/core/servers/basehttp.py:213 - "GET /api/v1/positions/ HTTP/1.1" 200 5042
[2025-12-01 02:26:43,808] INFO django.server /Users/NETPHIX_DEV/Desktop/crypto-trading-broker/.venv/lib/python3.13/site-packages/django/core/servers/basehttp.py:213 - "GET /api/v1/orders/ HTTP/1.1" 200 18044
[2025-12-01 02:26:43,866] INFO django.server /Users/NETPHIX_DEV/Desktop/crypto-trading-broker/.venv/lib/python3.13/site-packages/django/core/servers/basehttp.py:213 - "GET /api/v1/transactions/?trading_pair=1 HTTP/1.1" 200 6609
[2025-12-01 02:27:00,971] INFO django.server /Users/NETPHIX_DEV/Desktop/crypto-trading-broker/.venv/lib/python3.13/site-packages/django/core/servers/basehttp.py:213 - "POST /api/v1/cron/execute-orders/?token=5Pm-SoiK_WTo2hU1sfsprv4qaUTqp_s0rdbdag45k9M= HTTP/1.1" 200 168
[2025-12-01 02:27:01,086] INFO django.server /Users/NETPHIX_DEV/Desktop/crypto-trading-broker/.venv/lib/python3.13/site-packages/django/core/servers/basehttp.py:213 - "POST /api/v1/cron/expire-orders/?token=5Pm-SoiK_WTo2hU1sfsprv4qaUTqp_s0rdbdag45k9M= HTTP/1.1" 200 131
[2025-12-01 02:27:02,312] INFO django.server /Users/NETPHIX_DEV/Desktop/crypto-trading-broker/.venv/lib/python3.13/site-packages/django/core/servers/basehttp.py:213 - "GET /dashboard/transactions/ HTTP/1.1" 200 96356
[2025-12-01 02:27:02,602] WARNING django.server /Users/NETPHIX_DEV/Desktop/crypto-trading-broker/.venv/lib/python3.13/site-packages/django/core/servers/basehttp.py:213 - "GET /.well-known/appspecific/com.chrome.devtools.json HTTP/1.1" 404 20610
[2025-12-01 02:27:03,700] INFO django.server /Users/NETPHIX_DEV/Desktop/crypto-trading-broker/.venv/lib/python3.13/site-packages/django/core/servers/basehttp.py:213 - "GET /api/v1/transactions/ HTTP/1.1" 200 9499
[2025-12-01 02:27:03,730] INFO django.server /Users/NETPHIX_DEV/Desktop/crypto-trading-broker/.venv/lib/python3.13/site-packages/django/core/servers/basehttp.py:213 - "GET /api/v1/transactions/ HTTP/1.1" 200 9499
[2025-12-01 02:27:10,490] INFO django.server /Users/NETPHIX_DEV/Desktop/crypto-trading-broker/.venv/lib/python3.13/site-packages/django/core/servers/basehttp.py:213 - "POST /api/v1/cron/update-positions/?token=5Pm-SoiK_WTo2hU1sfsprv4qaUTqp_s0rdbdag45k9M= HTTP/1.1" 200 369
[2025-12-01 02:28:00,798] INFO django.server /Users/NETPHIX_DEV/Desktop/crypto-trading-broker/.venv/lib/python3.13/site-packages/django/core/servers/basehttp.py:213 - "POST /api/v1/cron/execute-orders/?token=5Pm-SoiK_WTo2hU1sfsprv4qaUTqp_s0rdbdag45k9M= HTTP/1.1" 200 168
[2025-12-01 02:28:00,942] INFO django.server /Users/NETPHIX_DEV/Desktop/crypto-trading-broker/.venv/lib/python3.13/site-packages/django/core/servers/basehttp.py:213 - "POST /api/v1/cron/expire-orders/?token=5Pm-SoiK_WTo2hU1sfsprv4qaUTqp_s0rdbdag45k9M= HTTP/1.1" 200 131
[2025-12-01 02:28:05,848] INFO django.server /Users/NETPHIX_DEV/Desktop/crypto-trading-broker/.venv/lib/python3.13/site-packages/django/core/servers/basehttp.py:213 - "POST /api/v1/cron/update-positions/?token=5Pm-SoiK_WTo2hU1sfsprv4qaUTqp_s0rdbdag45k9M= HTTP/1.1" 200 369
[2025-12-01 02:28:14,208] INFO django.server /Users/NETPHIX_DEV/Desktop/crypto-trading-broker/.venv/lib/python3.13/site-packages/django/core/servers/basehttp.py:213 - "GET /dashboard/transactions/ HTTP/1.1" 200 96356
[2025-12-01 02:28:14,445] WARNING django.server /Users/NETPHIX_DEV/Desktop/crypto-trading-broker/.venv/lib/python3.13/site-packages/django/core/servers/basehttp.py:213 - "GET /.well-known/appspecific/com.chrome.devtools.json HTTP/1.1" 404 20610
[2025-12-01 02:28:14,457] INFO django.server /Users/NETPHIX_DEV/Desktop/crypto-trading-broker/.venv/lib/python3.13/site-packages/django/core/servers/basehttp.py:81 - - Broken pipe from ('127.0.0.1', 54584)
[2025-12-01 02:28:14,553] WARNING django.server /Users/NETPHIX_DEV/Desktop/crypto-trading-broker/.venv/lib/python3.13/site-packages/django/core/servers/basehttp.py:213 - "GET /.well-known/appspecific/com.chrome.devtools.json HTTP/1.1" 404 20610
[2025-12-01 02:28:15,047] INFO django.server /Users/NETPHIX_DEV/Desktop/crypto-trading-broker/.venv/lib/python3.13/site-packages/django/core/servers/basehttp.py:213 - "GET /static/assets/scripts/api.js HTTP/1.1" 200 33103
[2025-12-01 02:28:16,084] INFO django.server /Users/NETPHIX_DEV/Desktop/crypto-trading-broker/.venv/lib/python3.13/site-packages/django/core/servers/basehttp.py:213 - "GET /api/v1/positions/?status=open HTTP/1.1" 200 4027
[2025-12-01 02:28:22,864] INFO django.server /Users/NETPHIX_DEV/Desktop/crypto-trading-broker/.venv/lib/python3.13/site-packages/django/core/servers/basehttp.py:213 - "GET /dashboard/trading-view/1/ HTTP/1.1" 200 119935
[2025-12-01 02:28:22,936] INFO django.server /Users/NETPHIX_DEV/Desktop/crypto-trading-broker/.venv/lib/python3.13/site-packages/django/core/servers/basehttp.py:213 - "GET /static/assets/scripts/api.js HTTP/1.1" 200 33103
[2025-12-01 02:28:22,946] INFO django.server /Users/NETPHIX_DEV/Desktop/crypto-trading-broker/.venv/lib/python3.13/site-packages/django/core/servers/basehttp.py:213 - "GET /static/assets/scripts/order-handler.js HTTP/1.1" 200 16707
[2025-12-01 02:28:22,953] INFO django.server /Users/NETPHIX_DEV/Desktop/crypto-trading-broker/.venv/lib/python3.13/site-packages/django/core/servers/basehttp.py:213 - "GET /static/assets/scripts/trading-single.js HTTP/1.1" 200 43447
[2025-12-01 02:28:23,115] WARNING django.server /Users/NETPHIX_DEV/Desktop/crypto-trading-broker/.venv/lib/python3.13/site-packages/django/core/servers/basehttp.py:213 - "GET /.well-known/appspecific/com.chrome.devtools.json HTTP/1.1" 404 20610
[2025-12-01 02:28:24,871] INFO django.server /Users/NETPHIX_DEV/Desktop/crypto-trading-broker/.venv/lib/python3.13/site-packages/django/core/servers/basehttp.py:213 - "GET /api/v1/trading/config/ HTTP/1.1" 200 1299
[2025-12-01 02:28:25,051] INFO django.server /Users/NETPHIX_DEV/Desktop/crypto-trading-broker/.venv/lib/python3.13/site-packages/django/core/servers/basehttp.py:213 - "GET /api/v1/orders/trading_summary/ HTTP/1.1" 200 293
[2025-12-01 02:28:25,080] INFO django.server /Users/NETPHIX_DEV/Desktop/crypto-trading-broker/.venv/lib/python3.13/site-packages/django/core/servers/basehttp.py:213 - "GET /api/v1/positions/?status=open HTTP/1.1" 200 4027
[2025-12-01 02:28:25,121] INFO django.server /Users/NETPHIX_DEV/Desktop/crypto-trading-broker/.venv/lib/python3.13/site-packages/django/core/servers/basehttp.py:213 - "GET /api/v1/orders/ HTTP/1.1" 200 18044
[2025-12-01 02:28:25,139] INFO django.server /Users/NETPHIX_DEV/Desktop/crypto-trading-broker/.venv/lib/python3.13/site-packages/django/core/servers/basehttp.py:213 - "GET /api/v1/trading-pairs/1/ HTTP/1.1" 200 590
[2025-12-01 02:28:26,827] INFO django.server /Users/NETPHIX_DEV/Desktop/crypto-trading-broker/.venv/lib/python3.13/site-packages/django/core/servers/basehttp.py:213 - "GET /api/v1/trading-pairs/1/market_data/ HTTP/1.1" 200 334
[2025-12-01 02:28:26,844] INFO django.server /Users/NETPHIX_DEV/Desktop/crypto-trading-broker/.venv/lib/python3.13/site-packages/django/core/servers/basehttp.py:213 - "GET /api/v1/accounts/balance/ HTTP/1.1" 200 353
[2025-12-01 02:28:26,903] INFO django.server /Users/NETPHIX_DEV/Desktop/crypto-trading-broker/.venv/lib/python3.13/site-packages/django/core/servers/basehttp.py:213 - "GET /api/v1/positions/?status=open HTTP/1.1" 200 4027
[2025-12-01 02:28:26,950] INFO django.server /Users/NETPHIX_DEV/Desktop/crypto-trading-broker/.venv/lib/python3.13/site-packages/django/core/servers/basehttp.py:213 - "GET /api/v1/orders/ HTTP/1.1" 200 18044
[2025-12-01 02:28:27,004] INFO django.server /Users/NETPHIX_DEV/Desktop/crypto-trading-broker/.venv/lib/python3.13/site-packages/django/core/servers/basehttp.py:213 - "GET /api/v1/transactions/?trading_pair=1 HTTP/1.1" 200 6609
[2025-12-01 02:28:33,464] INFO django.server /Users/NETPHIX_DEV/Desktop/crypto-trading-broker/.venv/lib/python3.13/site-packages/django/core/servers/basehttp.py:213 - "GET /static/assets/img/XoR8MfdPTzQDfF4JVKuMIQhGj8HmCdPoBxveN4vK.png HTTP/1.1" 200 8868
[2025-12-01 02:28:43,620] INFO django.server /Users/NETPHIX_DEV/Desktop/crypto-trading-broker/.venv/lib/python3.13/site-packages/django/core/servers/basehttp.py:213 - "GET /dashboard/trading-view/3/ HTTP/1.1" 200 119935
[2025-12-01 02:28:43,775] INFO django.server /Users/NETPHIX_DEV/Desktop/crypto-trading-broker/.venv/lib/python3.13/site-packages/django/core/servers/basehttp.py:213 - "GET /static/assets/scripts/trading-single.js HTTP/1.1" 304 0
[2025-12-01 02:28:43,790] INFO django.server /Users/NETPHIX_DEV/Desktop/crypto-trading-broker/.venv/lib/python3.13/site-packages/django/core/servers/basehttp.py:213 - "GET /static/assets/scripts/api.js HTTP/1.1" 304 0
[2025-12-01 02:28:43,801] WARNING django.server /Users/NETPHIX_DEV/Desktop/crypto-trading-broker/.venv/lib/python3.13/site-packages/django/core/servers/basehttp.py:213 - "GET /.well-known/appspecific/com.chrome.devtools.json HTTP/1.1" 404 20610
[2025-12-01 02:28:44,555] INFO django.server /Users/NETPHIX_DEV/Desktop/crypto-trading-broker/.venv/lib/python3.13/site-packages/django/core/servers/basehttp.py:213 - "GET /api/v1/trading/config/ HTTP/1.1" 200 1299
[2025-12-01 02:28:44,738] INFO django.server /Users/NETPHIX_DEV/Desktop/crypto-trading-broker/.venv/lib/python3.13/site-packages/django/core/servers/basehttp.py:213 - "GET /api/v1/orders/trading_summary/ HTTP/1.1" 200 293
[2025-12-01 02:28:44,781] INFO django.server /Users/NETPHIX_DEV/Desktop/crypto-trading-broker/.venv/lib/python3.13/site-packages/django/core/servers/basehttp.py:213 - "GET /api/v1/positions/?status=open HTTP/1.1" 200 4027
[2025-12-01 02:28:44,824] INFO django.server /Users/NETPHIX_DEV/Desktop/crypto-trading-broker/.venv/lib/python3.13/site-packages/django/core/servers/basehttp.py:213 - "GET /api/v1/orders/ HTTP/1.1" 200 18044
[2025-12-01 02:28:44,844] INFO django.server /Users/NETPHIX_DEV/Desktop/crypto-trading-broker/.venv/lib/python3.13/site-packages/django/core/servers/basehttp.py:213 - "GET /api/v1/trading-pairs/3/ HTTP/1.1" 200 570
[2025-12-01 02:28:46,552] INFO django.server /Users/NETPHIX_DEV/Desktop/crypto-trading-broker/.venv/lib/python3.13/site-packages/django/core/servers/basehttp.py:213 - "GET /api/v1/trading-pairs/3/market_data/ HTTP/1.1" 200 330
[2025-12-01 02:28:46,572] INFO django.server /Users/NETPHIX_DEV/Desktop/crypto-trading-broker/.venv/lib/python3.13/site-packages/django/core/servers/basehttp.py:213 - "GET /api/v1/accounts/balance/ HTTP/1.1" 200 353
[2025-12-01 02:28:46,612] INFO django.server /Users/NETPHIX_DEV/Desktop/crypto-trading-broker/.venv/lib/python3.13/site-packages/django/core/servers/basehttp.py:213 - "GET /api/v1/positions/?status=open HTTP/1.1" 200 4027
[2025-12-01 02:28:46,663] INFO django.server /Users/NETPHIX_DEV/Desktop/crypto-trading-broker/.venv/lib/python3.13/site-packages/django/core/servers/basehttp.py:213 - "GET /api/v1/orders/ HTTP/1.1" 200 18044
[2025-12-01 02:28:46,713] INFO django.server /Users/NETPHIX_DEV/Desktop/crypto-trading-broker/.venv/lib/python3.13/site-packages/django/core/servers/basehttp.py:213 - "GET /api/v1/transactions/?trading_pair=3 HTTP/1.1" 200 2398
[2025-12-01 02:29:01,095] INFO django.server /Users/NETPHIX_DEV/Desktop/crypto-trading-broker/.venv/lib/python3.13/site-packages/django/core/servers/basehttp.py:213 - "POST /api/v1/cron/execute-orders/?token=5Pm-SoiK_WTo2hU1sfsprv4qaUTqp_s0rdbdag45k9M= HTTP/1.1" 200 168
[2025-12-01 02:29:01,096] INFO django.server /Users/NETPHIX_DEV/Desktop/crypto-trading-broker/.venv/lib/python3.13/site-packages/django/core/servers/basehttp.py:213 - "POST /api/v1/cron/expire-orders/?token=5Pm-SoiK_WTo2hU1sfsprv4qaUTqp_s0rdbdag45k9M= HTTP/1.1" 200 131
[2025-12-01 02:29:09,855] INFO django.server /Users/NETPHIX_DEV/Desktop/crypto-trading-broker/.venv/lib/python3.13/site-packages/django/core/servers/basehttp.py:213 - "POST /api/v1/cron/update-positions/?token=5Pm-SoiK_WTo2hU1sfsprv4qaUTqp_s0rdbdag45k9M= HTTP/1.1" 200 369
[2025-12-01 02:29:14,607] INFO django.server /Users/NETPHIX_DEV/Desktop/crypto-trading-broker/.venv/lib/python3.13/site-packages/django/core/servers/basehttp.py:213 - "GET /dashboard/trading-view/3/ HTTP/1.1" 200 119935
[2025-12-01 02:29:14,658] INFO django.server /Users/NETPHIX_DEV/Desktop/crypto-trading-broker/.venv/lib/python3.13/site-packages/django/core/servers/basehttp.py:213 - "GET /static/assets/scripts/api.js HTTP/1.1" 304 0
[2025-12-01 02:29:14,660] INFO django.server /Users/NETPHIX_DEV/Desktop/crypto-trading-broker/.venv/lib/python3.13/site-packages/django/core/servers/basehttp.py:213 - "GET /static/assets/scripts/trading-single.js HTTP/1.1" 304 0
[2025-12-01 02:29:15,325] WARNING django.server /Users/NETPHIX_DEV/Desktop/crypto-trading-broker/.venv/lib/python3.13/site-packages/django/core/servers/basehttp.py:213 - "GET /.well-known/appspecific/com.chrome.devtools.json HTTP/1.1" 404 20610
[2025-12-01 02:29:15,501] INFO django.server /Users/NETPHIX_DEV/Desktop/crypto-trading-broker/.venv/lib/python3.13/site-packages/django/core/servers/basehttp.py:213 - "GET /api/v1/trading/config/ HTTP/1.1" 200 1299
[2025-12-01 02:29:15,709] INFO django.server /Users/NETPHIX_DEV/Desktop/crypto-trading-broker/.venv/lib/python3.13/site-packages/django/core/servers/basehttp.py:213 - "GET /api/v1/orders/trading_summary/ HTTP/1.1" 200 293
[2025-12-01 02:29:15,736] INFO django.server /Users/NETPHIX_DEV/Desktop/crypto-trading-broker/.venv/lib/python3.13/site-packages/django/core/servers/basehttp.py:213 - "GET /api/v1/positions/?status=open HTTP/1.1" 200 4028
[2025-12-01 02:29:15,778] INFO django.server /Users/NETPHIX_DEV/Desktop/crypto-trading-broker/.venv/lib/python3.13/site-packages/django/core/servers/basehttp.py:213 - "GET /api/v1/orders/ HTTP/1.1" 200 18044
[2025-12-01 02:29:15,801] INFO django.server /Users/NETPHIX_DEV/Desktop/crypto-trading-broker/.venv/lib/python3.13/site-packages/django/core/servers/basehttp.py:213 - "GET /api/v1/trading-pairs/3/ HTTP/1.1" 200 570
[2025-12-01 02:29:17,416] INFO django.server /Users/NETPHIX_DEV/Desktop/crypto-trading-broker/.venv/lib/python3.13/site-packages/django/core/servers/basehttp.py:213 - "GET /api/v1/trading-pairs/3/market_data/ HTTP/1.1" 200 330
[2025-12-01 02:29:17,432] INFO django.server /Users/NETPHIX_DEV/Desktop/crypto-trading-broker/.venv/lib/python3.13/site-packages/django/core/servers/basehttp.py:213 - "GET /api/v1/accounts/balance/ HTTP/1.1" 200 353
[2025-12-01 02:29:17,610] INFO django.server /Users/NETPHIX_DEV/Desktop/crypto-trading-broker/.venv/lib/python3.13/site-packages/django/core/servers/basehttp.py:213 - "GET /api/v1/positions/?status=open HTTP/1.1" 200 4028
[2025-12-01 02:29:17,661] INFO django.server /Users/NETPHIX_DEV/Desktop/crypto-trading-broker/.venv/lib/python3.13/site-packages/django/core/servers/basehttp.py:213 - "GET /api/v1/orders/ HTTP/1.1" 200 18044
[2025-12-01 02:29:17,717] INFO django.server /Users/NETPHIX_DEV/Desktop/crypto-trading-broker/.venv/lib/python3.13/site-packages/django/core/servers/basehttp.py:213 - "GET /api/v1/transactions/?trading_pair=3 HTTP/1.1" 200 2398
[2025-12-01 02:30:00,211] INFO django.server /Users/NETPHIX_DEV/Desktop/crypto-trading-broker/.venv/lib/python3.13/site-packages/django/core/servers/basehttp.py:213 - "GET /dashboard/trading-view/3/ HTTP/1.1" 200 119837
[2025-12-01 02:30:00,269] INFO django.server /Users/NETPHIX_DEV/Desktop/crypto-trading-broker/.venv/lib/python3.13/site-packages/django/core/servers/basehttp.py:213 - "GET /static/assets/scripts/api.js HTTP/1.1" 304 0
[2025-12-01 02:30:00,273] INFO django.server /Users/NETPHIX_DEV/Desktop/crypto-trading-broker/.venv/lib/python3.13/site-packages/django/core/servers/basehttp.py:213 - "GET /static/assets/scripts/order-handler.js HTTP/1.1" 304 0
[2025-12-01 02:30:00,286] INFO django.server /Users/NETPHIX_DEV/Desktop/crypto-trading-broker/.venv/lib/python3.13/site-packages/django/core/servers/basehttp.py:213 - "GET /static/assets/scripts/trading-single.js HTTP/1.1" 304 0
[2025-12-01 02:30:00,606] WARNING django.server /Users/NETPHIX_DEV/Desktop/crypto-trading-broker/.venv/lib/python3.13/site-packages/django/core/servers/basehttp.py:213 - "GET /.well-known/appspecific/com.chrome.devtools.json HTTP/1.1" 404 20610
[2025-12-01 02:30:01,462] INFO django.server /Users/NETPHIX_DEV/Desktop/crypto-trading-broker/.venv/lib/python3.13/site-packages/django/core/servers/basehttp.py:213 - "GET /api/v1/trading/config/ HTTP/1.1" 200 1299
[2025-12-01 02:30:01,597] INFO django.server /Users/NETPHIX_DEV/Desktop/crypto-trading-broker/.venv/lib/python3.13/site-packages/django/core/servers/basehttp.py:213 - "GET /api/v1/orders/trading_summary/ HTTP/1.1" 200 293
[2025-12-01 02:30:01,627] INFO django.server /Users/NETPHIX_DEV/Desktop/crypto-trading-broker/.venv/lib/python3.13/site-packages/django/core/servers/basehttp.py:213 - "GET /api/v1/positions/?status=open HTTP/1.1" 200 4028
[2025-12-01 02:30:01,652] INFO django.server /Users/NETPHIX_DEV/Desktop/crypto-trading-broker/.venv/lib/python3.13/site-packages/django/core/servers/basehttp.py:213 - "GET /api/v1/orders/ HTTP/1.1" 200 18044
[2025-12-01 02:30:01,677] INFO django.server /Users/NETPHIX_DEV/Desktop/crypto-trading-broker/.venv/lib/python3.13/site-packages/django/core/servers/basehttp.py:213 - "GET /api/v1/trading-pairs/3/ HTTP/1.1" 200 570
[2025-12-01 02:30:03,215] INFO django.server /Users/NETPHIX_DEV/Desktop/crypto-trading-broker/.venv/lib/python3.13/site-packages/django/core/servers/basehttp.py:213 - "POST /api/v1/cron/expire-orders/?token=5Pm-SoiK_WTo2hU1sfsprv4qaUTqp_s0rdbdag45k9M= HTTP/1.1" 200 131
[2025-12-01 02:30:03,220] INFO django.server /Users/NETPHIX_DEV/Desktop/crypto-trading-broker/.venv/lib/python3.13/site-packages/django/core/servers/basehttp.py:213 - "POST /api/v1/cron/execute-orders/?token=5Pm-SoiK_WTo2hU1sfsprv4qaUTqp_s0rdbdag45k9M= HTTP/1.1" 200 168
[2025-12-01 02:30:03,460] INFO django.server /Users/NETPHIX_DEV/Desktop/crypto-trading-broker/.venv/lib/python3.13/site-packages/django/core/servers/basehttp.py:213 - "GET /api/v1/trading-pairs/3/market_data/ HTTP/1.1" 200 330
[2025-12-01 02:30:03,584] INFO django.server /Users/NETPHIX_DEV/Desktop/crypto-trading-broker/.venv/lib/python3.13/site-packages/django/core/servers/basehttp.py:213 - "GET /api/v1/accounts/balance/ HTTP/1.1" 200 353
[2025-12-01 02:30:03,610] INFO django.server /Users/NETPHIX_DEV/Desktop/crypto-trading-broker/.venv/lib/python3.13/site-packages/django/core/servers/basehttp.py:213 - "GET /api/v1/positions/?status=open HTTP/1.1" 200 4028
[2025-12-01 02:30:03,667] INFO django.server /Users/NETPHIX_DEV/Desktop/crypto-trading-broker/.venv/lib/python3.13/site-packages/django/core/servers/basehttp.py:213 - "GET /api/v1/orders/ HTTP/1.1" 200 18044
[2025-12-01 02:30:03,723] INFO django.server /Users/NETPHIX_DEV/Desktop/crypto-trading-broker/.venv/lib/python3.13/site-packages/django/core/servers/basehttp.py:213 - "GET /api/v1/transactions/?trading_pair=3 HTTP/1.1" 200 2398
[2025-12-01 02:30:08,501] INFO django.server /Users/NETPHIX_DEV/Desktop/crypto-trading-broker/.venv/lib/python3.13/site-packages/django/core/servers/basehttp.py:213 - "POST /api/v1/cron/update-positions/?token=5Pm-SoiK_WTo2hU1sfsprv4qaUTqp_s0rdbdag45k9M= HTTP/1.1" 200 369
[2025-12-01 02:31:00,939] INFO django.server /Users/NETPHIX_DEV/Desktop/crypto-trading-broker/.venv/lib/python3.13/site-packages/django/core/servers/basehttp.py:213 - "POST /api/v1/cron/execute-orders/?token=5Pm-SoiK_WTo2hU1sfsprv4qaUTqp_s0rdbdag45k9M= HTTP/1.1" 200 168
[2025-12-01 02:31:01,010] INFO django.server /Users/NETPHIX_DEV/Desktop/crypto-trading-broker/.venv/lib/python3.13/site-packages/django/core/servers/basehttp.py:213 - "POST /api/v1/cron/expire-orders/?token=5Pm-SoiK_WTo2hU1sfsprv4qaUTqp_s0rdbdag45k9M= HTTP/1.1" 200 131
[2025-12-01 02:31:07,299] INFO django.server /Users/NETPHIX_DEV/Desktop/crypto-trading-broker/.venv/lib/python3.13/site-packages/django/core/servers/basehttp.py:213 - "GET /dashboard/trading-view/3/ HTTP/1.1" 200 119837
[2025-12-01 02:31:07,369] INFO django.server /Users/NETPHIX_DEV/Desktop/crypto-trading-broker/.venv/lib/python3.13/site-packages/django/core/servers/basehttp.py:213 - "GET /static/assets/scripts/api.js HTTP/1.1" 304 0
[2025-12-01 02:31:07,379] INFO django.server /Users/NETPHIX_DEV/Desktop/crypto-trading-broker/.venv/lib/python3.13/site-packages/django/core/servers/basehttp.py:213 - "GET /static/assets/scripts/trading-single.js HTTP/1.1" 304 0
[2025-12-01 02:31:07,455] WARNING django.server /Users/NETPHIX_DEV/Desktop/crypto-trading-broker/.venv/lib/python3.13/site-packages/django/core/servers/basehttp.py:213 - "GET /.well-known/appspecific/com.chrome.devtools.json HTTP/1.1" 404 20610
[2025-12-01 02:31:08,363] INFO django.server /Users/NETPHIX_DEV/Desktop/crypto-trading-broker/.venv/lib/python3.13/site-packages/django/core/servers/basehttp.py:213 - "GET /api/v1/trading/config/ HTTP/1.1" 200 1299
[2025-12-01 02:31:08,525] INFO django.server /Users/NETPHIX_DEV/Desktop/crypto-trading-broker/.venv/lib/python3.13/site-packages/django/core/servers/basehttp.py:213 - "GET /api/v1/orders/trading_summary/ HTTP/1.1" 200 293
[2025-12-01 02:31:08,543] INFO django.server /Users/NETPHIX_DEV/Desktop/crypto-trading-broker/.venv/lib/python3.13/site-packages/django/core/servers/basehttp.py:213 - "GET /api/v1/positions/?status=open HTTP/1.1" 200 4027
[2025-12-01 02:31:08,577] INFO django.server /Users/NETPHIX_DEV/Desktop/crypto-trading-broker/.venv/lib/python3.13/site-packages/django/core/servers/basehttp.py:213 - "GET /api/v1/orders/ HTTP/1.1" 200 18044
[2025-12-01 02:31:08,593] INFO django.server /Users/NETPHIX_DEV/Desktop/crypto-trading-broker/.venv/lib/python3.13/site-packages/django/core/servers/basehttp.py:213 - "GET /api/v1/trading-pairs/3/ HTTP/1.1" 200 570
[2025-12-01 02:31:10,827] INFO django.server /Users/NETPHIX_DEV/Desktop/crypto-trading-broker/.venv/lib/python3.13/site-packages/django/core/servers/basehttp.py:213 - "GET /api/v1/trading-pairs/3/market_data/ HTTP/1.1" 200 330
[2025-12-01 02:31:10,844] INFO django.server /Users/NETPHIX_DEV/Desktop/crypto-trading-broker/.venv/lib/python3.13/site-packages/django/core/servers/basehttp.py:213 - "GET /api/v1/accounts/balance/ HTTP/1.1" 200 353
[2025-12-01 02:31:10,906] INFO django.server /Users/NETPHIX_DEV/Desktop/crypto-trading-broker/.venv/lib/python3.13/site-packages/django/core/servers/basehttp.py:213 - "GET /api/v1/positions/?status=open HTTP/1.1" 200 4027
[2025-12-01 02:31:10,952] INFO django.server /Users/NETPHIX_DEV/Desktop/crypto-trading-broker/.venv/lib/python3.13/site-packages/django/core/servers/basehttp.py:213 - "GET /api/v1/orders/ HTTP/1.1" 200 18044
[2025-12-01 02:31:11,063] INFO django.server /Users/NETPHIX_DEV/Desktop/crypto-trading-broker/.venv/lib/python3.13/site-packages/django/core/servers/basehttp.py:213 - "GET /api/v1/transactions/?trading_pair=3 HTTP/1.1" 200 2398
[2025-12-01 02:31:15,190] INFO django.server /Users/NETPHIX_DEV/Desktop/crypto-trading-broker/.venv/lib/python3.13/site-packages/django/core/servers/basehttp.py:213 - "POST /api/v1/cron/update-positions/?token=5Pm-SoiK_WTo2hU1sfsprv4qaUTqp_s0rdbdag45k9M= HTTP/1.1" 200 369
[2025-12-01 02:32:00,826] INFO django.server /Users/NETPHIX_DEV/Desktop/crypto-trading-broker/.venv/lib/python3.13/site-packages/django/core/servers/basehttp.py:213 - "POST /api/v1/cron/execute-orders/?token=5Pm-SoiK_WTo2hU1sfsprv4qaUTqp_s0rdbdag45k9M= HTTP/1.1" 200 168
[2025-12-01 02:32:00,900] INFO django.server /Users/NETPHIX_DEV/Desktop/crypto-trading-broker/.venv/lib/python3.13/site-packages/django/core/servers/basehttp.py:213 - "POST /api/v1/cron/expire-orders/?token=5Pm-SoiK_WTo2hU1sfsprv4qaUTqp_s0rdbdag45k9M= HTTP/1.1" 200 131
[2025-12-01 02:32:02,256] INFO django.server /Users/NETPHIX_DEV/Desktop/crypto-trading-broker/.venv/lib/python3.13/site-packages/django/core/servers/basehttp.py:213 - "GET /dashboard/transactions/ HTTP/1.1" 200 96356
[2025-12-01 02:32:02,322] INFO django.server /Users/NETPHIX_DEV/Desktop/crypto-trading-broker/.venv/lib/python3.13/site-packages/django/core/servers/basehttp.py:213 - "GET /static/assets/scripts/api.js HTTP/1.1" 304 0
[2025-12-01 02:32:02,371] WARNING django.server /Users/NETPHIX_DEV/Desktop/crypto-trading-broker/.venv/lib/python3.13/site-packages/django/core/servers/basehttp.py:213 - "GET /.well-known/appspecific/com.chrome.devtools.json HTTP/1.1" 404 20610
[2025-12-01 02:32:02,933] INFO django.server /Users/NETPHIX_DEV/Desktop/crypto-trading-broker/.venv/lib/python3.13/site-packages/django/core/servers/basehttp.py:213 - "GET /api/v1/transactions/ HTTP/1.1" 200 9499
[2025-12-01 02:32:02,977] INFO django.server /Users/NETPHIX_DEV/Desktop/crypto-trading-broker/.venv/lib/python3.13/site-packages/django/core/servers/basehttp.py:213 - "GET /api/v1/transactions/ HTTP/1.1" 200 9499
[2025-12-01 02:32:06,043] INFO django.server /Users/NETPHIX_DEV/Desktop/crypto-trading-broker/.venv/lib/python3.13/site-packages/django/core/servers/basehttp.py:213 - "POST /api/v1/cron/update-positions/?token=5Pm-SoiK_WTo2hU1sfsprv4qaUTqp_s0rdbdag45k9M= HTTP/1.1" 200 369
[2025-12-01 02:32:08,119] INFO django.server /Users/NETPHIX_DEV/Desktop/crypto-trading-broker/.venv/lib/python3.13/site-packages/django/core/servers/basehttp.py:213 - "GET /dashboard/transactions/ HTTP/1.1" 200 96356
[2025-12-01 02:32:09,184] INFO django.server /Users/NETPHIX_DEV/Desktop/crypto-trading-broker/.venv/lib/python3.13/site-packages/django/core/servers/basehttp.py:213 - "GET /api/v1/transactions/ HTTP/1.1" 200 9499
[2025-12-01 02:32:09,422] INFO django.server /Users/NETPHIX_DEV/Desktop/crypto-trading-broker/.venv/lib/python3.13/site-packages/django/core/servers/basehttp.py:213 - "GET /api/v1/transactions/ HTTP/1.1" 200 9499
[2025-12-01 02:32:57,147] WARNING django.server /Users/NETPHIX_DEV/Desktop/crypto-trading-broker/.venv/lib/python3.13/site-packages/django/core/servers/basehttp.py:213 - "GET /.well-known/appspecific/com.chrome.devtools.json HTTP/1.1" 404 20610
[2025-12-01 02:33:00,980] INFO django.server /Users/NETPHIX_DEV/Desktop/crypto-trading-broker/.venv/lib/python3.13/site-packages/django/core/servers/basehttp.py:213 - "POST /api/v1/cron/expire-orders/?token=5Pm-SoiK_WTo2hU1sfsprv4qaUTqp_s0rdbdag45k9M= HTTP/1.1" 200 131
[2025-12-01 02:33:00,991] INFO django.server /Users/NETPHIX_DEV/Desktop/crypto-trading-broker/.venv/lib/python3.13/site-packages/django/core/servers/basehttp.py:213 - "POST /api/v1/cron/execute-orders/?token=5Pm-SoiK_WTo2hU1sfsprv4qaUTqp_s0rdbdag45k9M= HTTP/1.1" 200 168
[2025-12-01 02:33:10,434] INFO django.server /Users/NETPHIX_DEV/Desktop/crypto-trading-broker/.venv/lib/python3.13/site-packages/django/core/servers/basehttp.py:213 - "POST /api/v1/cron/update-positions/?token=5Pm-SoiK_WTo2hU1sfsprv4qaUTqp_s0rdbdag45k9M= HTTP/1.1" 200 369
[2025-12-01 02:33:11,639] INFO django.server /Users/NETPHIX_DEV/Desktop/crypto-trading-broker/.venv/lib/python3.13/site-packages/django/core/servers/basehttp.py:213 - "GET /dashboard/copy-trading HTTP/1.1" 200 115674
[2025-12-01 02:33:11,724] INFO django.server /Users/NETPHIX_DEV/Desktop/crypto-trading-broker/.venv/lib/python3.13/site-packages/django/core/servers/basehttp.py:213 - "GET /static/assets/scripts/api.js HTTP/1.1" 304 0
[2025-12-01 02:33:11,777] WARNING django.server /Users/NETPHIX_DEV/Desktop/crypto-trading-broker/.venv/lib/python3.13/site-packages/django/core/servers/basehttp.py:213 - "GET /.well-known/appspecific/com.chrome.devtools.json HTTP/1.1" 404 20610
[2025-12-01 02:34:00,795] INFO django.server /Users/NETPHIX_DEV/Desktop/crypto-trading-broker/.venv/lib/python3.13/site-packages/django/core/servers/basehttp.py:213 - "POST /api/v1/cron/expire-orders/?token=5Pm-SoiK_WTo2hU1sfsprv4qaUTqp_s0rdbdag45k9M= HTTP/1.1" 200 131
[2025-12-01 02:34:00,799] INFO django.server /Users/NETPHIX_DEV/Desktop/crypto-trading-broker/.venv/lib/python3.13/site-packages/django/core/servers/basehttp.py:213 - "POST /api/v1/cron/execute-orders/?token=5Pm-SoiK_WTo2hU1sfsprv4qaUTqp_s0rdbdag45k9M= HTTP/1.1" 200 168
[2025-12-01 02:34:05,272] INFO django.server /Users/NETPHIX_DEV/Desktop/crypto-trading-broker/.venv/lib/python3.13/site-packages/django/core/servers/basehttp.py:213 - "POST /api/v1/cron/update-positions/?token=5Pm-SoiK_WTo2hU1sfsprv4qaUTqp_s0rdbdag45k9M= HTTP/1.1" 200 369
[2025-12-01 02:35:00,713] INFO django.server /Users/NETPHIX_DEV/Desktop/crypto-trading-broker/.venv/lib/python3.13/site-packages/django/core/servers/basehttp.py:213 - "POST /api/v1/cron/execute-orders/?token=5Pm-SoiK_WTo2hU1sfsprv4qaUTqp_s0rdbdag45k9M= HTTP/1.1" 200 168
[2025-12-01 02:35:00,764] INFO django.server /Users/NETPHIX_DEV/Desktop/crypto-trading-broker/.venv/lib/python3.13/site-packages/django/core/servers/basehttp.py:213 - "POST /api/v1/cron/expire-orders/?token=5Pm-SoiK_WTo2hU1sfsprv4qaUTqp_s0rdbdag45k9M= HTTP/1.1" 200 131
[2025-12-01 02:35:09,572] INFO django.server /Users/NETPHIX_DEV/Desktop/crypto-trading-broker/.venv/lib/python3.13/site-packages/django/core/servers/basehttp.py:213 - "POST /api/v1/cron/update-positions/?token=5Pm-SoiK_WTo2hU1sfsprv4qaUTqp_s0rdbdag45k9M= HTTP/1.1" 200 369
[2025-12-01 02:36:00,852] INFO django.server /Users/NETPHIX_DEV/Desktop/crypto-trading-broker/.venv/lib/python3.13/site-packages/django/core/servers/basehttp.py:213 - "POST /api/v1/cron/expire-orders/?token=5Pm-SoiK_WTo2hU1sfsprv4qaUTqp_s0rdbdag45k9M= HTTP/1.1" 200 131
[2025-12-01 02:36:00,855] INFO django.server /Users/NETPHIX_DEV/Desktop/crypto-trading-broker/.venv/lib/python3.13/site-packages/django/core/servers/basehttp.py:213 - "POST /api/v1/cron/execute-orders/?token=5Pm-SoiK_WTo2hU1sfsprv4qaUTqp_s0rdbdag45k9M= HTTP/1.1" 200 168
[2025-12-01 02:36:05,360] INFO django.server /Users/NETPHIX_DEV/Desktop/crypto-trading-broker/.venv/lib/python3.13/site-packages/django/core/servers/basehttp.py:213 - "POST /api/v1/cron/update-positions/?token=5Pm-SoiK_WTo2hU1sfsprv4qaUTqp_s0rdbdag45k9M= HTTP/1.1" 200 369
[2025-12-01 02:37:00,903] INFO django.server /Users/NETPHIX_DEV/Desktop/crypto-trading-broker/.venv/lib/python3.13/site-packages/django/core/servers/basehttp.py:213 - "POST /api/v1/cron/execute-orders/?token=5Pm-SoiK_WTo2hU1sfsprv4qaUTqp_s0rdbdag45k9M= HTTP/1.1" 200 168
[2025-12-01 02:37:00,982] INFO django.server /Users/NETPHIX_DEV/Desktop/crypto-trading-broker/.venv/lib/python3.13/site-packages/django/core/servers/basehttp.py:213 - "POST /api/v1/cron/expire-orders/?token=5Pm-SoiK_WTo2hU1sfsprv4qaUTqp_s0rdbdag45k9M= HTTP/1.1" 200 131
[2025-12-01 02:37:09,831] INFO django.server /Users/NETPHIX_DEV/Desktop/crypto-trading-broker/.venv/lib/python3.13/site-packages/django/core/servers/basehttp.py:213 - "POST /api/v1/cron/update-positions/?token=5Pm-SoiK_WTo2hU1sfsprv4qaUTqp_s0rdbdag45k9M= HTTP/1.1" 200 369
[2025-12-01 02:38:00,824] INFO django.server /Users/NETPHIX_DEV/Desktop/crypto-trading-broker/.venv/lib/python3.13/site-packages/django/core/servers/basehttp.py:213 - "POST /api/v1/cron/expire-orders/?token=5Pm-SoiK_WTo2hU1sfsprv4qaUTqp_s0rdbdag45k9M= HTTP/1.1" 200 131
[2025-12-01 02:38:00,826] INFO django.server /Users/NETPHIX_DEV/Desktop/crypto-trading-broker/.venv/lib/python3.13/site-packages/django/core/servers/basehttp.py:213 - "POST /api/v1/cron/execute-orders/?token=5Pm-SoiK_WTo2hU1sfsprv4qaUTqp_s0rdbdag45k9M= HTTP/1.1" 200 168
[2025-12-01 02:38:05,406] INFO django.server /Users/NETPHIX_DEV/Desktop/crypto-trading-broker/.venv/lib/python3.13/site-packages/django/core/servers/basehttp.py:213 - "POST /api/v1/cron/update-positions/?token=5Pm-SoiK_WTo2hU1sfsprv4qaUTqp_s0rdbdag45k9M= HTTP/1.1" 200 369
[2025-12-01 02:39:00,700] INFO django.server /Users/NETPHIX_DEV/Desktop/crypto-trading-broker/.venv/lib/python3.13/site-packages/django/core/servers/basehttp.py:213 - "POST /api/v1/cron/expire-orders/?token=5Pm-SoiK_WTo2hU1sfsprv4qaUTqp_s0rdbdag45k9M= HTTP/1.1" 200 131
[2025-12-01 02:39:00,707] INFO django.server /Users/NETPHIX_DEV/Desktop/crypto-trading-broker/.venv/lib/python3.13/site-packages/django/core/servers/basehttp.py:213 - "POST /api/v1/cron/execute-orders/?token=5Pm-SoiK_WTo2hU1sfsprv4qaUTqp_s0rdbdag45k9M= HTTP/1.1" 200 168
[2025-12-01 02:39:10,159] INFO django.server /Users/NETPHIX_DEV/Desktop/crypto-trading-broker/.venv/lib/python3.13/site-packages/django/core/servers/basehttp.py:213 - "POST /api/v1/cron/update-positions/?token=5Pm-SoiK_WTo2hU1sfsprv4qaUTqp_s0rdbdag45k9M= HTTP/1.1" 200 369
[2025-12-01 02:39:15,431] INFO django.server /Users/NETPHIX_DEV/Desktop/crypto-trading-broker/.venv/lib/python3.13/site-packages/django/core/servers/basehttp.py:213 - "GET /dashboard/copy-trading HTTP/1.1" 200 115674
[2025-12-01 02:39:15,502] INFO django.server /Users/NETPHIX_DEV/Desktop/crypto-trading-broker/.venv/lib/python3.13/site-packages/django/core/servers/basehttp.py:213 - "GET /static/assets/scripts/api.js HTTP/1.1" 304 0
[2025-12-01 02:39:15,554] WARNING django.server /Users/NETPHIX_DEV/Desktop/crypto-trading-broker/.venv/lib/python3.13/site-packages/django/core/servers/basehttp.py:213 - "GET /.well-known/appspecific/com.chrome.devtools.json HTTP/1.1" 404 20610
[2025-12-01 02:39:19,275] INFO django.server /Users/NETPHIX_DEV/Desktop/crypto-trading-broker/.venv/lib/python3.13/site-packages/django/core/servers/basehttp.py:213 - "GET /dashboard/trading HTTP/1.1" 200 87018
[2025-12-01 02:39:19,333] INFO django.server /Users/NETPHIX_DEV/Desktop/crypto-trading-broker/.venv/lib/python3.13/site-packages/django/core/servers/basehttp.py:213 - "GET /static/assets/scripts/trading-handler.js HTTP/1.1" 200 19610
[2025-12-01 02:39:20,110] INFO django.server /Users/NETPHIX_DEV/Desktop/crypto-trading-broker/.venv/lib/python3.13/site-packages/django/core/servers/basehttp.py:213 - "GET /api/v1/trading-pairs/ HTTP/1.1" 200 92389
[2025-12-01 02:39:20,994] INFO django.server /Users/NETPHIX_DEV/Desktop/crypto-trading-broker/.venv/lib/python3.13/site-packages/django/core/servers/basehttp.py:213 - "GET /api/v1/trading-pairs/market_status/ HTTP/1.1" 200 592
[2025-12-01 02:39:21,760] WARNING django.server /Users/NETPHIX_DEV/Desktop/crypto-trading-broker/.venv/lib/python3.13/site-packages/django/core/servers/basehttp.py:213 - "GET /.well-known/appspecific/com.chrome.devtools.json HTTP/1.1" 404 20610
[2025-12-01 02:39:24,399] INFO django.server /Users/NETPHIX_DEV/Desktop/crypto-trading-broker/.venv/lib/python3.13/site-packages/django/core/servers/basehttp.py:213 - "GET /dashboard/trading-view/15/ HTTP/1.1" 200 119837
[2025-12-01 02:39:24,499] INFO django.server /Users/NETPHIX_DEV/Desktop/crypto-trading-broker/.venv/lib/python3.13/site-packages/django/core/servers/basehttp.py:213 - "GET /static/assets/scripts/order-handler.js HTTP/1.1" 304 0
[2025-12-01 02:39:24,509] INFO django.server /Users/NETPHIX_DEV/Desktop/crypto-trading-broker/.venv/lib/python3.13/site-packages/django/core/servers/basehttp.py:213 - "GET /static/assets/scripts/trading-single.js HTTP/1.1" 304 0
[2025-12-01 02:39:24,607] WARNING django.server /Users/NETPHIX_DEV/Desktop/crypto-trading-broker/.venv/lib/python3.13/site-packages/django/core/servers/basehttp.py:213 - "GET /.well-known/appspecific/com.chrome.devtools.json HTTP/1.1" 404 20610
[2025-12-01 02:39:24,990] INFO django.server /Users/NETPHIX_DEV/Desktop/crypto-trading-broker/.venv/lib/python3.13/site-packages/django/core/servers/basehttp.py:213 - "GET /api/v1/trading/config/ HTTP/1.1" 200 1299
[2025-12-01 02:39:25,177] INFO django.server /Users/NETPHIX_DEV/Desktop/crypto-trading-broker/.venv/lib/python3.13/site-packages/django/core/servers/basehttp.py:213 - "GET /api/v1/orders/trading_summary/ HTTP/1.1" 200 293
[2025-12-01 02:39:25,202] INFO django.server /Users/NETPHIX_DEV/Desktop/crypto-trading-broker/.venv/lib/python3.13/site-packages/django/core/servers/basehttp.py:213 - "GET /api/v1/positions/?status=open HTTP/1.1" 200 4027
[2025-12-01 02:39:25,249] INFO django.server /Users/NETPHIX_DEV/Desktop/crypto-trading-broker/.venv/lib/python3.13/site-packages/django/core/servers/basehttp.py:213 - "GET /api/v1/orders/ HTTP/1.1" 200 18044
[2025-12-01 02:39:25,284] INFO django.server /Users/NETPHIX_DEV/Desktop/crypto-trading-broker/.venv/lib/python3.13/site-packages/django/core/servers/basehttp.py:213 - "GET /api/v1/trading-pairs/15/ HTTP/1.1" 200 556
[2025-12-01 02:39:31,281] INFO django.server /Users/NETPHIX_DEV/Desktop/crypto-trading-broker/.venv/lib/python3.13/site-packages/django/core/servers/basehttp.py:213 - "GET /api/v1/trading-pairs/15/market_data/ HTTP/1.1" 200 292
[2025-12-01 02:39:31,299] INFO django.server /Users/NETPHIX_DEV/Desktop/crypto-trading-broker/.venv/lib/python3.13/site-packages/django/core/servers/basehttp.py:213 - "GET /api/v1/accounts/balance/ HTTP/1.1" 200 353
[2025-12-01 02:39:31,326] INFO django.server /Users/NETPHIX_DEV/Desktop/crypto-trading-broker/.venv/lib/python3.13/site-packages/django/core/servers/basehttp.py:213 - "GET /api/v1/positions/?status=open HTTP/1.1" 200 4027
[2025-12-01 02:39:31,427] INFO django.server /Users/NETPHIX_DEV/Desktop/crypto-trading-broker/.venv/lib/python3.13/site-packages/django/core/servers/basehttp.py:213 - "GET /api/v1/orders/ HTTP/1.1" 200 18044
[2025-12-01 02:39:31,467] INFO django.server /Users/NETPHIX_DEV/Desktop/crypto-trading-broker/.venv/lib/python3.13/site-packages/django/core/servers/basehttp.py:213 - "GET /api/v1/transactions/?trading_pair=15 HTTP/1.1" 200 52
[2025-12-01 02:39:38,407] INFO django.server /Users/NETPHIX_DEV/Desktop/crypto-trading-broker/.venv/lib/python3.13/site-packages/django/core/servers/basehttp.py:213 - "GET /dashboard/trading HTTP/1.1" 200 87018
[2025-12-01 02:39:38,597] WARNING django.server /Users/NETPHIX_DEV/Desktop/crypto-trading-broker/.venv/lib/python3.13/site-packages/django/core/servers/basehttp.py:213 - "GET /.well-known/appspecific/com.chrome.devtools.json HTTP/1.1" 404 20610
[2025-12-01 02:39:39,129] INFO django.server /Users/NETPHIX_DEV/Desktop/crypto-trading-broker/.venv/lib/python3.13/site-packages/django/core/servers/basehttp.py:213 - "GET /api/v1/trading-pairs/ HTTP/1.1" 200 92389
[2025-12-01 02:39:39,854] INFO django.server /Users/NETPHIX_DEV/Desktop/crypto-trading-broker/.venv/lib/python3.13/site-packages/django/core/servers/basehttp.py:213 - "GET /api/v1/trading-pairs/market_status/ HTTP/1.1" 200 592
[2025-12-01 02:39:52,444] INFO django.server /Users/NETPHIX_DEV/Desktop/crypto-trading-broker/.venv/lib/python3.13/site-packages/django/core/servers/basehttp.py:213 - "GET /dashboard/trading-view/164/ HTTP/1.1" 200 119837
[2025-12-01 02:39:52,625] WARNING django.server /Users/NETPHIX_DEV/Desktop/crypto-trading-broker/.venv/lib/python3.13/site-packages/django/core/servers/basehttp.py:213 - "GET /.well-known/appspecific/com.chrome.devtools.json HTTP/1.1" 404 20610
[2025-12-01 02:39:53,140] INFO django.server /Users/NETPHIX_DEV/Desktop/crypto-trading-broker/.venv/lib/python3.13/site-packages/django/core/servers/basehttp.py:213 - "GET /api/v1/trading/config/ HTTP/1.1" 200 1299
[2025-12-01 02:39:53,298] INFO django.server /Users/NETPHIX_DEV/Desktop/crypto-trading-broker/.venv/lib/python3.13/site-packages/django/core/servers/basehttp.py:213 - "GET /api/v1/orders/trading_summary/ HTTP/1.1" 200 293
[2025-12-01 02:39:53,393] INFO django.server /Users/NETPHIX_DEV/Desktop/crypto-trading-broker/.venv/lib/python3.13/site-packages/django/core/servers/basehttp.py:213 - "GET /api/v1/positions/?status=open HTTP/1.1" 200 4027
[2025-12-01 02:39:53,469] INFO django.server /Users/NETPHIX_DEV/Desktop/crypto-trading-broker/.venv/lib/python3.13/site-packages/django/core/servers/basehttp.py:213 - "GET /api/v1/orders/ HTTP/1.1" 200 18044
[2025-12-01 02:39:53,493] INFO django.server /Users/NETPHIX_DEV/Desktop/crypto-trading-broker/.venv/lib/python3.13/site-packages/django/core/servers/basehttp.py:213 - "GET /api/v1/trading-pairs/164/ HTTP/1.1" 200 570
[2025-12-01 02:39:55,895] INFO django.server /Users/NETPHIX_DEV/Desktop/crypto-trading-broker/.venv/lib/python3.13/site-packages/django/core/servers/basehttp.py:213 - "GET /api/v1/trading-pairs/164/market_data/ HTTP/1.1" 200 329
[2025-12-01 02:39:55,916] INFO django.server /Users/NETPHIX_DEV/Desktop/crypto-trading-broker/.venv/lib/python3.13/site-packages/django/core/servers/basehttp.py:213 - "GET /api/v1/accounts/balance/ HTTP/1.1" 200 353
[2025-12-01 02:39:55,960] INFO django.server /Users/NETPHIX_DEV/Desktop/crypto-trading-broker/.venv/lib/python3.13/site-packages/django/core/servers/basehttp.py:213 - "GET /api/v1/positions/?status=open HTTP/1.1" 200 4027
[2025-12-01 02:39:56,007] INFO django.server /Users/NETPHIX_DEV/Desktop/crypto-trading-broker/.venv/lib/python3.13/site-packages/django/core/servers/basehttp.py:213 - "GET /api/v1/orders/ HTTP/1.1" 200 18044
[2025-12-01 02:39:56,055] INFO django.server /Users/NETPHIX_DEV/Desktop/crypto-trading-broker/.venv/lib/python3.13/site-packages/django/core/servers/basehttp.py:213 - "GET /api/v1/transactions/?trading_pair=164 HTTP/1.1" 200 52
[2025-12-01 02:40:01,798] INFO django.server /Users/NETPHIX_DEV/Desktop/crypto-trading-broker/.venv/lib/python3.13/site-packages/django/core/servers/basehttp.py:213 - "POST /api/v1/cron/expire-orders/?token=5Pm-SoiK_WTo2hU1sfsprv4qaUTqp_s0rdbdag45k9M= HTTP/1.1" 200 131
[2025-12-01 02:40:02,399] INFO django.server /Users/NETPHIX_DEV/Desktop/crypto-trading-broker/.venv/lib/python3.13/site-packages/django/core/servers/basehttp.py:213 - "POST /api/v1/cron/execute-orders/?token=5Pm-SoiK_WTo2hU1sfsprv4qaUTqp_s0rdbdag45k9M= HTTP/1.1" 200 168
[2025-12-01 02:40:06,842] INFO django.server /Users/NETPHIX_DEV/Desktop/crypto-trading-broker/.venv/lib/python3.13/site-packages/django/core/servers/basehttp.py:213 - "POST /api/v1/cron/update-positions/?token=5Pm-SoiK_WTo2hU1sfsprv4qaUTqp_s0rdbdag45k9M= HTTP/1.1" 200 369
[2025-12-01 02:40:19,153] INFO django.server /Users/NETPHIX_DEV/Desktop/crypto-trading-broker/.venv/lib/python3.13/site-packages/django/core/servers/basehttp.py:213 - "GET /api/v1/trading-pairs/ HTTP/1.1" 200 92389
[2025-12-01 02:40:20,913] WARNING django.server /Users/NETPHIX_DEV/Desktop/crypto-trading-broker/.venv/lib/python3.13/site-packages/django/core/servers/basehttp.py:213 - "GET /.well-known/appspecific/com.chrome.devtools.json HTTP/1.1" 404 20610
[2025-12-01 02:40:22,075] WARNING django.server /Users/NETPHIX_DEV/Desktop/crypto-trading-broker/.venv/lib/python3.13/site-packages/django/core/servers/basehttp.py:213 - "GET /.well-known/appspecific/com.chrome.devtools.json HTTP/1.1" 404 20610
[2025-12-01 02:40:22,298] INFO django.server /Users/NETPHIX_DEV/Desktop/crypto-trading-broker/.venv/lib/python3.13/site-packages/django/core/servers/basehttp.py:213 - "GET /dashboard/trading-view/164/ HTTP/1.1" 200 119837
[2025-12-01 02:40:22,461] WARNING django.server /Users/NETPHIX_DEV/Desktop/crypto-trading-broker/.venv/lib/python3.13/site-packages/django/core/servers/basehttp.py:213 - "GET /.well-known/appspecific/com.chrome.devtools.json HTTP/1.1" 404 20610
[2025-12-01 02:40:23,413] INFO django.server /Users/NETPHIX_DEV/Desktop/crypto-trading-broker/.venv/lib/python3.13/site-packages/django/core/servers/basehttp.py:213 - "GET /api/v1/trading/config/ HTTP/1.1" 200 1299
[2025-12-01 02:40:23,532] INFO django.server /Users/NETPHIX_DEV/Desktop/crypto-trading-broker/.venv/lib/python3.13/site-packages/django/core/servers/basehttp.py:213 - "GET /api/v1/orders/trading_summary/ HTTP/1.1" 200 293
[2025-12-01 02:40:23,555] INFO django.server /Users/NETPHIX_DEV/Desktop/crypto-trading-broker/.venv/lib/python3.13/site-packages/django/core/servers/basehttp.py:213 - "GET /api/v1/positions/?status=open HTTP/1.1" 200 4028
[2025-12-01 02:40:23,593] INFO django.server /Users/NETPHIX_DEV/Desktop/crypto-trading-broker/.venv/lib/python3.13/site-packages/django/core/servers/basehttp.py:213 - "GET /api/v1/orders/ HTTP/1.1" 200 18044
[2025-12-01 02:40:23,610] INFO django.server /Users/NETPHIX_DEV/Desktop/crypto-trading-broker/.venv/lib/python3.13/site-packages/django/core/servers/basehttp.py:213 - "GET /api/v1/trading-pairs/164/ HTTP/1.1" 200 570
[2025-12-01 02:40:23,673] INFO django.server /Users/NETPHIX_DEV/Desktop/crypto-trading-broker/.venv/lib/python3.13/site-packages/django/core/servers/basehttp.py:213 - "GET /api/v1/trading-pairs/164/market_data/ HTTP/1.1" 200 329
[2025-12-01 02:40:23,699] INFO django.server /Users/NETPHIX_DEV/Desktop/crypto-trading-broker/.venv/lib/python3.13/site-packages/django/core/servers/basehttp.py:213 - "GET /api/v1/accounts/balance/ HTTP/1.1" 200 353
[2025-12-01 02:40:23,745] INFO django.server /Users/NETPHIX_DEV/Desktop/crypto-trading-broker/.venv/lib/python3.13/site-packages/django/core/servers/basehttp.py:213 - "GET /api/v1/positions/?status=open HTTP/1.1" 200 4028
[2025-12-01 02:40:23,800] INFO django.server /Users/NETPHIX_DEV/Desktop/crypto-trading-broker/.venv/lib/python3.13/site-packages/django/core/servers/basehttp.py:213 - "GET /api/v1/orders/ HTTP/1.1" 200 18044
[2025-12-01 02:40:23,827] INFO django.server /Users/NETPHIX_DEV/Desktop/crypto-trading-broker/.venv/lib/python3.13/site-packages/django/core/servers/basehttp.py:213 - "GET /api/v1/transactions/?trading_pair=164 HTTP/1.1" 200 52
[2025-12-01 02:41:00,960] INFO django.server /Users/NETPHIX_DEV/Desktop/crypto-trading-broker/.venv/lib/python3.13/site-packages/django/core/servers/basehttp.py:213 - "POST /api/v1/cron/execute-orders/?token=5Pm-SoiK_WTo2hU1sfsprv4qaUTqp_s0rdbdag45k9M= HTTP/1.1" 200 168
[2025-12-01 02:41:01,177] INFO django.server /Users/NETPHIX_DEV/Desktop/crypto-trading-broker/.venv/lib/python3.13/site-packages/django/core/servers/basehttp.py:213 - "POST /api/v1/cron/expire-orders/?token=5Pm-SoiK_WTo2hU1sfsprv4qaUTqp_s0rdbdag45k9M= HTTP/1.1" 200 131
[2025-12-01 02:41:10,176] INFO django.server /Users/NETPHIX_DEV/Desktop/crypto-trading-broker/.venv/lib/python3.13/site-packages/django/core/servers/basehttp.py:213 - "POST /api/v1/cron/update-positions/?token=5Pm-SoiK_WTo2hU1sfsprv4qaUTqp_s0rdbdag45k9M= HTTP/1.1" 200 369
[2025-12-01 02:41:54,182] WARNING django.server /Users/NETPHIX_DEV/Desktop/crypto-trading-broker/.venv/lib/python3.13/site-packages/django/core/servers/basehttp.py:213 - "GET /.well-known/appspecific/com.chrome.devtools.json HTTP/1.1" 404 20610
[2025-12-01 02:41:54,208] INFO django.server /Users/NETPHIX_DEV/Desktop/crypto-trading-broker/.venv/lib/python3.13/site-packages/django/core/servers/basehttp.py:213 - "GET /api/v1/trading-pairs/ HTTP/1.1" 200 92389
[2025-12-01 02:41:54,626] WARNING django.server /Users/NETPHIX_DEV/Desktop/crypto-trading-broker/.venv/lib/python3.13/site-packages/django/core/servers/basehttp.py:213 - "GET /.well-known/appspecific/com.chrome.devtools.json HTTP/1.1" 404 20610
[2025-12-01 02:42:00,571] INFO django.server /Users/NETPHIX_DEV/Desktop/crypto-trading-broker/.venv/lib/python3.13/site-packages/django/core/servers/basehttp.py:213 - "POST /api/v1/cron/execute-orders/?token=5Pm-SoiK_WTo2hU1sfsprv4qaUTqp_s0rdbdag45k9M= HTTP/1.1" 200 168
[2025-12-01 02:42:00,677] INFO django.server /Users/NETPHIX_DEV/Desktop/crypto-trading-broker/.venv/lib/python3.13/site-packages/django/core/servers/basehttp.py:213 - "POST /api/v1/cron/expire-orders/?token=5Pm-SoiK_WTo2hU1sfsprv4qaUTqp_s0rdbdag45k9M= HTTP/1.1" 200 131
[2025-12-01 02:42:01,951] INFO django.server /Users/NETPHIX_DEV/Desktop/crypto-trading-broker/.venv/lib/python3.13/site-packages/django/core/servers/basehttp.py:213 - "GET /dashboard/copy-trading HTTP/1.1" 200 115674
[2025-12-01 02:42:02,037] INFO django.server /Users/NETPHIX_DEV/Desktop/crypto-trading-broker/.venv/lib/python3.13/site-packages/django/core/servers/basehttp.py:213 - "GET /static/assets/scripts/api.js HTTP/1.1" 304 0
[2025-12-01 02:42:02,058] WARNING django.server /Users/NETPHIX_DEV/Desktop/crypto-trading-broker/.venv/lib/python3.13/site-packages/django/core/servers/basehttp.py:213 - "GET /.well-known/appspecific/com.chrome.devtools.json HTTP/1.1" 404 20610
[2025-12-01 02:42:05,439] INFO django.server /Users/NETPHIX_DEV/Desktop/crypto-trading-broker/.venv/lib/python3.13/site-packages/django/core/servers/basehttp.py:213 - "POST /api/v1/cron/update-positions/?token=5Pm-SoiK_WTo2hU1sfsprv4qaUTqp_s0rdbdag45k9M= HTTP/1.1" 200 369
[2025-12-01 02:43:00,667] INFO django.server /Users/NETPHIX_DEV/Desktop/crypto-trading-broker/.venv/lib/python3.13/site-packages/django/core/servers/basehttp.py:213 - "POST /api/v1/cron/expire-orders/?token=5Pm-SoiK_WTo2hU1sfsprv4qaUTqp_s0rdbdag45k9M= HTTP/1.1" 200 131
[2025-12-01 02:43:00,738] INFO django.server /Users/NETPHIX_DEV/Desktop/crypto-trading-broker/.venv/lib/python3.13/site-packages/django/core/servers/basehttp.py:213 - "POST /api/v1/cron/execute-orders/?token=5Pm-SoiK_WTo2hU1sfsprv4qaUTqp_s0rdbdag45k9M= HTTP/1.1" 200 168
[2025-12-01 02:43:09,986] INFO django.server /Users/NETPHIX_DEV/Desktop/crypto-trading-broker/.venv/lib/python3.13/site-packages/django/core/servers/basehttp.py:213 - "POST /api/v1/cron/update-positions/?token=5Pm-SoiK_WTo2hU1sfsprv4qaUTqp_s0rdbdag45k9M= HTTP/1.1" 200 369
[2025-12-01 02:43:32,054] INFO django.utils.autoreload /Users/NETPHIX_DEV/Desktop/crypto-trading-broker/.venv/lib/python3.13/site-packages/django/utils/autoreload.py:265 - /Users/NETPHIX_DEV/Desktop/crypto-trading-broker/copy_trading/models.py changed, reloading.
[2025-12-01 02:43:32,053] INFO django.utils.autoreload /Users/NETPHIX_DEV/Desktop/crypto-trading-broker/.venv/lib/python3.13/site-packages/django/utils/autoreload.py:265 - /Users/NETPHIX_DEV/Desktop/crypto-trading-broker/copy_trading/models.py changed, reloading.
[2025-12-01 02:43:34,984] INFO django.utils.autoreload /Users/NETPHIX_DEV/Desktop/crypto-trading-broker/.venv/lib/python3.13/site-packages/django/utils/autoreload.py:667 - Watching for file changes with StatReloader
[2025-12-01 02:43:34,984] INFO django.utils.autoreload /Users/NETPHIX_DEV/Desktop/crypto-trading-broker/.venv/lib/python3.13/site-packages/django/utils/autoreload.py:667 - Watching for file changes with StatReloader
[2025-12-01 02:43:38,379] INFO django.utils.autoreload /Users/NETPHIX_DEV/Desktop/crypto-trading-broker/.venv/lib/python3.13/site-packages/django/utils/autoreload.py:265 - /Users/NETPHIX_DEV/Desktop/crypto-trading-broker/copy_trading/models.py changed, reloading.
[2025-12-01 02:43:38,382] INFO django.utils.autoreload /Users/NETPHIX_DEV/Desktop/crypto-trading-broker/.venv/lib/python3.13/site-packages/django/utils/autoreload.py:265 - /Users/NETPHIX_DEV/Desktop/crypto-trading-broker/copy_trading/models.py changed, reloading.
[2025-12-01 02:43:39,607] INFO django.utils.autoreload /Users/NETPHIX_DEV/Desktop/crypto-trading-broker/.venv/lib/python3.13/site-packages/django/utils/autoreload.py:667 - Watching for file changes with StatReloader
[2025-12-01 02:43:39,607] INFO django.utils.autoreload /Users/NETPHIX_DEV/Desktop/crypto-trading-broker/.venv/lib/python3.13/site-packages/django/utils/autoreload.py:667 - Watching for file changes with StatReloader
[2025-12-01 02:44:00,514] INFO django.server /Users/NETPHIX_DEV/Desktop/crypto-trading-broker/.venv/lib/python3.13/site-packages/django/core/servers/basehttp.py:213 - "POST /api/v1/cron/execute-orders/?token=5Pm-SoiK_WTo2hU1sfsprv4qaUTqp_s0rdbdag45k9M= HTTP/1.1" 200 168
[2025-12-01 02:44:01,184] INFO django.server /Users/NETPHIX_DEV/Desktop/crypto-trading-broker/.venv/lib/python3.13/site-packages/django/core/servers/basehttp.py:213 - "POST /api/v1/cron/expire-orders/?token=5Pm-SoiK_WTo2hU1sfsprv4qaUTqp_s0rdbdag45k9M= HTTP/1.1" 200 131
[2025-12-01 02:44:10,501] INFO django.server /Users/NETPHIX_DEV/Desktop/crypto-trading-broker/.venv/lib/python3.13/site-packages/django/core/servers/basehttp.py:213 - "POST /api/v1/cron/update-positions/?token=5Pm-SoiK_WTo2hU1sfsprv4qaUTqp_s0rdbdag45k9M= HTTP/1.1" 200 369
[2025-12-01 02:44:12,635] INFO django.utils.autoreload /Users/NETPHIX_DEV/Desktop/crypto-trading-broker/.venv/lib/python3.13/site-packages/django/utils/autoreload.py:265 - /Users/NETPHIX_DEV/Desktop/crypto-trading-broker/copy_trading/models.py changed, reloading.
[2025-12-01 02:44:12,894] INFO django.utils.autoreload /Users/NETPHIX_DEV/Desktop/crypto-trading-broker/.venv/lib/python3.13/site-packages/django/utils/autoreload.py:265 - /Users/NETPHIX_DEV/Desktop/crypto-trading-broker/copy_trading/models.py changed, reloading.
[2025-12-01 02:44:14,152] INFO django.utils.autoreload /Users/NETPHIX_DEV/Desktop/crypto-trading-broker/.venv/lib/python3.13/site-packages/django/utils/autoreload.py:667 - Watching for file changes with StatReloader
[2025-12-01 02:44:14,333] INFO django.utils.autoreload /Users/NETPHIX_DEV/Desktop/crypto-trading-broker/.venv/lib/python3.13/site-packages/django/utils/autoreload.py:667 - Watching for file changes with StatReloader
[2025-12-01 02:44:16,593] INFO django.utils.autoreload /Users/NETPHIX_DEV/Desktop/crypto-trading-broker/.venv/lib/python3.13/site-packages/django/utils/autoreload.py:265 - /Users/NETPHIX_DEV/Desktop/crypto-trading-broker/copy_trading/models.py changed, reloading.
[2025-12-01 02:44:16,794] INFO django.utils.autoreload /Users/NETPHIX_DEV/Desktop/crypto-trading-broker/.venv/lib/python3.13/site-packages/django/utils/autoreload.py:265 - /Users/NETPHIX_DEV/Desktop/crypto-trading-broker/copy_trading/models.py changed, reloading.
[2025-12-01 02:44:17,520] INFO django.utils.autoreload /Users/NETPHIX_DEV/Desktop/crypto-trading-broker/.venv/lib/python3.13/site-packages/django/utils/autoreload.py:667 - Watching for file changes with StatReloader
[2025-12-01 02:44:17,706] INFO django.utils.autoreload /Users/NETPHIX_DEV/Desktop/crypto-trading-broker/.venv/lib/python3.13/site-packages/django/utils/autoreload.py:667 - Watching for file changes with StatReloader
[2025-12-01 02:44:18,885] INFO django.utils.autoreload /Users/NETPHIX_DEV/Desktop/crypto-trading-broker/.venv/lib/python3.13/site-packages/django/utils/autoreload.py:265 - /Users/NETPHIX_DEV/Desktop/crypto-trading-broker/copy_trading/models.py changed, reloading.
[2025-12-01 02:44:19,052] INFO django.utils.autoreload /Users/NETPHIX_DEV/Desktop/crypto-trading-broker/.venv/lib/python3.13/site-packages/django/utils/autoreload.py:265 - /Users/NETPHIX_DEV/Desktop/crypto-trading-broker/copy_trading/models.py changed, reloading.
[2025-12-01 02:44:20,045] INFO django.utils.autoreload /Users/NETPHIX_DEV/Desktop/crypto-trading-broker/.venv/lib/python3.13/site-packages/django/utils/autoreload.py:667 - Watching for file changes with StatReloader
[2025-12-01 02:44:20,144] INFO django.utils.autoreload /Users/NETPHIX_DEV/Desktop/crypto-trading-broker/.venv/lib/python3.13/site-packages/django/utils/autoreload.py:667 - Watching for file changes with StatReloader
[2025-12-01 02:44:37,578] INFO django.utils.autoreload /Users/NETPHIX_DEV/Desktop/crypto-trading-broker/.venv/lib/python3.13/site-packages/django/utils/autoreload.py:265 - /Users/NETPHIX_DEV/Desktop/crypto-trading-broker/copy_trading/models.py changed, reloading.
[2025-12-01 02:44:37,657] INFO django.utils.autoreload /Users/NETPHIX_DEV/Desktop/crypto-trading-broker/.venv/lib/python3.13/site-packages/django/utils/autoreload.py:265 - /Users/NETPHIX_DEV/Desktop/crypto-trading-broker/copy_trading/models.py changed, reloading.
[2025-12-01 02:44:39,071] INFO django.utils.autoreload /Users/NETPHIX_DEV/Desktop/crypto-trading-broker/.venv/lib/python3.13/site-packages/django/utils/autoreload.py:667 - Watching for file changes with StatReloader
[2025-12-01 02:44:39,135] INFO django.utils.autoreload /Users/NETPHIX_DEV/Desktop/crypto-trading-broker/.venv/lib/python3.13/site-packages/django/utils/autoreload.py:667 - Watching for file changes with StatReloader
[2025-12-01 02:45:01,637] INFO django.server /Users/NETPHIX_DEV/Desktop/crypto-trading-broker/.venv/lib/python3.13/site-packages/django/core/servers/basehttp.py:213 - "POST /api/v1/cron/expire-orders/?token=5Pm-SoiK_WTo2hU1sfsprv4qaUTqp_s0rdbdag45k9M= HTTP/1.1" 200 131
[2025-12-01 02:45:01,766] INFO django.server /Users/NETPHIX_DEV/Desktop/crypto-trading-broker/.venv/lib/python3.13/site-packages/django/core/servers/basehttp.py:213 - "POST /api/v1/cron/execute-orders/?token=5Pm-SoiK_WTo2hU1sfsprv4qaUTqp_s0rdbdag45k9M= HTTP/1.1" 200 168
[2025-12-01 02:45:03,065] INFO django.utils.autoreload /Users/NETPHIX_DEV/Desktop/crypto-trading-broker/.venv/lib/python3.13/site-packages/django/utils/autoreload.py:265 - /Users/NETPHIX_DEV/Desktop/crypto-trading-broker/copy_trading/models.py changed, reloading.
[2025-12-01 02:45:03,250] INFO django.utils.autoreload /Users/NETPHIX_DEV/Desktop/crypto-trading-broker/.venv/lib/python3.13/site-packages/django/utils/autoreload.py:265 - /Users/NETPHIX_DEV/Desktop/crypto-trading-broker/copy_trading/models.py changed, reloading.
[2025-12-01 02:45:05,155] INFO django.utils.autoreload /Users/NETPHIX_DEV/Desktop/crypto-trading-broker/.venv/lib/python3.13/site-packages/django/utils/autoreload.py:667 - Watching for file changes with StatReloader
[2025-12-01 02:45:05,155] INFO django.utils.autoreload /Users/NETPHIX_DEV/Desktop/crypto-trading-broker/.venv/lib/python3.13/site-packages/django/utils/autoreload.py:667 - Watching for file changes with StatReloader
[2025-12-01 02:46:00,667] INFO django.server /Users/NETPHIX_DEV/Desktop/crypto-trading-broker/.venv/lib/python3.13/site-packages/django/core/servers/basehttp.py:213 - "POST /api/v1/cron/execute-orders/?token=5Pm-SoiK_WTo2hU1sfsprv4qaUTqp_s0rdbdag45k9M= HTTP/1.1" 200 168
[2025-12-01 02:46:00,671] INFO django.server /Users/NETPHIX_DEV/Desktop/crypto-trading-broker/.venv/lib/python3.13/site-packages/django/core/servers/basehttp.py:213 - "POST /api/v1/cron/expire-orders/?token=5Pm-SoiK_WTo2hU1sfsprv4qaUTqp_s0rdbdag45k9M= HTTP/1.1" 200 131
[2025-12-01 02:46:09,375] INFO django.server /Users/NETPHIX_DEV/Desktop/crypto-trading-broker/.venv/lib/python3.13/site-packages/django/core/servers/basehttp.py:213 - "POST /api/v1/cron/update-positions/?token=5Pm-SoiK_WTo2hU1sfsprv4qaUTqp_s0rdbdag45k9M= HTTP/1.1" 200 369
[2025-12-01 02:47:00,697] INFO django.server /Users/NETPHIX_DEV/Desktop/crypto-trading-broker/.venv/lib/python3.13/site-packages/django/core/servers/basehttp.py:213 - "POST /api/v1/cron/expire-orders/?token=5Pm-SoiK_WTo2hU1sfsprv4qaUTqp_s0rdbdag45k9M= HTTP/1.1" 200 131
[2025-12-01 02:47:00,702] INFO django.server /Users/NETPHIX_DEV/Desktop/crypto-trading-broker/.venv/lib/python3.13/site-packages/django/core/servers/basehttp.py:213 - "POST /api/v1/cron/execute-orders/?token=5Pm-SoiK_WTo2hU1sfsprv4qaUTqp_s0rdbdag45k9M= HTTP/1.1" 200 168
[2025-12-01 02:47:05,356] INFO django.server /Users/NETPHIX_DEV/Desktop/crypto-trading-broker/.venv/lib/python3.13/site-packages/django/core/servers/basehttp.py:213 - "POST /api/v1/cron/update-positions/?token=5Pm-SoiK_WTo2hU1sfsprv4qaUTqp_s0rdbdag45k9M= HTTP/1.1" 200 369
[2025-12-01 02:48:00,546] INFO django.server /Users/NETPHIX_DEV/Desktop/crypto-trading-broker/.venv/lib/python3.13/site-packages/django/core/servers/basehttp.py:213 - "POST /api/v1/cron/expire-orders/?token=5Pm-SoiK_WTo2hU1sfsprv4qaUTqp_s0rdbdag45k9M= HTTP/1.1" 200 131
[2025-12-01 02:48:00,549] INFO django.server /Users/NETPHIX_DEV/Desktop/crypto-trading-broker/.venv/lib/python3.13/site-packages/django/core/servers/basehttp.py:213 - "POST /api/v1/cron/execute-orders/?token=5Pm-SoiK_WTo2hU1sfsprv4qaUTqp_s0rdbdag45k9M= HTTP/1.1" 200 168
[2025-12-01 02:48:09,439] INFO django.server /Users/NETPHIX_DEV/Desktop/crypto-trading-broker/.venv/lib/python3.13/site-packages/django/core/servers/basehttp.py:213 - "POST /api/v1/cron/update-positions/?token=5Pm-SoiK_WTo2hU1sfsprv4qaUTqp_s0rdbdag45k9M= HTTP/1.1" 200 369
[2025-12-01 02:48:30,869] INFO django.utils.autoreload /Users/NETPHIX_DEV/Desktop/crypto-trading-broker/.venv/lib/python3.13/site-packages/django/utils/autoreload.py:265 - /Users/NETPHIX_DEV/Desktop/crypto-trading-broker/copy_trading/models.py changed, reloading.
[2025-12-01 02:48:30,907] INFO django.utils.autoreload /Users/NETPHIX_DEV/Desktop/crypto-trading-broker/.venv/lib/python3.13/site-packages/django/utils/autoreload.py:265 - /Users/NETPHIX_DEV/Desktop/crypto-trading-broker/copy_trading/models.py changed, reloading.
[2025-12-01 02:48:32,579] INFO django.utils.autoreload /Users/NETPHIX_DEV/Desktop/crypto-trading-broker/.venv/lib/python3.13/site-packages/django/utils/autoreload.py:667 - Watching for file changes with StatReloader
[2025-12-01 02:48:32,579] INFO django.utils.autoreload /Users/NETPHIX_DEV/Desktop/crypto-trading-broker/.venv/lib/python3.13/site-packages/django/utils/autoreload.py:667 - Watching for file changes with StatReloader
[2025-12-01 02:49:02,536] INFO django.utils.autoreload /Users/NETPHIX_DEV/Desktop/crypto-trading-broker/.venv/lib/python3.13/site-packages/django/utils/autoreload.py:265 - /Users/NETPHIX_DEV/Desktop/crypto-trading-broker/copy_trading/models.py changed, reloading.
[2025-12-01 02:49:02,537] INFO django.utils.autoreload /Users/NETPHIX_DEV/Desktop/crypto-trading-broker/.venv/lib/python3.13/site-packages/django/utils/autoreload.py:265 - /Users/NETPHIX_DEV/Desktop/crypto-trading-broker/copy_trading/models.py changed, reloading.
[2025-12-01 02:49:03,973] INFO django.utils.autoreload /Users/NETPHIX_DEV/Desktop/crypto-trading-broker/.venv/lib/python3.13/site-packages/django/utils/autoreload.py:667 - Watching for file changes with StatReloader
[2025-12-01 02:49:03,973] INFO django.utils.autoreload /Users/NETPHIX_DEV/Desktop/crypto-trading-broker/.venv/lib/python3.13/site-packages/django/utils/autoreload.py:667 - Watching for file changes with StatReloader
[2025-12-01 02:49:57,281] INFO django.utils.autoreload /Users/NETPHIX_DEV/Desktop/crypto-trading-broker/.venv/lib/python3.13/site-packages/django/utils/autoreload.py:265 - /Users/NETPHIX_DEV/Desktop/crypto-trading-broker/copy_trading/models.py changed, reloading.
[2025-12-01 02:49:57,293] INFO django.utils.autoreload /Users/NETPHIX_DEV/Desktop/crypto-trading-broker/.venv/lib/python3.13/site-packages/django/utils/autoreload.py:265 - /Users/NETPHIX_DEV/Desktop/crypto-trading-broker/copy_trading/models.py changed, reloading.
[2025-12-01 02:49:59,170] INFO django.utils.autoreload /Users/NETPHIX_DEV/Desktop/crypto-trading-broker/.venv/lib/python3.13/site-packages/django/utils/autoreload.py:667 - Watching for file changes with StatReloader
[2025-12-01 02:49:59,170] INFO django.utils.autoreload /Users/NETPHIX_DEV/Desktop/crypto-trading-broker/.venv/lib/python3.13/site-packages/django/utils/autoreload.py:667 - Watching for file changes with StatReloader
[2025-12-01 02:50:01,767] INFO django.server /Users/NETPHIX_DEV/Desktop/crypto-trading-broker/.venv/lib/python3.13/site-packages/django/core/servers/basehttp.py:213 - "POST /api/v1/cron/expire-orders/?token=5Pm-SoiK_WTo2hU1sfsprv4qaUTqp_s0rdbdag45k9M= HTTP/1.1" 200 131
[2025-12-01 02:50:01,932] INFO django.server /Users/NETPHIX_DEV/Desktop/crypto-trading-broker/.venv/lib/python3.13/site-packages/django/core/servers/basehttp.py:213 - "POST /api/v1/cron/execute-orders/?token=5Pm-SoiK_WTo2hU1sfsprv4qaUTqp_s0rdbdag45k9M= HTTP/1.1" 200 168
[2025-12-01 02:50:07,635] INFO django.utils.autoreload /Users/NETPHIX_DEV/Desktop/crypto-trading-broker/.venv/lib/python3.13/site-packages/django/utils/autoreload.py:265 - /Users/NETPHIX_DEV/Desktop/crypto-trading-broker/copy_trading/models.py changed, reloading.
[2025-12-01 02:50:08,289] INFO django.utils.autoreload /Users/NETPHIX_DEV/Desktop/crypto-trading-broker/.venv/lib/python3.13/site-packages/django/utils/autoreload.py:265 - /Users/NETPHIX_DEV/Desktop/crypto-trading-broker/copy_trading/models.py changed, reloading.
[2025-12-01 02:50:09,277] INFO django.utils.autoreload /Users/NETPHIX_DEV/Desktop/crypto-trading-broker/.venv/lib/python3.13/site-packages/django/utils/autoreload.py:667 - Watching for file changes with StatReloader
[2025-12-01 02:50:09,790] INFO django.utils.autoreload /Users/NETPHIX_DEV/Desktop/crypto-trading-broker/.venv/lib/python3.13/site-packages/django/utils/autoreload.py:667 - Watching for file changes with StatReloader
[2025-12-01 02:51:00,752] INFO django.server /Users/NETPHIX_DEV/Desktop/crypto-trading-broker/.venv/lib/python3.13/site-packages/django/core/servers/basehttp.py:213 - "POST /api/v1/cron/expire-orders/?token=5Pm-SoiK_WTo2hU1sfsprv4qaUTqp_s0rdbdag45k9M= HTTP/1.1" 200 131
[2025-12-01 02:51:00,757] INFO django.server /Users/NETPHIX_DEV/Desktop/crypto-trading-broker/.venv/lib/python3.13/site-packages/django/core/servers/basehttp.py:213 - "POST /api/v1/cron/execute-orders/?token=5Pm-SoiK_WTo2hU1sfsprv4qaUTqp_s0rdbdag45k9M= HTTP/1.1" 200 168
[2025-12-01 02:51:09,339] INFO django.server /Users/NETPHIX_DEV/Desktop/crypto-trading-broker/.venv/lib/python3.13/site-packages/django/core/servers/basehttp.py:213 - "POST /api/v1/cron/update-positions/?token=5Pm-SoiK_WTo2hU1sfsprv4qaUTqp_s0rdbdag45k9M= HTTP/1.1" 200 369
[2025-12-01 02:51:15,702] INFO django.utils.autoreload /Users/NETPHIX_DEV/Desktop/crypto-trading-broker/.venv/lib/python3.13/site-packages/django/utils/autoreload.py:265 - /Users/NETPHIX_DEV/Desktop/crypto-trading-broker/copy_trading/models.py changed, reloading.
[2025-12-01 02:51:15,728] INFO django.utils.autoreload /Users/NETPHIX_DEV/Desktop/crypto-trading-broker/.venv/lib/python3.13/site-packages/django/utils/autoreload.py:265 - /Users/NETPHIX_DEV/Desktop/crypto-trading-broker/copy_trading/models.py changed, reloading.
[2025-12-01 02:51:17,272] INFO django.utils.autoreload /Users/NETPHIX_DEV/Desktop/crypto-trading-broker/.venv/lib/python3.13/site-packages/django/utils/autoreload.py:667 - Watching for file changes with StatReloader
[2025-12-01 02:51:17,272] INFO django.utils.autoreload /Users/NETPHIX_DEV/Desktop/crypto-trading-broker/.venv/lib/python3.13/site-packages/django/utils/autoreload.py:667 - Watching for file changes with StatReloader
[2025-12-01 02:51:20,697] INFO django.utils.autoreload /Users/NETPHIX_DEV/Desktop/crypto-trading-broker/.venv/lib/python3.13/site-packages/django/utils/autoreload.py:265 - /Users/NETPHIX_DEV/Desktop/crypto-trading-broker/copy_trading/models.py changed, reloading.
[2025-12-01 02:51:20,699] INFO django.utils.autoreload /Users/NETPHIX_DEV/Desktop/crypto-trading-broker/.venv/lib/python3.13/site-packages/django/utils/autoreload.py:265 - /Users/NETPHIX_DEV/Desktop/crypto-trading-broker/copy_trading/models.py changed, reloading.
[2025-12-01 02:51:21,981] INFO django.utils.autoreload /Users/NETPHIX_DEV/Desktop/crypto-trading-broker/.venv/lib/python3.13/site-packages/django/utils/autoreload.py:667 - Watching for file changes with StatReloader
[2025-12-01 02:51:21,981] INFO django.utils.autoreload /Users/NETPHIX_DEV/Desktop/crypto-trading-broker/.venv/lib/python3.13/site-packages/django/utils/autoreload.py:667 - Watching for file changes with StatReloader
[2025-12-01 02:51:35,512] INFO django.utils.autoreload /Users/NETPHIX_DEV/Desktop/crypto-trading-broker/.venv/lib/python3.13/site-packages/django/utils/autoreload.py:265 - /Users/NETPHIX_DEV/Desktop/crypto-trading-broker/copy_trading/models.py changed, reloading.
[2025-12-01 02:51:35,517] INFO django.utils.autoreload /Users/NETPHIX_DEV/Desktop/crypto-trading-broker/.venv/lib/python3.13/site-packages/django/utils/autoreload.py:265 - /Users/NETPHIX_DEV/Desktop/crypto-trading-broker/copy_trading/models.py changed, reloading.
[2025-12-01 02:51:37,219] INFO django.utils.autoreload /Users/NETPHIX_DEV/Desktop/crypto-trading-broker/.venv/lib/python3.13/site-packages/django/utils/autoreload.py:667 - Watching for file changes with StatReloader
[2025-12-01 02:51:37,219] INFO django.utils.autoreload /Users/NETPHIX_DEV/Desktop/crypto-trading-broker/.venv/lib/python3.13/site-packages/django/utils/autoreload.py:667 - Watching for file changes with StatReloader
[2025-12-01 02:52:00,591] INFO django.server /Users/NETPHIX_DEV/Desktop/crypto-trading-broker/.venv/lib/python3.13/site-packages/django/core/servers/basehttp.py:213 - "POST /api/v1/cron/execute-orders/?token=5Pm-SoiK_WTo2hU1sfsprv4qaUTqp_s0rdbdag45k9M= HTTP/1.1" 200 168
[2025-12-01 02:52:00,626] INFO django.server /Users/NETPHIX_DEV/Desktop/crypto-trading-broker/.venv/lib/python3.13/site-packages/django/core/servers/basehttp.py:213 - "POST /api/v1/cron/expire-orders/?token=5Pm-SoiK_WTo2hU1sfsprv4qaUTqp_s0rdbdag45k9M= HTTP/1.1" 200 131
[2025-12-01 02:52:09,509] INFO django.server /Users/NETPHIX_DEV/Desktop/crypto-trading-broker/.venv/lib/python3.13/site-packages/django/core/servers/basehttp.py:213 - "POST /api/v1/cron/update-positions/?token=5Pm-SoiK_WTo2hU1sfsprv4qaUTqp_s0rdbdag45k9M= HTTP/1.1" 200 369
[2025-12-01 02:52:13,268] INFO django.utils.autoreload /Users/NETPHIX_DEV/Desktop/crypto-trading-broker/.venv/lib/python3.13/site-packages/django/utils/autoreload.py:265 - /Users/NETPHIX_DEV/Desktop/crypto-trading-broker/copy_trading/models.py changed, reloading.
[2025-12-01 02:52:13,603] INFO django.utils.autoreload /Users/NETPHIX_DEV/Desktop/crypto-trading-broker/.venv/lib/python3.13/site-packages/django/utils/autoreload.py:265 - /Users/NETPHIX_DEV/Desktop/crypto-trading-broker/copy_trading/models.py changed, reloading.
[2025-12-01 02:52:14,899] INFO django.utils.autoreload /Users/NETPHIX_DEV/Desktop/crypto-trading-broker/.venv/lib/python3.13/site-packages/django/utils/autoreload.py:667 - Watching for file changes with StatReloader
[2025-12-01 02:52:14,956] INFO django.utils.autoreload /Users/NETPHIX_DEV/Desktop/crypto-trading-broker/.venv/lib/python3.13/site-packages/django/utils/autoreload.py:667 - Watching for file changes with StatReloader
[2025-12-01 02:52:17,288] INFO django.utils.autoreload /Users/NETPHIX_DEV/Desktop/crypto-trading-broker/.venv/lib/python3.13/site-packages/django/utils/autoreload.py:265 - /Users/NETPHIX_DEV/Desktop/crypto-trading-broker/copy_trading/models.py changed, reloading.
[2025-12-01 02:52:17,320] INFO django.utils.autoreload /Users/NETPHIX_DEV/Desktop/crypto-trading-broker/.venv/lib/python3.13/site-packages/django/utils/autoreload.py:265 - /Users/NETPHIX_DEV/Desktop/crypto-trading-broker/copy_trading/models.py changed, reloading.
[2025-12-01 02:52:18,293] INFO django.utils.autoreload /Users/NETPHIX_DEV/Desktop/crypto-trading-broker/.venv/lib/python3.13/site-packages/django/utils/autoreload.py:667 - Watching for file changes with StatReloader
[2025-12-01 02:52:18,313] INFO django.utils.autoreload /Users/NETPHIX_DEV/Desktop/crypto-trading-broker/.venv/lib/python3.13/site-packages/django/utils/autoreload.py:667 - Watching for file changes with StatReloader
[2025-12-01 02:52:22,711] INFO django.utils.autoreload /Users/NETPHIX_DEV/Desktop/crypto-trading-broker/.venv/lib/python3.13/site-packages/django/utils/autoreload.py:265 - /Users/NETPHIX_DEV/Desktop/crypto-trading-broker/copy_trading/models.py changed, reloading.
[2025-12-01 02:52:22,717] INFO django.utils.autoreload /Users/NETPHIX_DEV/Desktop/crypto-trading-broker/.venv/lib/python3.13/site-packages/django/utils/autoreload.py:265 - /Users/NETPHIX_DEV/Desktop/crypto-trading-broker/copy_trading/models.py changed, reloading.
[2025-12-01 02:52:23,793] INFO django.utils.autoreload /Users/NETPHIX_DEV/Desktop/crypto-trading-broker/.venv/lib/python3.13/site-packages/django/utils/autoreload.py:667 - Watching for file changes with StatReloader
[2025-12-01 02:52:23,793] INFO django.utils.autoreload /Users/NETPHIX_DEV/Desktop/crypto-trading-broker/.venv/lib/python3.13/site-packages/django/utils/autoreload.py:667 - Watching for file changes with StatReloader
[2025-12-01 02:52:39,447] INFO django.utils.autoreload /Users/NETPHIX_DEV/Desktop/crypto-trading-broker/.venv/lib/python3.13/site-packages/django/utils/autoreload.py:265 - /Users/NETPHIX_DEV/Desktop/crypto-trading-broker/copy_trading/models.py changed, reloading.
[2025-12-01 02:52:39,454] INFO django.utils.autoreload /Users/NETPHIX_DEV/Desktop/crypto-trading-broker/.venv/lib/python3.13/site-packages/django/utils/autoreload.py:265 - /Users/NETPHIX_DEV/Desktop/crypto-trading-broker/copy_trading/models.py changed, reloading.
[2025-12-01 02:52:40,532] INFO django.utils.autoreload /Users/NETPHIX_DEV/Desktop/crypto-trading-broker/.venv/lib/python3.13/site-packages/django/utils/autoreload.py:667 - Watching for file changes with StatReloader
[2025-12-01 02:52:40,535] INFO django.utils.autoreload /Users/NETPHIX_DEV/Desktop/crypto-trading-broker/.venv/lib/python3.13/site-packages/django/utils/autoreload.py:667 - Watching for file changes with StatReloader
[2025-12-01 02:52:51,040] INFO django.utils.autoreload /Users/NETPHIX_DEV/Desktop/crypto-trading-broker/.venv/lib/python3.13/site-packages/django/utils/autoreload.py:265 - /Users/NETPHIX_DEV/Desktop/crypto-trading-broker/copy_trading/models.py changed, reloading.
[2025-12-01 02:52:51,040] INFO django.utils.autoreload /Users/NETPHIX_DEV/Desktop/crypto-trading-broker/.venv/lib/python3.13/site-packages/django/utils/autoreload.py:265 - /Users/NETPHIX_DEV/Desktop/crypto-trading-broker/copy_trading/models.py changed, reloading.
[2025-12-01 02:52:52,177] INFO django.utils.autoreload /Users/NETPHIX_DEV/Desktop/crypto-trading-broker/.venv/lib/python3.13/site-packages/django/utils/autoreload.py:667 - Watching for file changes with StatReloader
[2025-12-01 02:52:52,195] INFO django.utils.autoreload /Users/NETPHIX_DEV/Desktop/crypto-trading-broker/.venv/lib/python3.13/site-packages/django/utils/autoreload.py:667 - Watching for file changes with StatReloader
[2025-12-01 02:52:53,526] INFO django.utils.autoreload /Users/NETPHIX_DEV/Desktop/crypto-trading-broker/.venv/lib/python3.13/site-packages/django/utils/autoreload.py:265 - /Users/NETPHIX_DEV/Desktop/crypto-trading-broker/copy_trading/models.py changed, reloading.
[2025-12-01 02:52:53,531] INFO django.utils.autoreload /Users/NETPHIX_DEV/Desktop/crypto-trading-broker/.venv/lib/python3.13/site-packages/django/utils/autoreload.py:265 - /Users/NETPHIX_DEV/Desktop/crypto-trading-broker/copy_trading/models.py changed, reloading.
[2025-12-01 02:52:54,648] INFO django.utils.autoreload /Users/NETPHIX_DEV/Desktop/crypto-trading-broker/.venv/lib/python3.13/site-packages/django/utils/autoreload.py:667 - Watching for file changes with StatReloader
[2025-12-01 02:52:54,649] INFO django.utils.autoreload /Users/NETPHIX_DEV/Desktop/crypto-trading-broker/.venv/lib/python3.13/site-packages/django/utils/autoreload.py:667 - Watching for file changes with StatReloader
[2025-12-01 02:52:56,081] INFO django.utils.autoreload /Users/NETPHIX_DEV/Desktop/crypto-trading-broker/.venv/lib/python3.13/site-packages/django/utils/autoreload.py:265 - /Users/NETPHIX_DEV/Desktop/crypto-trading-broker/copy_trading/models.py changed, reloading.
[2025-12-01 02:52:56,082] INFO django.utils.autoreload /Users/NETPHIX_DEV/Desktop/crypto-trading-broker/.venv/lib/python3.13/site-packages/django/utils/autoreload.py:265 - /Users/NETPHIX_DEV/Desktop/crypto-trading-broker/copy_trading/models.py changed, reloading.
[2025-12-01 02:52:57,153] INFO django.utils.autoreload /Users/NETPHIX_DEV/Desktop/crypto-trading-broker/.venv/lib/python3.13/site-packages/django/utils/autoreload.py:667 - Watching for file changes with StatReloader
[2025-12-01 02:52:57,153] INFO django.utils.autoreload /Users/NETPHIX_DEV/Desktop/crypto-trading-broker/.venv/lib/python3.13/site-packages/django/utils/autoreload.py:667 - Watching for file changes with StatReloader
[2025-12-01 02:52:58,526] INFO django.utils.autoreload /Users/NETPHIX_DEV/Desktop/crypto-trading-broker/.venv/lib/python3.13/site-packages/django/utils/autoreload.py:265 - /Users/NETPHIX_DEV/Desktop/crypto-trading-broker/copy_trading/models.py changed, reloading.
[2025-12-01 02:52:58,533] INFO django.utils.autoreload /Users/NETPHIX_DEV/Desktop/crypto-trading-broker/.venv/lib/python3.13/site-packages/django/utils/autoreload.py:265 - /Users/NETPHIX_DEV/Desktop/crypto-trading-broker/copy_trading/models.py changed, reloading.
[2025-12-01 02:52:59,686] INFO django.utils.autoreload /Users/NETPHIX_DEV/Desktop/crypto-trading-broker/.venv/lib/python3.13/site-packages/django/utils/autoreload.py:667 - Watching for file changes with StatReloader
[2025-12-01 02:52:59,686] INFO django.utils.autoreload /Users/NETPHIX_DEV/Desktop/crypto-trading-broker/.venv/lib/python3.13/site-packages/django/utils/autoreload.py:667 - Watching for file changes with StatReloader
[2025-12-01 02:53:58,687] INFO django.utils.autoreload /Users/NETPHIX_DEV/Desktop/crypto-trading-broker/.venv/lib/python3.13/site-packages/django/utils/autoreload.py:265 - /Users/NETPHIX_DEV/Desktop/crypto-trading-broker/copy_trading/serializers.py changed, reloading.
[2025-12-01 02:53:58,735] INFO django.utils.autoreload /Users/NETPHIX_DEV/Desktop/crypto-trading-broker/.venv/lib/python3.13/site-packages/django/utils/autoreload.py:265 - /Users/NETPHIX_DEV/Desktop/crypto-trading-broker/copy_trading/serializers.py changed, reloading.
[2025-12-01 02:54:00,723] INFO django.utils.autoreload /Users/NETPHIX_DEV/Desktop/crypto-trading-broker/.venv/lib/python3.13/site-packages/django/utils/autoreload.py:667 - Watching for file changes with StatReloader
[2025-12-01 02:54:00,723] INFO django.utils.autoreload /Users/NETPHIX_DEV/Desktop/crypto-trading-broker/.venv/lib/python3.13/site-packages/django/utils/autoreload.py:667 - Watching for file changes with StatReloader
[2025-12-01 02:54:46,380] INFO django.utils.autoreload /Users/NETPHIX_DEV/Desktop/crypto-trading-broker/.venv/lib/python3.13/site-packages/django/utils/autoreload.py:265 - /Users/NETPHIX_DEV/Desktop/crypto-trading-broker/copy_trading/models.py changed, reloading.
[2025-12-01 02:54:46,380] INFO django.utils.autoreload /Users/NETPHIX_DEV/Desktop/crypto-trading-broker/.venv/lib/python3.13/site-packages/django/utils/autoreload.py:265 - /Users/NETPHIX_DEV/Desktop/crypto-trading-broker/copy_trading/models.py changed, reloading.
[2025-12-01 02:54:48,003] INFO django.utils.autoreload /Users/NETPHIX_DEV/Desktop/crypto-trading-broker/.venv/lib/python3.13/site-packages/django/utils/autoreload.py:667 - Watching for file changes with StatReloader
[2025-12-01 02:54:48,003] INFO django.utils.autoreload /Users/NETPHIX_DEV/Desktop/crypto-trading-broker/.venv/lib/python3.13/site-packages/django/utils/autoreload.py:667 - Watching for file changes with StatReloader
[2025-12-01 02:55:00,517] INFO django.server /Users/NETPHIX_DEV/Desktop/crypto-trading-broker/.venv/lib/python3.13/site-packages/django/core/servers/basehttp.py:213 - "POST /api/v1/cron/execute-orders/?token=5Pm-SoiK_WTo2hU1sfsprv4qaUTqp_s0rdbdag45k9M= HTTP/1.1" 200 168
[2025-12-01 02:55:00,589] INFO django.server /Users/NETPHIX_DEV/Desktop/crypto-trading-broker/.venv/lib/python3.13/site-packages/django/core/servers/basehttp.py:213 - "POST /api/v1/cron/expire-orders/?token=5Pm-SoiK_WTo2hU1sfsprv4qaUTqp_s0rdbdag45k9M= HTTP/1.1" 200 131
[2025-12-01 02:55:09,507] INFO django.server /Users/NETPHIX_DEV/Desktop/crypto-trading-broker/.venv/lib/python3.13/site-packages/django/core/servers/basehttp.py:213 - "POST /api/v1/cron/update-positions/?token=5Pm-SoiK_WTo2hU1sfsprv4qaUTqp_s0rdbdag45k9M= HTTP/1.1" 200 369
[2025-12-01 02:55:30,438] INFO django.utils.autoreload /Users/NETPHIX_DEV/Desktop/crypto-trading-broker/.venv/lib/python3.13/site-packages/django/utils/autoreload.py:265 - /Users/NETPHIX_DEV/Desktop/crypto-trading-broker/copy_trading/models.py changed, reloading.
[2025-12-01 02:55:31,072] INFO django.utils.autoreload /Users/NETPHIX_DEV/Desktop/crypto-trading-broker/.venv/lib/python3.13/site-packages/django/utils/autoreload.py:265 - /Users/NETPHIX_DEV/Desktop/crypto-trading-broker/copy_trading/models.py changed, reloading.
[2025-12-01 02:55:31,751] INFO django.utils.autoreload /Users/NETPHIX_DEV/Desktop/crypto-trading-broker/.venv/lib/python3.13/site-packages/django/utils/autoreload.py:667 - Watching for file changes with StatReloader
[2025-12-01 02:55:32,368] INFO django.utils.autoreload /Users/NETPHIX_DEV/Desktop/crypto-trading-broker/.venv/lib/python3.13/site-packages/django/utils/autoreload.py:667 - Watching for file changes with StatReloader
[2025-12-01 02:55:44,287] INFO django.utils.autoreload /Users/NETPHIX_DEV/Desktop/crypto-trading-broker/.venv/lib/python3.13/site-packages/django/utils/autoreload.py:265 - /Users/NETPHIX_DEV/Desktop/crypto-trading-broker/copy_trading/models.py changed, reloading.
[2025-12-01 02:55:44,743] INFO django.utils.autoreload /Users/NETPHIX_DEV/Desktop/crypto-trading-broker/.venv/lib/python3.13/site-packages/django/utils/autoreload.py:265 - /Users/NETPHIX_DEV/Desktop/crypto-trading-broker/copy_trading/models.py changed, reloading.
[2025-12-01 02:55:45,664] INFO django.utils.autoreload /Users/NETPHIX_DEV/Desktop/crypto-trading-broker/.venv/lib/python3.13/site-packages/django/utils/autoreload.py:667 - Watching for file changes with StatReloader
[2025-12-01 02:55:46,152] INFO django.utils.autoreload /Users/NETPHIX_DEV/Desktop/crypto-trading-broker/.venv/lib/python3.13/site-packages/django/utils/autoreload.py:667 - Watching for file changes with StatReloader
[2025-12-01 02:56:00,590] INFO django.server /Users/NETPHIX_DEV/Desktop/crypto-trading-broker/.venv/lib/python3.13/site-packages/django/core/servers/basehttp.py:213 - "POST /api/v1/cron/execute-orders/?token=5Pm-SoiK_WTo2hU1sfsprv4qaUTqp_s0rdbdag45k9M= HTTP/1.1" 200 168
[2025-12-01 02:56:01,130] INFO django.server /Users/NETPHIX_DEV/Desktop/crypto-trading-broker/.venv/lib/python3.13/site-packages/django/core/servers/basehttp.py:213 - "POST /api/v1/cron/expire-orders/?token=5Pm-SoiK_WTo2hU1sfsprv4qaUTqp_s0rdbdag45k9M= HTTP/1.1" 200 131
[2025-12-01 02:56:02,425] INFO django.utils.autoreload /Users/NETPHIX_DEV/Desktop/crypto-trading-broker/.venv/lib/python3.13/site-packages/django/utils/autoreload.py:265 - /Users/NETPHIX_DEV/Desktop/crypto-trading-broker/copy_trading/serializers.py changed, reloading.
[2025-12-01 02:56:02,440] INFO django.utils.autoreload /Users/NETPHIX_DEV/Desktop/crypto-trading-broker/.venv/lib/python3.13/site-packages/django/utils/autoreload.py:265 - /Users/NETPHIX_DEV/Desktop/crypto-trading-broker/copy_trading/serializers.py changed, reloading.
[2025-12-01 02:56:03,948] INFO django.utils.autoreload /Users/NETPHIX_DEV/Desktop/crypto-trading-broker/.venv/lib/python3.13/site-packages/django/utils/autoreload.py:667 - Watching for file changes with StatReloader
[2025-12-01 02:56:03,948] INFO django.utils.autoreload /Users/NETPHIX_DEV/Desktop/crypto-trading-broker/.venv/lib/python3.13/site-packages/django/utils/autoreload.py:667 - Watching for file changes with StatReloader
[2025-12-01 02:56:06,604] INFO django.utils.autoreload /Users/NETPHIX_DEV/Desktop/crypto-trading-broker/.venv/lib/python3.13/site-packages/django/utils/autoreload.py:265 - /Users/NETPHIX_DEV/Desktop/crypto-trading-broker/copy_trading/serializers.py changed, reloading.
[2025-12-01 02:56:06,608] INFO django.utils.autoreload /Users/NETPHIX_DEV/Desktop/crypto-trading-broker/.venv/lib/python3.13/site-packages/django/utils/autoreload.py:265 - /Users/NETPHIX_DEV/Desktop/crypto-trading-broker/copy_trading/serializers.py changed, reloading.
[2025-12-01 02:56:08,077] INFO django.utils.autoreload /Users/NETPHIX_DEV/Desktop/crypto-trading-broker/.venv/lib/python3.13/site-packages/django/utils/autoreload.py:667 - Watching for file changes with StatReloader
[2025-12-01 02:56:08,078] INFO django.utils.autoreload /Users/NETPHIX_DEV/Desktop/crypto-trading-broker/.venv/lib/python3.13/site-packages/django/utils/autoreload.py:667 - Watching for file changes with StatReloader
[2025-12-01 02:56:16,562] INFO django.utils.autoreload /Users/NETPHIX_DEV/Desktop/crypto-trading-broker/.venv/lib/python3.13/site-packages/django/utils/autoreload.py:265 - /Users/NETPHIX_DEV/Desktop/crypto-trading-broker/copy_trading/serializers.py changed, reloading.
[2025-12-01 02:56:16,569] INFO django.utils.autoreload /Users/NETPHIX_DEV/Desktop/crypto-trading-broker/.venv/lib/python3.13/site-packages/django/utils/autoreload.py:265 - /Users/NETPHIX_DEV/Desktop/crypto-trading-broker/copy_trading/serializers.py changed, reloading.
[2025-12-01 02:56:18,204] INFO django.utils.autoreload /Users/NETPHIX_DEV/Desktop/crypto-trading-broker/.venv/lib/python3.13/site-packages/django/utils/autoreload.py:667 - Watching for file changes with StatReloader
[2025-12-01 02:56:18,204] INFO django.utils.autoreload /Users/NETPHIX_DEV/Desktop/crypto-trading-broker/.venv/lib/python3.13/site-packages/django/utils/autoreload.py:667 - Watching for file changes with StatReloader
[2025-12-01 02:56:29,598] INFO django.utils.autoreload /Users/NETPHIX_DEV/Desktop/crypto-trading-broker/.venv/lib/python3.13/site-packages/django/utils/autoreload.py:265 - /Users/NETPHIX_DEV/Desktop/crypto-trading-broker/copy_trading/serializers.py changed, reloading.
[2025-12-01 02:56:29,611] INFO django.utils.autoreload /Users/NETPHIX_DEV/Desktop/crypto-trading-broker/.venv/lib/python3.13/site-packages/django/utils/autoreload.py:265 - /Users/NETPHIX_DEV/Desktop/crypto-trading-broker/copy_trading/serializers.py changed, reloading.
[2025-12-01 02:56:31,070] INFO django.utils.autoreload /Users/NETPHIX_DEV/Desktop/crypto-trading-broker/.venv/lib/python3.13/site-packages/django/utils/autoreload.py:667 - Watching for file changes with StatReloader
[2025-12-01 02:56:31,070] INFO django.utils.autoreload /Users/NETPHIX_DEV/Desktop/crypto-trading-broker/.venv/lib/python3.13/site-packages/django/utils/autoreload.py:667 - Watching for file changes with StatReloader
[2025-12-01 02:56:40,472] INFO django.utils.autoreload /Users/NETPHIX_DEV/Desktop/crypto-trading-broker/.venv/lib/python3.13/site-packages/django/utils/autoreload.py:265 - /Users/NETPHIX_DEV/Desktop/crypto-trading-broker/copy_trading/serializers.py changed, reloading.
[2025-12-01 02:56:40,474] INFO django.utils.autoreload /Users/NETPHIX_DEV/Desktop/crypto-trading-broker/.venv/lib/python3.13/site-packages/django/utils/autoreload.py:265 - /Users/NETPHIX_DEV/Desktop/crypto-trading-broker/copy_trading/serializers.py changed, reloading.
[2025-12-01 02:56:41,942] INFO django.utils.autoreload /Users/NETPHIX_DEV/Desktop/crypto-trading-broker/.venv/lib/python3.13/site-packages/django/utils/autoreload.py:667 - Watching for file changes with StatReloader
[2025-12-01 02:56:41,947] INFO django.utils.autoreload /Users/NETPHIX_DEV/Desktop/crypto-trading-broker/.venv/lib/python3.13/site-packages/django/utils/autoreload.py:667 - Watching for file changes with StatReloader
[2025-12-01 02:57:00,756] INFO django.server /Users/NETPHIX_DEV/Desktop/crypto-trading-broker/.venv/lib/python3.13/site-packages/django/core/servers/basehttp.py:213 - "POST /api/v1/cron/expire-orders/?token=5Pm-SoiK_WTo2hU1sfsprv4qaUTqp_s0rdbdag45k9M= HTTP/1.1" 200 131
[2025-12-01 02:57:00,756] INFO django.server /Users/NETPHIX_DEV/Desktop/crypto-trading-broker/.venv/lib/python3.13/site-packages/django/core/servers/basehttp.py:213 - "POST /api/v1/cron/execute-orders/?token=5Pm-SoiK_WTo2hU1sfsprv4qaUTqp_s0rdbdag45k9M= HTTP/1.1" 200 168
[2025-12-01 02:57:09,848] INFO django.server /Users/NETPHIX_DEV/Desktop/crypto-trading-broker/.venv/lib/python3.13/site-packages/django/core/servers/basehttp.py:213 - "POST /api/v1/cron/update-positions/?token=5Pm-SoiK_WTo2hU1sfsprv4qaUTqp_s0rdbdag45k9M= HTTP/1.1" 200 369
[2025-12-01 02:57:10,707] INFO django.utils.autoreload /Users/NETPHIX_DEV/Desktop/crypto-trading-broker/.venv/lib/python3.13/site-packages/django/utils/autoreload.py:265 - /Users/NETPHIX_DEV/Desktop/crypto-trading-broker/copy_trading/serializers.py changed, reloading.
[2025-12-01 02:57:11,088] INFO django.utils.autoreload /Users/NETPHIX_DEV/Desktop/crypto-trading-broker/.venv/lib/python3.13/site-packages/django/utils/autoreload.py:265 - /Users/NETPHIX_DEV/Desktop/crypto-trading-broker/copy_trading/serializers.py changed, reloading.
[2025-12-01 02:57:12,257] INFO django.utils.autoreload /Users/NETPHIX_DEV/Desktop/crypto-trading-broker/.venv/lib/python3.13/site-packages/django/utils/autoreload.py:667 - Watching for file changes with StatReloader
[2025-12-01 02:57:12,620] INFO django.utils.autoreload /Users/NETPHIX_DEV/Desktop/crypto-trading-broker/.venv/lib/python3.13/site-packages/django/utils/autoreload.py:667 - Watching for file changes with StatReloader
[2025-12-01 02:57:16,289] INFO django.utils.autoreload /Users/NETPHIX_DEV/Desktop/crypto-trading-broker/.venv/lib/python3.13/site-packages/django/utils/autoreload.py:265 - /Users/NETPHIX_DEV/Desktop/crypto-trading-broker/copy_trading/serializers.py changed, reloading.
[2025-12-01 02:57:16,868] INFO django.utils.autoreload /Users/NETPHIX_DEV/Desktop/crypto-trading-broker/.venv/lib/python3.13/site-packages/django/utils/autoreload.py:265 - /Users/NETPHIX_DEV/Desktop/crypto-trading-broker/copy_trading/serializers.py changed, reloading.
[2025-12-01 02:57:17,681] INFO django.utils.autoreload /Users/NETPHIX_DEV/Desktop/crypto-trading-broker/.venv/lib/python3.13/site-packages/django/utils/autoreload.py:667 - Watching for file changes with StatReloader
[2025-12-01 02:57:18,246] INFO django.utils.autoreload /Users/NETPHIX_DEV/Desktop/crypto-trading-broker/.venv/lib/python3.13/site-packages/django/utils/autoreload.py:667 - Watching for file changes with StatReloader
[2025-12-01 02:58:00,725] INFO django.server /Users/NETPHIX_DEV/Desktop/crypto-trading-broker/.venv/lib/python3.13/site-packages/django/core/servers/basehttp.py:213 - "POST /api/v1/cron/execute-orders/?token=5Pm-SoiK_WTo2hU1sfsprv4qaUTqp_s0rdbdag45k9M= HTTP/1.1" 200 168
[2025-12-01 02:58:00,727] INFO django.server /Users/NETPHIX_DEV/Desktop/crypto-trading-broker/.venv/lib/python3.13/site-packages/django/core/servers/basehttp.py:213 - "POST /api/v1/cron/expire-orders/?token=5Pm-SoiK_WTo2hU1sfsprv4qaUTqp_s0rdbdag45k9M= HTTP/1.1" 200 131
[2025-12-01 02:58:09,648] INFO django.server /Users/NETPHIX_DEV/Desktop/crypto-trading-broker/.venv/lib/python3.13/site-packages/django/core/servers/basehttp.py:213 - "POST /api/v1/cron/update-positions/?token=5Pm-SoiK_WTo2hU1sfsprv4qaUTqp_s0rdbdag45k9M= HTTP/1.1" 200 369
[2025-12-01 02:59:00,691] INFO django.server /Users/NETPHIX_DEV/Desktop/crypto-trading-broker/.venv/lib/python3.13/site-packages/django/core/servers/basehttp.py:213 - "POST /api/v1/cron/expire-orders/?token=5Pm-SoiK_WTo2hU1sfsprv4qaUTqp_s0rdbdag45k9M= HTTP/1.1" 200 131
[2025-12-01 02:59:00,735] INFO django.server /Users/NETPHIX_DEV/Desktop/crypto-trading-broker/.venv/lib/python3.13/site-packages/django/core/servers/basehttp.py:213 - "POST /api/v1/cron/execute-orders/?token=5Pm-SoiK_WTo2hU1sfsprv4qaUTqp_s0rdbdag45k9M= HTTP/1.1" 200 168
[2025-12-01 02:59:07,066] INFO django.server /Users/NETPHIX_DEV/Desktop/crypto-trading-broker/.venv/lib/python3.13/site-packages/django/core/servers/basehttp.py:213 - "POST /api/v1/cron/update-positions/?token=5Pm-SoiK_WTo2hU1sfsprv4qaUTqp_s0rdbdag45k9M= HTTP/1.1" 200 369
[2025-12-01 03:00:03,629] INFO django.server /Users/NETPHIX_DEV/Desktop/crypto-trading-broker/.venv/lib/python3.13/site-packages/django/core/servers/basehttp.py:213 - "POST /api/v1/cron/expire-orders/?token=5Pm-SoiK_WTo2hU1sfsprv4qaUTqp_s0rdbdag45k9M= HTTP/1.1" 200 131
[2025-12-01 03:00:04,183] INFO django.server /Users/NETPHIX_DEV/Desktop/crypto-trading-broker/.venv/lib/python3.13/site-packages/django/core/servers/basehttp.py:213 - "POST /api/v1/cron/execute-orders/?token=5Pm-SoiK_WTo2hU1sfsprv4qaUTqp_s0rdbdag45k9M= HTTP/1.1" 200 168
[2025-12-01 03:00:12,662] INFO django.server /Users/NETPHIX_DEV/Desktop/crypto-trading-broker/.venv/lib/python3.13/site-packages/django/core/servers/basehttp.py:213 - "POST /api/v1/cron/update-positions/?token=5Pm-SoiK_WTo2hU1sfsprv4qaUTqp_s0rdbdag45k9M= HTTP/1.1" 200 369
[2025-12-01 03:01:00,585] INFO django.server /Users/NETPHIX_DEV/Desktop/crypto-trading-broker/.venv/lib/python3.13/site-packages/django/core/servers/basehttp.py:213 - "POST /api/v1/cron/execute-orders/?token=5Pm-SoiK_WTo2hU1sfsprv4qaUTqp_s0rdbdag45k9M= HTTP/1.1" 200 168
[2025-12-01 03:01:01,034] INFO django.server /Users/NETPHIX_DEV/Desktop/crypto-trading-broker/.venv/lib/python3.13/site-packages/django/core/servers/basehttp.py:213 - "POST /api/v1/cron/expire-orders/?token=5Pm-SoiK_WTo2hU1sfsprv4qaUTqp_s0rdbdag45k9M= HTTP/1.1" 200 131
[2025-12-01 03:01:05,595] INFO django.server /Users/NETPHIX_DEV/Desktop/crypto-trading-broker/.venv/lib/python3.13/site-packages/django/core/servers/basehttp.py:213 - "POST /api/v1/cron/update-positions/?token=5Pm-SoiK_WTo2hU1sfsprv4qaUTqp_s0rdbdag45k9M= HTTP/1.1" 200 369
[2025-12-01 03:02:00,289] INFO django.server /Users/NETPHIX_DEV/Desktop/crypto-trading-broker/.venv/lib/python3.13/site-packages/django/core/servers/basehttp.py:213 - "POST /api/v1/cron/expire-orders/?token=5Pm-SoiK_WTo2hU1sfsprv4qaUTqp_s0rdbdag45k9M= HTTP/1.1" 200 131
[2025-12-01 03:02:01,213] INFO django.server /Users/NETPHIX_DEV/Desktop/crypto-trading-broker/.venv/lib/python3.13/site-packages/django/core/servers/basehttp.py:213 - "POST /api/v1/cron/execute-orders/?token=5Pm-SoiK_WTo2hU1sfsprv4qaUTqp_s0rdbdag45k9M= HTTP/1.1" 200 168
[2025-12-01 03:02:04,570] INFO django.utils.autoreload /Users/NETPHIX_DEV/Desktop/crypto-trading-broker/.venv/lib/python3.13/site-packages/django/utils/autoreload.py:265 - /Users/NETPHIX_DEV/Desktop/crypto-trading-broker/copy_trading/serializers.py changed, reloading.
[2025-12-01 03:02:04,781] INFO django.utils.autoreload /Users/NETPHIX_DEV/Desktop/crypto-trading-broker/.venv/lib/python3.13/site-packages/django/utils/autoreload.py:265 - /Users/NETPHIX_DEV/Desktop/crypto-trading-broker/copy_trading/serializers.py changed, reloading.
[2025-12-01 03:02:07,851] INFO django.utils.autoreload /Users/NETPHIX_DEV/Desktop/crypto-trading-broker/.venv/lib/python3.13/site-packages/django/utils/autoreload.py:667 - Watching for file changes with StatReloader
[2025-12-01 03:02:07,851] INFO django.utils.autoreload /Users/NETPHIX_DEV/Desktop/crypto-trading-broker/.venv/lib/python3.13/site-packages/django/utils/autoreload.py:667 - Watching for file changes with StatReloader
[2025-12-01 03:02:34,749] INFO django.utils.autoreload /Users/NETPHIX_DEV/Desktop/crypto-trading-broker/.venv/lib/python3.13/site-packages/django/utils/autoreload.py:265 - /Users/NETPHIX_DEV/Desktop/crypto-trading-broker/copy_trading/serializers.py changed, reloading.
[2025-12-01 03:02:34,752] INFO django.utils.autoreload /Users/NETPHIX_DEV/Desktop/crypto-trading-broker/.venv/lib/python3.13/site-packages/django/utils/autoreload.py:265 - /Users/NETPHIX_DEV/Desktop/crypto-trading-broker/copy_trading/serializers.py changed, reloading.
[2025-12-01 03:02:37,300] INFO django.utils.autoreload /Users/NETPHIX_DEV/Desktop/crypto-trading-broker/.venv/lib/python3.13/site-packages/django/utils/autoreload.py:667 - Watching for file changes with StatReloader
[2025-12-01 03:02:37,300] INFO django.utils.autoreload /Users/NETPHIX_DEV/Desktop/crypto-trading-broker/.venv/lib/python3.13/site-packages/django/utils/autoreload.py:667 - Watching for file changes with StatReloader
[2025-12-01 03:03:00,752] INFO django.server /Users/NETPHIX_DEV/Desktop/crypto-trading-broker/.venv/lib/python3.13/site-packages/django/core/servers/basehttp.py:213 - "POST /api/v1/cron/expire-orders/?token=5Pm-SoiK_WTo2hU1sfsprv4qaUTqp_s0rdbdag45k9M= HTTP/1.1" 200 131
[2025-12-01 03:03:00,821] INFO django.server /Users/NETPHIX_DEV/Desktop/crypto-trading-broker/.venv/lib/python3.13/site-packages/django/core/servers/basehttp.py:213 - "POST /api/v1/cron/execute-orders/?token=5Pm-SoiK_WTo2hU1sfsprv4qaUTqp_s0rdbdag45k9M= HTTP/1.1" 200 168
[2025-12-01 03:03:09,575] INFO django.server /Users/NETPHIX_DEV/Desktop/crypto-trading-broker/.venv/lib/python3.13/site-packages/django/core/servers/basehttp.py:213 - "POST /api/v1/cron/update-positions/?token=5Pm-SoiK_WTo2hU1sfsprv4qaUTqp_s0rdbdag45k9M= HTTP/1.1" 200 369
[2025-12-01 03:04:00,674] INFO django.server /Users/NETPHIX_DEV/Desktop/crypto-trading-broker/.venv/lib/python3.13/site-packages/django/core/servers/basehttp.py:213 - "POST /api/v1/cron/expire-orders/?token=5Pm-SoiK_WTo2hU1sfsprv4qaUTqp_s0rdbdag45k9M= HTTP/1.1" 200 131
[2025-12-01 03:04:00,735] INFO django.server /Users/NETPHIX_DEV/Desktop/crypto-trading-broker/.venv/lib/python3.13/site-packages/django/core/servers/basehttp.py:213 - "POST /api/v1/cron/execute-orders/?token=5Pm-SoiK_WTo2hU1sfsprv4qaUTqp_s0rdbdag45k9M= HTTP/1.1" 200 168
[2025-12-01 03:04:05,343] INFO django.server /Users/NETPHIX_DEV/Desktop/crypto-trading-broker/.venv/lib/python3.13/site-packages/django/core/servers/basehttp.py:213 - "POST /api/v1/cron/update-positions/?token=5Pm-SoiK_WTo2hU1sfsprv4qaUTqp_s0rdbdag45k9M= HTTP/1.1" 200 369
[2025-12-01 03:05:00,535] INFO django.server /Users/NETPHIX_DEV/Desktop/crypto-trading-broker/.venv/lib/python3.13/site-packages/django/core/servers/basehttp.py:213 - "POST /api/v1/cron/execute-orders/?token=5Pm-SoiK_WTo2hU1sfsprv4qaUTqp_s0rdbdag45k9M= HTTP/1.1" 200 168
[2025-12-01 03:05:01,250] INFO django.server /Users/NETPHIX_DEV/Desktop/crypto-trading-broker/.venv/lib/python3.13/site-packages/django/core/servers/basehttp.py:213 - "POST /api/v1/cron/expire-orders/?token=5Pm-SoiK_WTo2hU1sfsprv4qaUTqp_s0rdbdag45k9M= HTTP/1.1" 200 131
[2025-12-01 03:05:09,782] INFO django.server /Users/NETPHIX_DEV/Desktop/crypto-trading-broker/.venv/lib/python3.13/site-packages/django/core/servers/basehttp.py:213 - "POST /api/v1/cron/update-positions/?token=5Pm-SoiK_WTo2hU1sfsprv4qaUTqp_s0rdbdag45k9M= HTTP/1.1" 200 369
[2025-12-01 03:05:27,100] INFO django.utils.autoreload /Users/NETPHIX_DEV/Desktop/crypto-trading-broker/.venv/lib/python3.13/site-packages/django/utils/autoreload.py:265 - /Users/NETPHIX_DEV/Desktop/crypto-trading-broker/copy_trading/admin.py changed, reloading.
[2025-12-01 03:05:27,203] INFO django.utils.autoreload /Users/NETPHIX_DEV/Desktop/crypto-trading-broker/.venv/lib/python3.13/site-packages/django/utils/autoreload.py:265 - /Users/NETPHIX_DEV/Desktop/crypto-trading-broker/copy_trading/admin.py changed, reloading.
[2025-12-01 03:05:28,833] INFO django.utils.autoreload /Users/NETPHIX_DEV/Desktop/crypto-trading-broker/.venv/lib/python3.13/site-packages/django/utils/autoreload.py:667 - Watching for file changes with StatReloader
[2025-12-01 03:05:28,833] INFO django.utils.autoreload /Users/NETPHIX_DEV/Desktop/crypto-trading-broker/.venv/lib/python3.13/site-packages/django/utils/autoreload.py:667 - Watching for file changes with StatReloader
[2025-12-01 03:06:00,873] INFO django.server /Users/NETPHIX_DEV/Desktop/crypto-trading-broker/.venv/lib/python3.13/site-packages/django/core/servers/basehttp.py:213 - "POST /api/v1/cron/expire-orders/?token=5Pm-SoiK_WTo2hU1sfsprv4qaUTqp_s0rdbdag45k9M= HTTP/1.1" 200 131
[2025-12-01 03:06:00,886] INFO django.server /Users/NETPHIX_DEV/Desktop/crypto-trading-broker/.venv/lib/python3.13/site-packages/django/core/servers/basehttp.py:213 - "POST /api/v1/cron/execute-orders/?token=5Pm-SoiK_WTo2hU1sfsprv4qaUTqp_s0rdbdag45k9M= HTTP/1.1" 200 168
[2025-12-01 03:06:10,110] INFO django.server /Users/NETPHIX_DEV/Desktop/crypto-trading-broker/.venv/lib/python3.13/site-packages/django/core/servers/basehttp.py:213 - "POST /api/v1/cron/update-positions/?token=5Pm-SoiK_WTo2hU1sfsprv4qaUTqp_s0rdbdag45k9M= HTTP/1.1" 200 369
[2025-12-01 03:07:00,764] INFO django.server /Users/NETPHIX_DEV/Desktop/crypto-trading-broker/.venv/lib/python3.13/site-packages/django/core/servers/basehttp.py:213 - "POST /api/v1/cron/expire-orders/?token=5Pm-SoiK_WTo2hU1sfsprv4qaUTqp_s0rdbdag45k9M= HTTP/1.1" 200 131
[2025-12-01 03:07:00,838] INFO django.server /Users/NETPHIX_DEV/Desktop/crypto-trading-broker/.venv/lib/python3.13/site-packages/django/core/servers/basehttp.py:213 - "POST /api/v1/cron/execute-orders/?token=5Pm-SoiK_WTo2hU1sfsprv4qaUTqp_s0rdbdag45k9M= HTTP/1.1" 200 168
[2025-12-01 03:07:05,611] INFO django.server /Users/NETPHIX_DEV/Desktop/crypto-trading-broker/.venv/lib/python3.13/site-packages/django/core/servers/basehttp.py:213 - "POST /api/v1/cron/update-positions/?token=5Pm-SoiK_WTo2hU1sfsprv4qaUTqp_s0rdbdag45k9M= HTTP/1.1" 200 369
[2025-12-01 03:07:32,999] INFO django.utils.autoreload /Users/NETPHIX_DEV/Desktop/crypto-trading-broker/.venv/lib/python3.13/site-packages/django/utils/autoreload.py:265 - /Users/NETPHIX_DEV/Desktop/crypto-trading-broker/copy_trading/apps.py changed, reloading.
[2025-12-01 03:07:33,229] INFO django.utils.autoreload /Users/NETPHIX_DEV/Desktop/crypto-trading-broker/.venv/lib/python3.13/site-packages/django/utils/autoreload.py:265 - /Users/NETPHIX_DEV/Desktop/crypto-trading-broker/copy_trading/apps.py changed, reloading.
[2025-12-01 03:07:35,027] INFO django.utils.autoreload /Users/NETPHIX_DEV/Desktop/crypto-trading-broker/.venv/lib/python3.13/site-packages/django/utils/autoreload.py:667 - Watching for file changes with StatReloader
[2025-12-01 03:07:35,027] INFO django.utils.autoreload /Users/NETPHIX_DEV/Desktop/crypto-trading-broker/.venv/lib/python3.13/site-packages/django/utils/autoreload.py:667 - Watching for file changes with StatReloader
[2025-12-01 03:07:39,876] INFO django.utils.autoreload /Users/NETPHIX_DEV/Desktop/crypto-trading-broker/.venv/lib/python3.13/site-packages/django/utils/autoreload.py:265 - /Users/NETPHIX_DEV/Desktop/crypto-trading-broker/copy_trading/apps.py changed, reloading.
[2025-12-01 03:07:39,896] INFO django.utils.autoreload /Users/NETPHIX_DEV/Desktop/crypto-trading-broker/.venv/lib/python3.13/site-packages/django/utils/autoreload.py:265 - /Users/NETPHIX_DEV/Desktop/crypto-trading-broker/copy_trading/apps.py changed, reloading.
[2025-12-01 03:07:42,355] INFO django.utils.autoreload /Users/NETPHIX_DEV/Desktop/crypto-trading-broker/.venv/lib/python3.13/site-packages/django/utils/autoreload.py:667 - Watching for file changes with StatReloader
[2025-12-01 03:07:42,360] INFO django.utils.autoreload /Users/NETPHIX_DEV/Desktop/crypto-trading-broker/.venv/lib/python3.13/site-packages/django/utils/autoreload.py:667 - Watching for file changes with StatReloader
[2025-12-01 03:08:00,663] INFO django.server /Users/NETPHIX_DEV/Desktop/crypto-trading-broker/.venv/lib/python3.13/site-packages/django/core/servers/basehttp.py:213 - "POST /api/v1/cron/execute-orders/?token=5Pm-SoiK_WTo2hU1sfsprv4qaUTqp_s0rdbdag45k9M= HTTP/1.1" 200 168
[2025-12-01 03:08:00,845] INFO django.server /Users/NETPHIX_DEV/Desktop/crypto-trading-broker/.venv/lib/python3.13/site-packages/django/core/servers/basehttp.py:213 - "POST /api/v1/cron/expire-orders/?token=5Pm-SoiK_WTo2hU1sfsprv4qaUTqp_s0rdbdag45k9M= HTTP/1.1" 200 131
[2025-12-01 03:08:10,017] INFO django.server /Users/NETPHIX_DEV/Desktop/crypto-trading-broker/.venv/lib/python3.13/site-packages/django/core/servers/basehttp.py:213 - "POST /api/v1/cron/update-positions/?token=5Pm-SoiK_WTo2hU1sfsprv4qaUTqp_s0rdbdag45k9M= HTTP/1.1" 200 369
[2025-12-01 03:08:17,898] INFO django.utils.autoreload /Users/NETPHIX_DEV/Desktop/crypto-trading-broker/.venv/lib/python3.13/site-packages/django/utils/autoreload.py:265 - /Users/NETPHIX_DEV/Desktop/crypto-trading-broker/copy_trading/views.py changed, reloading.
[2025-12-01 03:08:18,198] INFO django.utils.autoreload /Users/NETPHIX_DEV/Desktop/crypto-trading-broker/.venv/lib/python3.13/site-packages/django/utils/autoreload.py:265 - /Users/NETPHIX_DEV/Desktop/crypto-trading-broker/copy_trading/views.py changed, reloading.
[2025-12-01 03:08:21,468] INFO django.utils.autoreload /Users/NETPHIX_DEV/Desktop/crypto-trading-broker/.venv/lib/python3.13/site-packages/django/utils/autoreload.py:667 - Watching for file changes with StatReloader
[2025-12-01 03:08:21,468] INFO django.utils.autoreload /Users/NETPHIX_DEV/Desktop/crypto-trading-broker/.venv/lib/python3.13/site-packages/django/utils/autoreload.py:667 - Watching for file changes with StatReloader
